Title,Initials,Last_Name,Department,Room,Building,Week,Delivery_Day,Product_Code,Product,Quantity_Ordered,,Delivered
Dr,E,Green,Biology,15,Natural Sciences,6,Monday,TPS0002,Abrasives Scotchbrite Red,9,,Yes
Dr,E,Green,Chemistry,15,Natural Sciences,6,Monday,TSS0019,Adhesive Blutack,9,,Yes
Dr,A J,Simpson,Physics,Practical Labs,Nano Technology,6,Monday,TPS0005,Adhesive Superglue,7,,Yes
Miss,T,Leaf,Biology,15,Natural Sciences,6,Monday,TPS0003,Adhesives Araldite,8,,Yes
Dr,E,Green,Chemistry,15,Natural Sciences,6,Monday,TWF0048,Anti-static Cleanser Aerosol Rs 567,2,,Yes
Dr,A J,Simpson,Physics,Practical Labs,Nano Technology,6,Monday,TSS0114,BIC Med Pen Black,1,,Yes
Mr,P J,Armass,Biology,15,Natural Sciences,6,Monday,TES0045,Battery Cr2032,6,,Yes
Dr,E,Green,Chemistry,15,Natural Sciences,6,Monday,TES0043,Battery Studs Miniature,1,,Yes
Dr,E,Green,Biology,15,Natural Sciences,6,Monday,TSS0030,Binder 2-ring A4 Black,8,,Yes
Dr,E,Green,Chemistry,15,Natural Sciences,6,Monday,TSS0046,Book A5 Hardback,1,,Yes
Mr,P J,Armass,Physics,Practical Labs,Nano Technology,6,Monday,TSS0007,Box Diecast 222 X 146 X 55,8,,Yes
Dr,E,Green,Biology,15,Natural Sciences,6,Monday,TSS0003,Box Plastic Hinged Small G3312,8,,Yes
Miss,E,Best,Chemistry,15,Natural Sciences,6,Monday,TPS0012,Brush Art,10,,Yes
Mr,P J,Armass,Physics,Practical Labs,Nano Technology,6,Wednesday,TPS0013,Brush Paint 2,6,,No
Dr,E,Green,Biology,15,Natural Sciences,6,Wednesday,TPS0011,Brush White Nylon Sable,10,,No
Miss,E,Best,Chemistry,15,Natural Sciences,6,Wednesday,TPS0015,Brushes Paint 1,9,,No
Mr,P J,Armass,Biology,15,Natural Sciences,6,Wednesday,THF0082,Cable Network 5mtr,7,,No
Miss,E,Best,Chemistry,15,Natural Sciences,6,Wednesday,TSS0057,Calculator Basic Pocket,2,,No
Mr,S P,Annerman,Physics,Practical Labs,Nano Technology,6,Wednesday,TLS0025,Cleanroom Disposable Gloves XL,8,,No
Mr,P J,Armass,Biology,15,Natural Sciences,6,Wednesday,TLS0018,Cleanroom MOB Cap,8,,No
Miss,E,Best,Chemistry,15,Natural Sciences,6,Wednesday,TLS0019,Cleanroom Overboot,5,,No
Mr,S P,Annerman,Physics,Practical Labs,Nano Technology,6,Wednesday,TLS0020,Cleanroom Respirator Aura Fold Flat,5,,No
Mr,P J,Armass,Biology,15,Natural Sciences,6,Wednesday,TFW0001,Coffee Black 5 Star (1004) (tray of),9,,No
Miss,E,Best,Chemistry,15,Natural Sciences,6,Wednesday,TSS0083,Compass - 100mm (756709),2,,No
Miss,T,Leaf,Biology,15,Natural Sciences,6,Wednesday,TCS0025,Computer Cd Re-writable,7,,No
Miss,E,Best,Chemistry,15,Natural Sciences,6,Wednesday,TCS0024,Computer Cd Writable,3,,No
Mr,S P,Annerman,Physics,Practical Labs,Nano Technology,6,Friday,TLS0021,Coverall Cleanroom Disposable,7,,No
Miss,T,Leaf,Biology,15,Natural Sciences,6,Friday,TES0034,Covers Croc Clip Black,6,,No
Ms,F,Leyshon,Chemistry,15,Natural Sciences,6,Friday,TFW0002,Cups Styroweave 7 Oz,5,,No
Mr,S P,Annerman,Physics,Practical Labs,Nano Technology,6,Friday,TCS0027,DVD+R 8.5 GB Dual Layer,5,,No
Miss,T,Leaf,Biology,15,Natural Sciences,6,Friday,TCS0026,DVD+RW,7,,No
Ms,F,Leyshon,Chemistry,15,Natural Sciences,6,Friday,TSS0074,Document Wallet F/cap Blue,9,,No
Miss,T,Leaf,Biology,15,Natural Sciences,6,Friday,TCS0028,Flash Drive USB 16GB,4,,No
Ms,F,Leyshon,Chemistry,15,Natural Sciences,6,Friday,TCS0029,Flash Drive USB 32GB,8,,No
Mr,S P,Annerman,Physics,Practical Labs,Nano Technology,6,Friday,TLS0008,Gloves Nitrile Large (unit Each),10,,No
Miss,T,Leaf,Biology,15,Natural Sciences,6,Friday,TLS0007,Gloves Nitrile Medium (unit Each),3,,No
Ms,F,Leyshon,Chemistry,15,Natural Sciences,6,Friday,THF0037,M1.6 Stainless Steel Nuts,7,,No
Mr,S P,Annerman,Physics,Practical Labs,Nano Technology,6,Friday,THF0040,M4 Stainless Steel Nuts,2,,No
Dr,E,Green,Biology,15,Natural Sciences,6,Friday,THF0013,M5 Brass Nuts,10,,No
Ms,F,Leyshon,Chemistry,15,Natural Sciences,6,Friday,TSS0100,Pad Shorthand 8x5,4,,No
Dr,E,Green,Biology,15,Natural Sciences,6,Friday,TSS0132,Scissors General Purpose,9,,No
Ms,F,Leyshon,Chemistry,15,Natural Sciences,6,Friday,THF0066,Screwdriver (pocket),2,,No
