Supplier_Code,Company_Name,Address_1,Address_2,Town,Postal_Code,Telephone
CCS,Computer Component Suppliers,Unit 6,Raybould Way,Sutton,SU5 9DJ,7653481
GEF,Global Electrical Factors,9 Tibshelf Way,The Waterside,Tawara,TW18 9TJ,191663321
GFS,Global Food Supplies,The Quays,Docklands,Tawara,TW15 0RT,191513657
ILS,International Laboratory Supplies,Wellbourne,Sutton View,Scampton,LN12 9TR,5543244
SSS,Smith Stationery Supplies,AirfieldUnit 6,Sunningdale Road,Wellington,WN14 0AR,3126541
TCS,Tawara Component Supplies,Unit 15,The Old Sugar Mills,Tawara,TW21 9PJ,191321041
TES,Tawara Electrical Supplies,Unit 17,The Old Sugar Mills,Tawara,TW21 9PJ,191321049
TFW,Tawara Food Warehouse,101 Main Street,The Fort,Tawara,TW15 0AW,191091876
THF,Tawara Hardware Factors,Waterside Retail Park,Harbour Reach,Tawara,TW12 4RT,191156191
TLS,Tawara Laboratory Supplies,PO Box 101,Lower Town,Tawara,TW15 3TY,191091687
TSS,Tawara Stationery Supplies,The Old Mill,West Way,Tawara,TW12 0PT,191321687
TWF,Tawara Wire Factors,7 The Quayside,Tawara Old Port,Tawara,TW12 5QR,191123491
