Product,Product_Code,Supplier_Code,Available,Net_Price,Min_Stock,Reorder_No
Abrasives Scotchbrite,TPS0001,TPS,10,0.87,15,20
Abrasives Scotchbrite Red,TPS0002,TPS,10,2.06,15,20
Acetone Ar 2.5l,TLS0032,TLS,173,0.48,15,15
Adhesive Blutack,TSS0019,TSS,48,0.66,15,15
Adhesive Pad 2 Sided 709530,TSS0087,TSS,10,1.74,15,20
Adhesive Pritt Stick,TSS0020,TSS,9,0.18,14,19
Adhesive Superglue,TPS0005,TPS,4,1.87,9,14
Adhesives Araldite,TPS0003,TPS,6,3.3,11,16
Allen Key 0.7mm,THF0067,THF,3,0.71,8,13
Allen Keys 1.27mm,THF0068,THF,1,0.16,6,11
Allen Keys 1.5mm,THF0069,THF,8,0.35,13,18
Allen Keys 2.0mm,THF0070,THF,7,0.37,12,17
Allen Keys 2.5mm,THF0071,THF,5,0.47,10,15
Allen Keys 3.0mm,THF0072,THF,4,0.42,9,14
Anti-static Cleanser Aerosol Rs 567,TWF0048,TWF,10,4.29,15,20
BIC Med Pen Black,TSS0114,TSS,643,0.12,15,15
Battery Cr2032,TES0045,TES,197,0.22,15,15
Battery Mn1300 (hp2),TES0047,TES,20,0.62,15,15
Battery Mn1400 (hp11),TES0046,TES,91,0.43,15,15
Battery Mn1500 (aa),TES0050,TES,1610,0.17,15,15
Battery Mn1604 (pp3),TES0048,TES,153,0.64,15,15
Battery Mn2400 (aaa),TES0049,TES,906,0.17,15,15
Battery Studs Miniature,TES0043,TES,12,0.13,15,20
Battery Watch D357,TES0044,TES,26,0.1,15,15
Bic Med Blue,TSS0115,TSS,679,0.12,15,15
Bic Med Red,TSS0116,TSS,417,0.14,15,15
Binder 2-ring A4 Black,TSS0030,TSS,10,0.56,15,20
Binder 2-ring A4 Blue,TSS0031,TSS,9,0.56,14,19
Binder 2-ring A4 Green,TSS0032,TSS,7,0.56,12,17
Binder 2-ring A4 Red,TSS0033,TSS,12,0.56,15,20
Binder 2-ring A4 Yellow,TSS0034,TSS,9,0.56,14,19
Binder Slide Binder 10mm Black,TSS0026,TSS,74,0.03,15,15
Binder Slide Binder 6mm Black,TSS0025,TSS,1,0.22,6,11
Blades Hacksaw 12 Inch,THF0065,THF,9,0.98,14,19
Blades Scalpel No.23 (pk Of 5),TLS0030,TLS,17,0.33,15,15
Book A4 Hardback,TSS0045,TSS,213,1.05,15,15
Book A5 Hardback,TSS0046,TSS,223,0.55,15,15
Book A6 Hardback,TSS0047,TSS,25,0.38,15,15
Bottle Wash (Blue) Specific use,TLS0003,TLS,4,3.73,9,14
Bottle Wash (Orange) Specific use,TLS0002,TLS,1,3.21,6,11
Bottle Wash (Red) Specific use,TLS0001,TLS,6,3.75,11,16
Bottle Wash (White) Specific use,TLS0004,TLS,8,4.75,13,18
Box Diecast 114 X 64 X 30,TSS0011,TSS,4,3.59,9,14
Box Diecast 121 X 95 X 51,TSS0010,TSS,2,7.27,7,12
Box Diecast 188 X 119 X 52,TSS0009,TSS,2,11.38,7,12
Box Diecast 188 X 119 X 78,TSS0008,TSS,3,9.07,8,13
Box Diecast 222 X 146 X 55,TSS0007,TSS,2,12.46,7,12
Box Diecast 89 X 35 X 30,TSS0012,TSS,2,3.37,7,12
Box Plastic 115 X 95 X 37,TSS0001,TSS,2,5.62,7,12
Box Plastic 75 X 56 X 35,TSS0004,TSS,2,3.45,7,12
Box Plastic 95 X 71 X 35,TSS0002,TSS,9,1.92,14,19
Box Plastic Abs 190 X 110 X 60,TSS0006,TSS,3,8.18,8,13
Box Plastic Hinged Small G3312,TSS0003,TSS,138,0.2,15,15
Brush Art,TPS0012,TPS,21,0.25,15,15
Brush Paint 2,TPS0013,TPS,5,2.92,10,15
Brush White Nylon Sable,TPS0011,TPS,18,0.32,15,15
Brushes Paint 1,TPS0015,TPS,4,1.67,9,14
Brushes Paint 1 1/2,TPS0016,TPS,2,2.23,7,12
Brushes Paint 1/2,TPS0014,TPS,7,1.4,12,17
Cable Black Mains 3 Core 0.75mm,TWF0023,TWF,9,0.19,14,19
Cable Clip Adhesive Tie Wrap Base,TCS0003,TCS,145,0.04,15,15
Cable Clip Adhesive Wire Clips 4mm,TCS0004,TCS,278,0.04,15,15
Cable Clip Self Adhesive 11mm,TCS0007,TCS,51,0.21,15,15
Cable Clip Self Adhesive 6mm Dia ,TCS0006,TCS,61,0.1,15,15
Cable Coax Rg174,TWF0001,TWF,64,0.24,15,15
Cable Coax Rg58cu,TWF0002,TWF,151,0.43,15,15
Cable Gland Plastic 2.3-6.7mm,TCS0016,TCS,23,0.62,15,15
Cable Gland Plastic 4.8-8.0mm,TCS0017,TCS,4,1.49,9,14
Cable Mains Twin Figure 8 Black,TWF0019,TWF,47,0.11,15,15
Cable Network 10mtr,THF0083,THF,27,3.64,15,15
Cable Network 2mtr,THF0081,THF,1,1.18,6,11
Cable Network 5mtr,THF0082,THF,20,2.24,15,15
Cable Round White Mains 2 Core 0.75,TWF0020,TWF,18,0.31,15,15
Cable Single 4mm Green/yellow (flex),TWF0003,TWF,19,0.62,15,15
Cable Tie Wrap Base 13x13mm,TCS0005,TCS,2,3.56,7,12
Cable White Mains 3 Core 0.5mm,TWF0021,TWF,100,0.38,15,15
Cable White Mains 3 Core 0.75mm,TWF0022,TWF,67,0.41,15,15
Cable White Mains 3 Core 1.5mm,TWF0024,TWF,100,1.09,15,15
Calculator Basic Pocket,TSS0057,TSS,11,6.41,15,20
Card A4 White 200 Micron,TSS0105,TSS,24,0.15,15,15
Card Holders,TSS0135,TSS,11,2.13,15,20
Card Medium,TSS0016,TSS,51,0.16,15,15
Card Thin,TSS0017,TSS,32,0.12,15,15
Chalk Omya White,TSS0060,TSS,7,0.25,12,17
Cleaning White Board Eraser,TSS0059,TSS,7,4,12,17
Cleanroom Disposable Gloves L,TLS0024,TLS,31,7.87,15,15
Cleanroom Disposable Gloves M,TLS0023,TLS,14,7.87,15,20
Cleanroom Disposable Gloves S,TLS0022,TLS,17,7.8,15,15
Cleanroom Disposable Gloves XL,TLS0025,TLS,6,7.04,11,16
Cleanroom MOB Cap,TLS0018,TLS,20,2.68,15,15
Cleanroom Overboot,TLS0019,TLS,178,1.06,15,15
Cleanroom Respirator Aura Fold Flat,TLS0020,TLS,21,0.64,15,15
Clip Paper Clip Large (33mm),TSS0022,TSS,18,0.08,15,15
Clip Foldback 19mm Black,TSS0028,TSS,175,0.01,15,15
Clip Foldback 51mm,TSS0029,TSS,14,0.08,15,20
Clip Paper Clip Giant Wavy,TSS0023,TSS,2,4.01,7,12
Clips Croc Standard,TES0033,TES,240,0.21,15,15
Clips Terry 4,TES0053,TES,37,0.09,15,15
Coax Bnc Plug Free 50 Ohm,TWF0028,TWF,7,1.81,12,17
Coax Bnc Plug Free 50 Ohm R174,TWF0030,TWF,22,1.06,15,15
Coax Bnc Plug Free Crimp 50 Ohm,TWF0029,TWF,41,0.72,15,15
Coax Bnc Socket Free 50 Ohm Rs,TWF0026,TWF,3,0.86,8,13
Coax Bnc Socket Insulated Amphenol,TWF0025,TWF,7,2.51,12,17
Coax Bnc Socket Panel Single Hole,TWF0027,TWF,42,0.74,15,15
Coffee Black 5 Star (1004) ,TFW0001,TFW,1,16.26,6,11
Compass - 100mm (756709),TSS0083,TSS,25,0.26,15,15
Computer Cd Re-writable,TCS0025,TCS,12,0.39,15,20
Computer Cd Writable,TCS0024,TCS,8,0.31,13,18
Concentrate Rbs25 (250 Gm Unit),TLS0014,TLS,15,1.95,15,20
Connector Crimp Blue Butt,TES0020,TES,25,0.1,15,15
Connector Crimp Blue Eyelet 4mm,TES0022,TES,75,0.05,15,15
Connector Crimp Blue Eyelet 5mm,TES0023,TES,63,0.07,15,15
Connector Crimp Blue Eyelet 6mm,TES0024,TES,55,0.09,15,15
Connector Crimp Blue Shrouded ,TES0021,TES,10,0.09,15,20
Connector Crimp Red Butt,TES0012,TES,41,0.02,15,15
Connector Crimp Red Eyelet 3mm,TES0016,TES,92,0.08,15,15
Connector Crimp Red Eyelet 4mm,TES0017,TES,75,0.09,15,15
Connector Crimp Red Eyelet 5mm,TES0018,TES,120,0.08,15,15
Connector Crimp Red Eyelet 6mm,TES0019,TES,24,0.08,15,15
Connector Crimp Red Piggy-back,TES0011,TES,22,0.06,15,15
Connector Crimp Red Recept Unshroud,TES0015,TES,61,0.04,15,15
Connector Crimp Red Shrouded ,TES0014,TES,98,0.08,15,15
Connector Crimp Red Spade,TES0013,TES,37,0.05,15,15
Connector Crimp Yellow Eyelet 5mm,TES0025,TES,38,0.14,15,15
Connector Crimp Yellow Eyelet 6mm,TES0026,TES,96,0.15,15,15
Connector Crimp Yellow Eyelet 8mm,TES0027,TES,79,0.15,15,15
Connector Push On Receptacle Small,TES0028,TES,12,0.05,15,20
Connectors Strip 15 Amp,TCS0010,TCS,13,0.79,15,20
Connectors Strip 2 Amp,TCS0008,TCS,12,0.77,15,20
Connectors Strip 5 Amp,TCS0009,TCS,10,0.78,15,20
Correction Fluid Environ,TSS0133,TSS,33,0.67,15,15
Cotton Buds (unit Container),TLS0010,TLS,6,0.56,11,16
Cover Shoes Blue,TLS0026,TLS,19,3.44,15,15
Coverall Cleanroom Disposable,TLS0021,TLS,16,5,15,15
Covers Croc Clip Black,TES0034,TES,38,0.29,15,15
Cups Styroweave 7oz,TFW0002,TFW,19,1.91,15,15
DVD+R 8.5 GB Dual Layer,TCS0027,TCS,8,0.98,13,18
DVD+RW,TCS0026,TCS,10,0.52,15,20
Document Wallet F/cap Blue,TSS0074,TSS,41,0.06,15,15
Document Wallet F/cap Buff,TSS0079,TSS,27,0.05,15,15
Document Wallet F/cap Green,TSS0076,TSS,51,0.06,15,15
Document Wallet F/cap Red,TSS0080,TSS,45,0.06,15,15
Document Wallet F/cap Yellow,TSS0075,TSS,22,0.06,15,15
Drill Bit Hss 2.0mm,THF0073,THF,10,0.24,15,20
Drill Bit Hss 2.5mm,THF0074,THF,8,0.26,13,18
Drill Bit Hss 3.0mm,THF0075,THF,11,0.31,15,20
Drill Bit Hss 3.5mm,THF0076,THF,4,0.4,9,14
Drill Bit Hss 4.0mm,THF0077,THF,3,0.56,8,13
Drill Bit Hss 5.0mm,THF0078,THF,7,0.48,12,17
Drill Bit Hss 6.0mm,THF0079,THF,5,0.41,10,15
Drill Bit Hss 9.6mm,THF0080,THF,1,1.22,6,11
Duster Compressed Air Durable 400ml,TSS0055,TSS,44,1.29,15,15
Env C4 Man S/S (Pck 25),TSS0064,TSS,14,0.69,15,20
Env C4 White S/S Window (Pck 25),TSS0066,TSS,9,0.74,14,19
Env C5 Man S/S (Each),TSS0062,TSS,53,0.42,15,15
Env C5 White S/S Window (Pck 25),TSS0067,TSS,18,0.38,15,15
Env Dl White S/S Wallet Win (Pck25),TSS0068,TSS,48,0.25,15,15
Env Dl White S/S Wallet (Pck 25),TSS0065,TSS,33,0.25,15,15
Eraser Refill Mouse Shaped for Whiteboard,TSS0061,TSS,5,1.63,10,15
Feet Stick-on 12.5mm,TES0009,TES,254,0.3,15,15
Feet Stick-on 18.7mm,TES0010,TES,81,0.14,15,15
File Boxfile A4-f/cap Spring+catch,TSS0048,TSS,8,1.25,13,18
File Dividers A4 10-part Card,TSS0035,TSS,66,0.14,15,15
Filing Folder F/cap Blue,TSS0078,TSS,100,0.05,15,15
Filing Folder F/cap Buff,TSS0077,TSS,34,0.05,15,15
Filing Folder F/cap Green,TSS0069,TSS,25,0.02,15,15
Filing Folder F/cap Pink,TSS0071,TSS,26,0.02,15,15
Filing Folder F/cap Yellow,TSS0070,TSS,58,0.04,15,15
Filing Pocket Suspension Ftfv,TSS0054,TSS,2,6.15,7,12
Five Minute Epoxy,TPS0004,TPS,8,3.03,13,18
Flange Blanking Dn16,TES0076,TES,4,4.6,9,14
Flash Drive USB 16GB,TCS0028,TCS,134,3.08,15,15
Flash Drive USB 32GB,TCS0029,TCS,45,4.58,15,15
Flush Cut Folder A4-clear,TSS0072,TSS,19,1,15,15
Foil (aluminium) 45cm X 90mtrs,TLS0028,TLS,26,4.89,15,15
Fuseholders 20mm Panel,TES0008,TES,4,1.13,9,14
Fuses 20mm 2.0 Amp Anti-surge,TES0004,TES,10,0.01,15,20
Fuses 20mm 3.15 Amp Anti-surge,TES0005,TES,33,0.15,15,15
Fuses 20mm 315ma Anti-surge,TES0003,TES,5,0.14,10,15
Fuses 20mm 5.0 Amp,TES0002,TES,30,0.13,15,15
Fuses 20mm 500ma,TES0001,TES,18,0.09,15,15
Fuses Mains 13 Amp,TES0007,TES,19,0.1,15,15
Fuses Mains 3 Amp,TES0006,TES,1,0.1,6,11
Gasket Copper 2 3/4 (cu38),TES0055,TES,25,0.06,15,15
Gasket Copper 4 1/2 (cu50/64),TES0056,TES,123,1.42,15,15
Gasket Copper 6 Inch (cu100),TES0057,TES,67,2.35,15,15
Gasket Copper 8 Inch (cu150),TES0058,TES,20,2.37,15,15
Gasket Copper Mini,TES0054,TES,70,0.7,15,15
Gloves Higrip,TLS0016,TLS,7,1.55,12,17
Gloves Nitrile Large (unit Each),TLS0008,TLS,14,5.09,15,20
Gloves Nitrile Medium (unit Each),TLS0007,TLS,10,5.09,15,20
Gloves Nitrile Small (unit Each),TLS0006,TLS,4,5.13,9,14
Gloves Nitrile Xtra Large (unit Each),TLS0009,TLS,23,4.77,15,15
Gloves Polythene (pack 100),TLS0005,TLS,30,1.93,15,15
Grommets Rubber Assorted,TCS0002,TCS,10,0.02,15,20
Handle Scalpel No 4,TLS0029,TLS,12,1.85,15,20
Impega Labels Laser A4 14/sht L7163,TSS0086,TSS,4,2.46,9,14
Impega Paper Index - 4 Assorted Colours,TSS0099,TSS,27,0.15,15,15
Isopropanol,TLS0031,TLS,125,0.65,15,15
Jewel Case Slim for CD/DVD S,TSS0005,TSS,4,0.14,9,14
Kf16 Carrier Bp-213-315t,TES0073,TES,37,1.8,15,15
Kf25 Carrier (pf-110-025-t),TES0074,TES,10,1.86,15,20
Kf25 Clamp (pf-100-025-t),TES0071,TES,6,2.45,11,16
Kf40 Carrier,TES0075,TES,13,3.24,15,20
Kf40 Clamp (ref Bp 217 428 T),TES0072,TES,18,3.24,15,15
Kimwipes Professional Wipes,TLS0015,TLS,44,0.39,15,15
Label - Laser Avery L7173,TSS0085,TSS,85,0.05,15,15
Labels Address 89x38mm,TSS0084,TSS,4,0.29,9,14
Lamp Es 60w 240v,TSS0015,TSS,12,1.46,15,20
Letter Tray Blue,TSS0089,TSS,7,0.66,12,17
Letter Tray Risers,TSS0088,TSS,18,0.11,15,15
Lever arch File Black,TSS0049,TSS,10,0.78,15,20
Lever arch File Blue,TSS0053,TSS,16,0.78,15,15
Lever arch File Green,TSS0052,TSS,39,0.75,15,15
Lever arch File Red,TSS0051,TSS,11,0.78,15,20
Lever arch File Yellow,TSS0050,TSS,35,0.75,15,15
M1.6 S/s Ch 12mm,THF0021,THF,83,0.04,15,15
M1.6 S/s Ch/hd 6mm,THF0020,THF,5,0.09,10,15
M1.6 Stainless Steel Nuts,THF0037,THF,29,0.04,15,15
M1.6 Stainless Steel Washers,THF0043,THF,2,0.03,7,12
M1.6 X 12 S/s Socket Cap Screw,THF0051,THF,85,0.14,15,15
M10 Stainless Steel Hex Head Bolts,THF0034,THF,1,0.55,6,11
M10 Stainless Steel Washers,THF0050,THF,35,0.1,15,15
M2 S/s Ch/hd 12mm,THF0022,THF,1,0.04,6,11
M2 S/s Ch/hd 20mm,THF0023,THF,172,0.05,15,15
M2 Stainless Steel Nuts,THF0038,THF,93,0.04,15,15
M2 Stainless Steel Washers,THF0044,THF,108,0.01,15,15
M2 X 6 S/s Allen Cap Screw,THF0052,THF,58,0.25,15,15
M3 Brass Countersunk Screws 25mm,THF0009,THF,413,0.02,15,15
M3 Brass Nuts,THF0011,THF,103,0.02,15,15
M3 Nickle Plated Brass Nuts,THF0014,THF,230,0.02,15,15
M3 Nylon Ch Hd Screw,THF0001,THF,29,0.05,15,15
M3 Nylon Nut,THF0003,THF,220,0.04,15,15
M3 Nylon Washer,THF0005,THF,349,0.02,15,15
M3 S/s Ch/hd 12mm,THF0024,THF,56,0.05,15,15
M3 S/s Ch/hd 25mm,THF0025,THF,73,0.08,15,15
M3 Stainless Steel Countersunk Screw,THF0035,THF,150,0.04,15,15
M3 Stainless Steel Nuts,THF0039,THF,162,0.03,15,15
M3 Stainless Steel Socket Cap Screw,THF0053,THF,88,0.09,15,15
M3 Stainless Steel Socket Countersunk Screw,THF0054,THF,135,0.15,15,15
M3 Stainless Steel Socket Set Screw,THF0060,THF,437,0.04,15,15
M3 Stainless Steel Studding (200mm),THF0015,THF,15,0.36,15,20
M3 Stainless Steel Washers,THF0045,THF,122,0.01,15,15
M4 Brass Cheese Head Screws 40mm,THF0008,THF,38,0.16,15,15
M4 Brass Cheese Head Screws 12mm,THF0007,THF,74,0.02,15,15
M4 Brass Countersunk Screws 25mm,THF0010,THF,324,0.04,15,15
M4 Brass Nuts,THF0012,THF,78,0.03,15,15
M4 Nylon Ch Hd Screw,THF0002,THF,183,0.06,15,15
M4 Nylon Nut,THF0004,THF,129,0.05,15,15
M4 Nylon Washer,THF0006,THF,160,0.03,15,15
M4 S/s Ch/hd 12mm,THF0026,THF,65,0.1,15,15
M4 S/s Ch/hd 25mm,THF0027,THF,53,0.05,15,15
M4 Stainless Steel Countersunk Screw,THF0036,THF,80,0.06,15,15
M4 Stainless Steel Nuts,THF0040,THF,285,0.03,15,15
M4 Stainless Steel Socket Cap Screw,THF0055,THF,255,0.05,15,15
M4 Stainless Steel Socket Set Screw,THF0061,THF,290,0.07,15,15
M4 Stainless Steel Studding (200mm),THF0016,THF,33,0.42,15,15
M4 Stainless Steel Washers,THF0046,THF,192,0.01,15,15
M5 Brass Nuts,THF0013,THF,839,0.01,15,15
M5 S/s Ch/hd 25mm,THF0028,THF,103,0.11,15,15
M5 S/s/ch/hd 40mm,THF0029,THF,8,0.18,13,18
M5 Stainless Steel Nuts,THF0041,THF,81,0.04,15,15
M5 Stainless Steel Socket Cap Screw,THF0056,THF,52,0.14,15,15
M5 Stainless Steel Socket Set Screw,THF0062,THF,285,0.05,15,15
M5 Stainless Steel Studding (200mm),THF0017,THF,22,0.45,15,15
M5 Stainless Steel Washers,THF0047,THF,91,0.02,15,15
M6 S/s Ch/hd 25mm,THF0030,THF,52,0.13,15,15
M6 Stainless Steel Hex Head 35mm,THF0032,THF,48,0.14,15,15
M6 Stainless Steel Hex Head Bolts 5,THF0033,THF,5,0.09,10,15
M6 Stainless Steel Hex Head Screws,THF0031,THF,74,0.1,15,15
M6 Stainless Steel Socket Cap Screw,THF0057,THF,58,0.17,15,15
M6 Stainless Steel Socket Cap Screw,THF0058,THF,24,0.3,15,15
M6 Stainless Steel Socket Cap Screw,THF0059,THF,35,0.42,15,15
M6 Stainless Steel Studding (200mm),THF0018,THF,15,0.45,15,20
M6 Stainless Steel Washers,THF0048,THF,112,0.02,15,15
M8 A2 S/s Bolt 40mm Skt Cap Hd,THF0063,THF,21,0.95,15,15
M8 Stainless Steel Nuts,THF0042,THF,81,0.08,15,15
M8 Stainless Steel Studding (200mm),THF0019,THF,22,0.6,15,15
M8 Stainless Steel Washers,THF0049,THF,27,0.05,15,15
Mains Lead BS to C5,TES0030,TES,11,3.56,15,20
Mains Lead BS to Fig 8,TES0029,TES,6,0.47,11,16
Mask 3m 9322,TLS0017,TLS,48,2.68,15,15
Pad A4 5mm Squares 218425,TSS0101,TSS,19,0.57,15,15
Pad A4 Ruled Feint Refill 80pp,TSS0096,TSS,262,0.48,15,15
Pad Graph A4 1/5/10mm,TSS0081,TSS,25,1.75,15,15
Pad Shorthand 8x5,TSS0100,TSS,40,0.18,15,15
Paint Aerosol Grey Primer,TPS0017,TPS,6,3.2,11,16
Paint Gloss Black Aerosol 6oz,TPS0018,TPS,12,3.09,15,20
Paint Matt Black Aerosol 6oz,TPS0019,TPS,1,3.29,6,11
Paper A3 Copy White,TSS0104,TSS,4,4.44,9,14
Paper A4 Copier/laser White,TSS0102,TSS,67,2.06,15,15
Paper A4 Laser/inkjet White 100g,TSS0103,TSS,3,2.96,8,13
Paper Roll Towels 10 Inch Wide,TLS0012,TLS,49,1.17,15,15
Papers Abrasive Emery 40 /3,TPS0006,TPS,5,0.89,10,15
Papers Wet & Dry 240,TPS0009,TPS,13,0.19,15,20
Papers Wet & Dry 360,TPS0010,TPS,6,0.26,11,16
Papers Wet & Dry 600,TPS0008,TPS,29,0.56,15,15
Papers Wet & Dry 80,TPS0007,TPS,4,0.66,9,14
Pen Black Edding Roller 2105,TSS0117,TSS,41,0.12,15,15
Pen Blue Edding Roller 2105,TSS0118,TSS,196,0.21,15,15
Pen Boardwriter Bullet Tip Black Edding 360,TSS0120,TSS,23,0.55,15,15
Pen Boardwriter Bullet Tip Blue Edding 360,TSS0121,TSS,75,0.48,15,15
Pen Boardwriter Bullet Tip Green,TSS0122,TSS,69,0.41,15,15
Pen Boardwriter Bullet Tip Red Edding 360,TSS0123,TSS,17,0.59,15,15
Pen Fine Black ,TSS0113,TSS,41,0.14,15,15
Pen Fine Blue,TSS0111,TSS,22,0.12,15,15
Pen Fine Green,TSS0112,TSS,23,0.13,15,15
Pen Highlighter Blue,TSS0124,TSS,14,0.08,15,20
Pen Highlighter Green,TSS0127,TSS,18,0.08,15,15
Pen Highlighter Orange,TSS0128,TSS,22,0.09,15,15
Pen Highlighter Pink,TSS0126,TSS,18,0.09,15,15
Pen Highlighter Yellow,TSS0125,TSS,16,0.1,15,15
Pen Marker Perm E500 Red,TSS0130,TSS,15,0.13,15,20
Pen Ohp Fine Perm Black,TSS0093,TSS,10,0.59,15,20
Pen Ohp Fine Perm Blue,TSS0094,TSS,17,0.59,15,15
Pen Ohp Fine Perm Red,TSS0095,TSS,20,0.59,15,15
Pen Ohp Med Perm Blue,TSS0092,TSS,4,1.33,9,14
Pen Ohp Med Wash Black,TSS0090,TSS,9,0.53,14,19
Pen Ohp Perm Black,TSS0091,TSS,19,0.69,15,15
Pen Permanent Marker Berol Toughpoint,TSS0129,TSS,7,0.09,12,17
Pen Red Edding Roller 2105,TSS0119,TSS,34,0.09,15,15
Pencil Eraser,TSS0106,TSS,12,0.05,15,20
Pencil Hb With Eraser,TSS0109,TSS,259,0.03,15,15
Pencil Papermate Non-stop HB 0.7mm,TSS0108,TSS,92,0.22,15,15
Pencil Sharpener,TSS0110,TSS,53,0.09,15,15
Pins - Drawing Pins,TSS0021,TSS,17,0.24,15,15
Plug 3 Amp Mains Mk646 Ivy,TES0032,TES,12,2.58,15,20
Plug 9 Pole D Type Solder Spill,TWF0031,TWF,74,0.15,15,15
Plug Banana 4 Mm Black,TWF0043,TWF,6,0.1,11,16
Plug Banana 4 Mm Blue,TWF0041,TWF,23,0.43,15,15
Plug Banana 4 Mm Green,TWF0042,TWF,8,0.4,13,18
Plug Banana 4 Mm Red,TWF0044,TWF,8,0.22,13,18
Plug Iec Fixed Chassis,TWF0035,TWF,8,0.97,13,18
Plug Jack Stereo 3.5 Mm,TWF0037,TWF,10,1.36,15,20
Plug Jack Stereo Screened Type A,TWF0036,TWF,57,0.58,15,15
Plug Stackable 4 Mm Black,TWF0047,TWF,25,0.18,15,15
Plug Stackable 4 Mm Green,TWF0045,TWF,10,0.12,15,20
Plug Stackable 4 Mm Red,TWF0046,TWF,20,0.62,15,15
Pocket Punched A4 Glass Clear,TSS0073,TSS,11,1.55,15,20
Pouch Laminating A3,TSS0014,TSS,186,0.07,15,15
Pouch Laminating A4,TSS0013,TSS,498,0.04,15,15
Project File,TSS0027,TSS,122,0.2,15,15
Prosignal 2M Black HDMI Plug to lead,TCS0001,TCS,7,0.92,12,17
Protractor 180 Degree,TSS0082,TSS,102,0.07,15,15
Punch 2-hole Medium Duty,TSS0131,TSS,11,0.75,15,20
Re-inforcing Rings,TSS0024,TSS,6,0.46,11,16
Record Cards 6x4 Ruled,TSS0058,TSS,20,0.35,15,15
Resealable Plastic Envelope 4.5 X 3,TLS0013,TLS,20,0.1,15,15
Ruler 12 Inch,TSS0056,TSS,83,0.14,15,15
Scissors General Purpose,TSS0132,TSS,19,0.5,15,15
Screwdriver (pocket),THF0066,THF,19,1.22,15,15
Screwlock Assembly 8mm Long,TWF0034,TWF,16,0.44,15,15
Sellotape 2 Sided 1in 180568,TSS0044,TSS,6,2.18,11,16
Sheet Polythene Thin 125mu,TSS0018,TSS,17,0.74,15,15
Shell 9 Pole D Type Plastic,TWF0033,TWF,12,0.75,15,20
Sleeve Vinyl for CD/DVD,TSS0063,TSS,130,0.04,15,15
Sleeving 1.6mm Heat Shrink,TCS0018,TCS,4,0.45,9,14
Sleeving 2.4mm Heat Shrink,TCS0019,TCS,5,1.02,10,15
Sleeving 3.2mm Heat Shrink,TCS0020,TCS,3,1.26,8,13
Sleeving 4.8mm Heat Shrink,TCS0021,TCS,6,0.77,11,16
Sleeving 6.4mm Heat Shrink,TCS0022,TCS,12,1.32,15,20
Slides Microscope 1.00-1.2mm (Pk50),TLS0027,TLS,4,1.34,9,14
Socket 9 Pole D Type Solder Spill,TWF0032,TWF,10,0.13,15,20
Socket Insulated 4mm Black,TWF0039,TWF,79,0.44,15,15
Socket Insulated 4mm Red,TWF0040,TWF,22,0.48,15,15
Socket Jack Stereo 3.5mm,TWF0038,TWF,11,0.81,15,20
Socket Trailing 4 Way Complete,TES0031,TES,12,9.69,15,20
Solvent Degreaser Aerosol,TWF0049,TWF,11,5.24,15,20
Staple Extractor,TSS0037,TSS,3,0.14,8,13
Staples 26/6,TSS0036,TSS,28,0.31,15,15
Sticky Notes Recycled 125x75,TSS0098,TSS,84,0.15,15,15
Sticky Notes Recycled 75x75,TSS0097,TSS,27,0.46,15,15
Straps Ty-wrap Extra Large,TCS0015,TCS,1075,0.03,15,15
Straps Ty-wrap Large,TCS0014,TCS,729,0.02,15,15
Straps Ty-wrap Medium,TCS0013,TCS,200,0.01,15,15
Straps Ty-wrap Small,TCS0012,TCS,764,0.01,15,15
Stripboard Single Sided 41 Track,TCS0023,TCS,107,0.19,15,15
Tape - Buff Case Sealing,TSS0038,TSS,88,0.44,15,15
Tape - Invisible 19mm,TSS0043,TSS,233,0.17,15,15
Tape - Sellotape 25mmx66mm,TSS0041,TSS,27,0.47,15,15
Tape - Sellotape Dispenser 33mm & 66mm,TSS0042,TSS,19,1.12,15,15
Tape Gaffer Black,TSS0039,TSS,8,2.03,13,18
Tape Masking 1 Inch (25mm),TSS0040,TSS,21,0.81,15,15
Tape Pvc Black 19mm,TES0042,TES,11,0.65,15,20
Tape Pvc Black 38mm,TES0041,TES,3,1.04,8,13
Tape Pvc Red 12mm,TES0038,TES,6,0.78,11,16
Tape Pvc Red 19mm,TES0037,TES,1,0.76,6,11
Tape Pvc White 12mm,TES0036,TES,4,0.79,9,14
Tape Pvc White 19mm,TES0035,TES,3,1.2,8,13
Tape Pvc Yellow 12mm,TES0040,TES,6,0.79,11,16
Tape Pvc Yellow 19mm,TES0039,TES,3,0.88,8,13
Technicloth Ii Tx1109,TLS0011,TLS,36,22.53,15,15
Thread Tape Ptfe,TES0052,TES,13,0.3,15,20
Tigerstat Clear Pencil Case,TSS0107,TSS,18,0.4,15,15
Tube Pvc Braided 1/2 (unit Mtr),TES0069,TES,11,2.03,15,20
Tube Pvc Braided 1/4 (unit Mtr),TES0066,TES,7,1.07,12,17
Tube Pvc Braided 3/8 (unit Mtr),TES0068,TES,19,1.97,15,15
Tube Pvc Braided 5/16 (unit Mtr),TES0067,TES,36,1.34,15,15
Tube Pvc Clear 10 Id X 16 Od (unit Mtr),TES0063,TES,29,0.65,15,15
Tube Pvc Clear 13 Id X 19 Od (unit Mtr),TES0064,TES,12,1.63,15,20
Tube Pvc Clear 19 @d X 25 Od (unit Mtr),TES0065,TES,6,2.44,11,16
Tube Pvc Clear 3 Id X 6 Od (unit Mtr),TES0059,TES,6,0.18,11,16
Tube Pvc Clear 5 Id X 8 Od (unit Mtr),TES0060,TES,38,0.3,15,15
Tube Pvc Clear 6 Id X 9 Od (unit Mtr),TES0061,TES,25,0.45,15,15
Tube Pvc Clear 8 Id X 14 Od (unit Mtr),TES0062,TES,19,1.27,15,15
Tungsten Lamp 60w Bc Pearl,TES0051,TES,12,1.55,15,20
Tungsten Boat Bd482-000-t,TES0070,TES,30,2.67,15,15
Tweezers EPEM 2ASA (Pck 6),THF0064,THF,26,4.98,15,15
Tywrap Ex Small,TCS0011,TCS,532,0.02,15,15
Velcro Hook,TSS0134,TSS,17,2.89,15,15
Velcro Loop,TSS0136,TSS,1525,0.05,15,15
Wire 1/0.6 Blue,TWF0006,TWF,68,0.02,15,15
Wire 1/0.6 Brown,TWF0004,TWF,72,0.05,15,15
Wire 1/0.6 Green,TWF0007,TWF,61,0.02,15,15
Wire 1/0.6 White,TWF0005,TWF,217,0.05,15,15
Wire 16/0.2 Black,TWF0011,TWF,18,0.08,15,15
Wire 16/0.2 Blue,TWF0012,TWF,50,0.11,15,15
Wire 16/0.2 Green,TWF0009,TWF,83,0.09,15,15
Wire 16/0.2 Red,TWF0008,TWF,141,0.06,15,15
Wire 16/0.2 Yellow,TWF0010,TWF,39,0.07,15,15
Wire 7/0.2 Mm Black Pvc Insulated,THF0084,THF,24,0.02,15,15
Wire 7/0.2 Mm Blue Pvc Insulated,THF0085,THF,25,0.02,15,15
Wire 7/0.2 Mm Green Pvc Insulated,THF0086,THF,49,0.02,15,15
Wire 7/0.2 Mm Red Pvc Insulated,THF0087,THF,33,0.03,15,15
Wire 7/0.2 Mm White Pvc Insulated,THF0088,THF,39,0.02,15,15
Wire 7/0.2 Mm Yellow Pvc Insulated,THF0089,THF,49,0.02,15,15
Wire Pvc 0.5mm Black,TWF0014,TWF,75,0.09,15,15
Wire Pvc 0.5mm Red,TWF0013,TWF,166,0.13,15,15
Wire Pvc 1.5mm Black,TWF0017,TWF,70,0.13,15,15
Wire Pvc 1.5mm Blue,TWF0015,TWF,20,0.19,15,15
Wire Pvc 1.5mm Green/Yellow,TWF0018,TWF,52,0.18,15,15
Wire Pvc 1.5mm Red,TWF0016,TWF,47,0.53,15,15
