Tree_ID,Tree_Type,Location_Code,Year_Milled
AO1,Ash Olive,HLM,2014
AW1,Ash White,EDL,2015
BE1,Beech,MPF,2013
BE2,Beech,MPF,2013
EL1,Elm,HOF,2014
HO1,Holly,SF,2012
LP1,London Plane QS,CMNH,2013
LP2,London Plane TT,CMNH,2013
LP3,London Plane TT,CMNH,2013
OA1,Oak,KW,2006
OA2,Oak,ALF,2012
OA3,Oak,EDL,2013
OA4,Oak,HOF,2014
SC1,Sweet Chestnut,KW,2011
SC2,Sweet Chestnut,KW,2011
SC3,Sweet Chestnut,KW,2012
SC4,Sweet Chestnut,KW,2012
SC5,Sweet Chestnut,KW,2012
SC6,Sweet Chestnut,KW,2012
SC7,Sweet Chestnut,KW,2013
SC8,Sweet Chestnut,KW,2013
SC9,Sweet Chestnut,KW,2013
SC10,Sweet Chestnut,KW,2014
SC11,Sweet Chestnut,KW,2014
SC12,Sweet Chestnut,KW,2014
SC13,Sweet Chestnut,KW,2014
SC14,Sweet Chestnut,KW,2014
SC15,Sweet Chestnut,KW,2014
SY1,Sycamore,SF,2014
WA1,Walnut,HCP,2015
EW1,Elm Wych,BDV,2015
YE1,Yew,OXT,2010
YE2,Yew,RCP,2011
YE3,Yew,RCP,2011
YE4,Yew,HLM,2011
YE5,Yew,RCP,2012
YE6,Yew,RCP,2012
YE7,Yew,NOTT,2011
BC1,Beech Copper,CMNH,2012
BC2,Beech Copper,SW,2015
CH1,Cherry,EPP,2013
AB1,Atlas Blue,NOTT,2012
