Location_Code,Location,Description,First_name,Surname,e_mail,Telephone
ALF,Alfreton,National Trust Park,Morgan,White,White.M@spambob.com,827131749
BDV,Bradwell Village,Village Common Land,Isabelle,McKenzie,McKenzie.I@mailinator.com,966645229
CMNH,Carmelite Monastery Notting Hill,Religious House,Isabella,Mason,Mason.I@trashymail.com,787729363
EDL,Edingley,Private Farm Land,Anthony,Collier,Collier.A@mailinator.com,864407800
EPP,Epperstone,Village Common Land,Max,Stevens,Stevens.M@mailinator.com,981609651
HCP,Hampton Court Palace,Crown Property,Finlay,Lord,Lord.F@dodgit.com,754053369
HLM,Halam,Private Farm Land,Amber,Chamberlain,Chamberlain.A@spambob.com,707032848
HOF,Haywood Oaks Farm,Private Farm Land,Connor,Ford,Ford.C@spambob.com,774271580
KW,Kings Wood,National Trust Park,Ewan,John,John.E@mailinator.com,719340672
MPF,Morton Pasture Farm,Private Farm Land,Morgan,Taylor,Taylor.M@trashymail.com,969035627
NOTT,Nottingham,National Trust Park,Noah,Wright,Wright.N@dodgit.com,924686469
OXT,Oxton,Private Farm Land,Lewis,Pope,Pope.L@trashymail.com,752851898
RCF,Rufford Country Park,National Trust Park,Erin,Gibbs,Gibbs.E@dodgit.com,872264832
SF,Sherwood Forest,Ancient Forest,Ella,Francis,Francis.E@spambob.com,761958891
SOL,Solihull,National Trust Park,Owen,Wyatt,Wyatt.O@pookmail.com,717196783
SW,Southwell,Church Land,Jay,McLean,McLean.J@mailinator.com,833983220
