Level,Vacancy_Title,Vacancy_Ref,Closing_Date,Duration,Prob_Wage,Town,Employer_Name,Technical_Area,Trainer_Code,Day_Release
2,Animal Care Apprentice,AEAL2001,13/05/2021,15,105.7,Basildon,Bluebell Animal Hospital,Agriculture Environmental and Animal Care,LP04BO1,-1
2,Apprentice Greenkeeper,AEAL2002,14/07/2021,10,127.5,Basildon,Mayer Golf and Country Club,Agriculture Environmental and Animal Care,LP38MU1,-1
2,Apprentice Greenkeeper,AEAL2003,20/06/2021,18,106,Maldon,Lexington Retreat,Agriculture Environmental and Animal Care,LP38MU1,-1
2,Canine Carer,AEAL2004,17/05/2021,14,105.6,Southminster,Draco Canine Care,Agriculture Environmental and Animal Care,LP07BU2,-1
2,Groom,AEAL2005,26/04/2021,12,79.5,Braintree,Juniper Hill Stables,Agriculture Environmental and Animal Care,LP05BR1,-1
2,Grounds Maintenance Apprentice,AEAL2006,10/08/2021,14,140,Maldon,Chestnut Golf Club,Agriculture Environmental and Animal Care,LP38MU1,-1
2,Groundsman Apprentice,AEAL2007,20/06/2021,18,136.5,Braintree,Squires Country Holiday Park,Agriculture Environmental and Animal Care,LP38MU1,-1
2,Trainee Competition Venue and Yard Groom,AEAL2011,29/03/2021,20,79.5,Braintree,Trewordan Hall Farms,Agriculture Environmental and Animal Care,LP05BR1,0
2,Trainee Groom,AEAL2012,23/04/2021,12,79.5,Dunmow,Sherwood Livery,Agriculture Environmental and Animal Care,LP05BR1,0
2,Trainee Groom,AEAL2013,23/04/2021,15,79.5,Dunmow,Pawton Hall Livery,Agriculture Environmental and Animal Care,LP05BR1,-1
2,Training Yard Groom,AEAL2015,19/04/2021,15,79.5,Braintree,Juniper Hill Stables,Agriculture Environmental and Animal Care,LP05BR1,-1
2,Apprentice Tree Surgeon,AEAL2018,18/06/2021,24,210.35,Rayleigh,Oakwood Tree Care Ltd,Agriculture Environmental and Animal Care,LP20HE1,-1
3,Horse Care Apprentice,AEAL3008,29/03/2021,15,140.5,Braintree,Clapper Farm,Agriculture Environmental and Animal Care,LP07BU2,-1
3,Pest Control Agent,AEAL3009,23/04/2021,24,198,Basildon,Natura Pest Control,Agriculture Environmental and Animal Care,LP04BO1,-1
3,Trainee Competition Venue and Yard Groom,AEAL3010,24/05/2021,18,79.5,Braintree,Trewordan Hall Farms,Agriculture Environmental and Animal Care,LP05BR1,-1
3,Trainee Pest Control Agent,AEAL3014,23/04/2021,20,198,Basildon,Natura Pest Control,Agriculture Environmental and Animal Care,LP04BO1,-1
3,Animal Care Apprentice,AEAL3016,14/08/2021,24,178.65,Maldon,Boarding Kennels and Cattery,Agriculture Environmental and Animal Care,LP37ME1,0
3,Apprentice Canine Carer,AEAL3017,26/07/2021,18,146.5,Rochford,Linton Canine Creche Ltd,Agriculture Environmental and Animal Care,LP39NO1,-1
3,Poultry Husbandry and Care Apprentice,AEAL3019,22/07/2021,18,144.3,Wickford,Southgate Farms Ltd,Agriculture Environmental and Animal Care,LP04BO1,-1
3,Sheep Husbandry and Care Apprentice,AEAL3020,26/06/2021,18,158.65,Chelmsford,Hill Meadow Farm,Agriculture Environmental and Animal Care,LP04BO1,-1
4,Poultry Farming and Care Apprentice,AEAL4021,26/08/2021,24,175.6,Manningtree,Phoenix Grange Farm,Agriculture Environmental and Animal Care,LP34MA2,-1
4,Apprentice Tree Care Surgeon,AEAL4022,02/08/2021,24,210.45,Rayleigh,Oakwood Tree Care Ltd,Agriculture Environmental and Animal Care,LP20HE1,-1
2,Accounts Assistant,BADL2001,02/05/2021,15,166,Rayleigh,WCW Payment Solutions Limited,Business and Administration,LP21HO1,-1
2,Accounts Junior,BADL2002,13/05/2021,16,106.45,Basildon,Ryan Baker Accountants,Business and Administration,LP41RU1,-1
2,Admin Support Apprentice,BADL2003,20/05/2021,14,92.75,Wickford,Ruxton Removal and Storage,Business and Administration,LP41RU1,-1
2,Administration Apprentice,BADL2004,20/05/2021,12,105,Billericay,Tatlers Recruitment,Business and Administration,LP41RU1,-1
2,Administration Apprentice,BADL2005,29/03/2021,12,106,Brentwood,Touchstone Eco Roofs Limited,Business and Administration,LP41RU1,-1
2,Administration Apprentice,BADL2006,26/04/2021,12,126,Colchester,Digitel Solutions Ltd,Business and Administration,LP41RU1,-1
2,Administration Apprentice,BADL2007,29/03/2021,12,100,Colchester,Wayman Chartered Surveyors,Business and Administration,LP41RU1,-1
2,Administration Apprentice,BADL2008,26/04/2021,12,126,Colchester,Virtual Office Services,Business and Administration,LP41RU1,-1
2,Administration Apprentice,BADL2009,13/05/2021,12,106,Wickford,Forward Technology Ltd,Business and Administration,LP41RU1,-1
2,Administration Apprentice,BADL2010,02/04/2021,14,106,Colchester,Hamilton Lee Limited,Business and Administration,LP27LA1,-1
2,Administration Assistant,BADL2011,24/05/2021,12,99.38,Bishops Stortford,Parkers Surgery,Business and Administration,LP08CA1,-1
2,Administration Assistant,BADL2012,02/04/2021,12,106,Braintree,Roland Peters,Business and Administration,LP04BO1,-1
2,Administration Assistant,BADL2013,21/06/2021,12,150,Loughton,Solar Home Developments,Business and Administration,LP24HU2,-1
2,Administration Assistant,BADL2014,09/04/2021,12,131.25,Wickford,Divine Business Services Limited,Business and Administration,LP51TA3,-1
2,Administration Assistant,BADL2016,20/05/2021,14,99.38,Basildon,Swallow Catering Equipment Ltd,Business and Administration,LP41RU1,-1
2,Administration Assistant,BADL2017,17/05/2021,12,79.5,Rayleigh,Guardian Bookkeeping,Business and Administration,LP41RU1,-1
2,Administration Support Apprentice,BADL2019,13/05/2021,15,100,Chelmsford,Praxis Piling,Business and Administration,LP41RU1,-1
2,Administrative Apprentice,BADL2020,25/04/2021,14,98.05,Clacton on Sea,Tucker Recruitment Services,Business and Administration,LP42SE1,-1
2,Administrative Apprentice,BADL2021,29/03/2021,12,98.05,Clacton on Sea,Tucker Recruitment Services,Business and Administration,LP42SE1,-1
2,Administrative Assistant,BADL2023,21/04/2021,12,106,Billericay,Palmer Property Investments,Business and Administration,LP41RU1,-1
2,Administrative Assistant,BADL2024,30/04/2021,16,106,Braintree,Roland Peters,Business and Administration,LP04BO1,-1
2,Administrative Assistant,BADL2026,24/05/2021,12,100,Chelmsford,Holden Wills,Business and Administration,LP41RU1,-1
2,Administrative Assistant,BADL2027,14/05/2021,14,98.05,Colchester,Townhouse Property Services,Business and Administration,LP50TA2,-1
2,Administrative Assistant,BADL2028,23/04/2021,12,110,Loughton,Aspire Services Recruitment,Business and Administration,LP44SO2,-1
2,Administrative Assistant,BADL2029,03/05/2021,12,79.5,Manningtree,St Josephs Primary School,Business and Administration,LP08CA1,-1
2,Administrative Assistant,BADL2030,05/04/2021,12,79.5,Manningtree,Mannington Primary School,Business and Administration,LP08CA1,-1
2,Administrative Assistant,BADL2032,30/04/2021,14,100,Colchester,DWK Surveyors LLP,Business and Administration,LP41RU1,0
2,Administrative Assistant,BADL2034,07/05/2021,12,100,Maldon,Wilton Wheels,Business and Administration,LP04BO1,-1
2,Administrative Assistant Apprentice,BADL2035,28/03/2021,18,110,Loughton,Aspire Services Recruitment,Business and Administration,LP44SO2,-1
2,Apprentice Administrator,BADL2036,16/04/2021,12,81,Chelmsford,Hoffman Artists Guild,Business and Administration,LP09CH1,-1
2,Apprentice Office Assistant,BADL2038,17/05/2021,20,100,Rayleigh,Raytel Instruments Ltd,Business and Administration,LP41RU1,-1
2,Business Administration Apprentice,BADL2039,26/03/2021,12,106,Basildon,Tamper Forensic Equipment,Business and Administration,LP27LA1,-1
2,Business Administration Apprentice,BADL2041,09/05/2021,9,122.5,Brentwood,Athena Services,Business and Administration,LP22HR1,-1
2,Business Administration Apprentice,BADL2042,10/05/2021,12,105,Chelmsford,Flynn Finance Broker,Business and Administration,LP41RU1,-1
2,Business Administration Apprentice,BADL2044,30/04/2021,12,105,Chelmsford,Homestyle Reproduction,Business and Administration,LP51TA3,-1
2,Business Administration Apprentice,BADL2045,02/04/2021,14,105,Chelmsford,Connect Plumbing Distribution,Business and Administration,LP51TA3,-1
2,Business Administration Apprentice,BADL2047,20/05/2021,12,106,Maldon,Saffron Managed Services Ltd,Business and Administration,LP41RU1,0
2,Business Administration Apprentice,BADL2048,16/04/2021,12,106,Maldon,Saffron Managed Services Ltd,Business and Administration,LP41RU1,-1
2,Business Administration Apprentice,BADL2049,08/05/2021,12,86.13,Rochford,Invictus Support Services,Business and Administration,LP51TA3,-1
2,Business Administration Apprentice,BADL2053,23/04/2021,12,92.75,Canvey Island,Dogno Film Services,Business and Administration,LP51TA3,-1
2,Business Administration Apprentice,BADL2054,03/05/2021,14,150,Chelmsford,Omega Medical Ltd,Business and Administration,LP09CH1,-1
2,Business Administrator,BADL2057,30/04/2021,12,79.5,Canvey Island,Tirro,Business and Administration,LP20HE1,0
2,Business Administration Apprentice,BADL2060,05/04/2021,16,98.05,Basildon,Eco Therm Connections,Business and Administration,LP44SO2,-1
2,Business and Administration Apprentice,BADL2061,31/03/2021,12,120,Brentwood,Taylor Hill Insurance Serices,Business and Administration,LP09CH1,-1
2,Business Support Apprentice,BADL2062,01/04/2021,12,100,Basildon,Townhouse Property Services,Business and Administration,LP50TA2,-1
2,Business Support Assistant,BADL2064,27/04/2021,22,150,Chelmsford,Townhouse Property Services,Business and Administration,LP50TA2,-1
2,Business Support Assistant,BADL2065,01/04/2021,15,100,Colchester,Townhouse Property Services,Business and Administration,LP50TA2,-1
2,Business Support Assistant,BADL2066,02/05/2021,14,100,Harlow,Townhouse Property Services,Business and Administration,LP50TA2,-1
2,Customer Account Manager,BADL2071,13/05/2021,15,105,Basildon,Catering Supplies Services,Business and Administration,LP41RU1,-1
2,Customer Service Administrator,BADL2072,26/04/2021,14,163,Harlow,Feather Insurance Group Ltd,Business and Administration,LP08CA1,0
2,Database Administrator,BADL2073,30/04/2021,12,106,Buckhurst Hill,Drilling Solutions Ltd,Business and Administration,LP21HO1,-1
2,Junior Resource Coordinator,BADL2081,20/05/2021,12,100,Chelmsford,Havelock Wood Ltd,Business and Administration,LP41RU1,0
2,Marketing and Sales Assistant,BADL2082,21/05/2021,16,106,Wickford,Forward Technology Ltd,Business and Administration,LP04BO1,-1
2,Marketing Assistant,BADL2083,23/04/2021,12,100,Basildon,Bluegate Consulting Ltd,Business and Administration,LP04BO1,-1
2,Office Administrator,BADL2086,27/03/2021,14,125,Maldon,Wallender Services Ltd,Business and Administration,LP41RU1,-1
2,Office Administration Assistant,BADL2088,30/04/2021,12,106,Maldon,Sarmi Ltd,Business and Administration,LP04BO1,-1
2,Office Administration Assistant,BADL2089,30/04/2021,12,100,Stansted,Heart Marketing Ltd,Business and Administration,LP04BO1,-1
2,Office Administration Assistant,BADL2090,16/04/2021,14,100,Wickford,Diamond Window Systems Ltd,Business and Administration,LP04BO1,-1
2,Office Administrator,BADL2093,02/05/2021,12,79.5,Harlow,Constance Office Ltd,Business and Administration,LP48ST3,-1
2,Office Administrator,BADL2094,29/03/2021,12,93,Basildon,Excel Catering,Business and Administration,LP41RU1,-1
2,Office Administrator,BADL2096,17/04/2021,12,106,Basildon,Style Shooters,Business and Administration,LP41RU1,-1
2,Office Administrator,BADL2098,12/04/2021,12,106,Braintree,Dale Chambers Solicitors,Business and Administration,LP41RU1,0
2,Office Administrator,BADL2099,23/04/2021,14,122.5,Chelmsford,Team Sparks Limited,Business and Administration,LP51TA3,-1
2,Office Administrator,BADL2100,25/04/2021,15,106,Colchester,Caracalla Legal Centre,Business and Administration,LP42SE1,0
2,Office Assistant,BADL2101,30/04/2021,12,114,Rayleigh,Simpson Instruments Ltd,Business and Administration,LP51TA3,-1
2,Office Trainee,BADL2102,28/03/2021,17,100,Braintree,Eagle Environmental Ltd,Business and Administration,LP08CA1,0
2,Operations Assistant,BADL2103,13/05/2021,12,120,Basildon,Saddlers Freight Transport,Business and Administration,LP04BO1,-1
2,Receptionist,BADL2106,20/05/2021,12,92.75,Brentwood,Selmans Auto Services Ltd,Business and Administration,LP41RU1,-1
2,Receptionist,BADL2107,25/04/2021,12,100,Bures,Bures Farm Shop,Business and Administration,LP08CA1,-1
2,Receptionist,BADL2108,26/04/2021,14,79.5,Colchester,Rosewood Foundation,Business and Administration,LP08CA1,0
2,Receptionist,BADL2109,30/04/2021,12,105,Colchester,Twilight Care Ltd,Business and Administration,LP50TA2,-1
2,Receptionist,BADL2110,27/04/2021,12,79.5,Witham,Bespoke Spectacle Makers,Business and Administration,LP41RU1,-1
2,Recruitment Consultant,BADL2113,05/04/2021,16,106,Rayleigh,Yellow Circle Recruitment,Business and Administration,LP04BO1,-1
2,Sales and Administration Assistant,BADL2114,29/03/2021,15,106,Rayleigh,Redfern Security Systems Ltd,Business and Administration,LP41RU1,0
2,Sales and Data Research Assistant,BADL2115,30/04/2021,12,120,Chelmsford,Data Directory Ltd,Business and Administration,LP04BO1,-1
2,Sales Team Administrative Assistant,BADL2116,17/05/2021,14,100,Chelmsford,Holden Wills,Business and Administration,LP41RU1,-1
2,Sales Team Administrative Assistant,BADL2117,20/04/2021,12,100,Chelmsford,Holden Wills,Business and Administration,LP41RU1,-1
2,Trainee Administrator,BADL2120,28/03/2021,14,106,Colchester,Farrow Sales and Lettings,Business and Administration,LP08CA1,-1
2,Trainee Insurance Advisor,BADL2122,23/04/2021,12,135,Basildon,Protemp Insurance Services,Business and Administration,LP34MA2,-1
2,Trainee Office Administrator,BADL2124,20/05/2021,18,100,Chelmsford,Sunshine Linen Service,Business and Administration,LP41RU1,-1
2,Trainee Office Administrator,BADL2125,19/04/2021,14,100,Chelmsford,Vesper Linen Service Ltd,Business and Administration,LP41RU1,0
2,Trainee Receptionist,BADL2126,02/04/2021,12,100,Burnham on Crouch,Kastra Law,Business and Administration,LP04BO1,-1
2,Trainee Shipping Clerk,BADL2127,23/04/2021,18,120,Colchester,Raddison Seas Ltd,Business and Administration,LP34MA2,-1
3,Administration Assistant,BADL3015,09/04/2021,24,97.5,Witham,Simmons International Ltd,Business and Administration,LP08CA1,-1
3,Administration Assistant,BADL3018,07/05/2021,15,106,Basildon,Tatum Electrical Services Ltd,Business and Administration,LP51TA3,-1
3,Administrative Assistant,BADL3022,26/05/2021,16,106,Basildon,Karwood Freight Ltd,Business and Administration,LP41RU1,-1
3,Administrative Assistant,BADL3025,30/04/2021,18,106,Brentwood,Touchstone Eco Roofs Limited,Business and Administration,LP41RU1,-1
3,Administrative Assistant,BADL3031,23/04/2021,18,131.25,Wickford,Hammond Corporate Services Limited,Business and Administration,LP51TA3,-1
3,Administrative Assistant,BADL3033,30/04/2021,12,92.75,Colchester,Drakestone Hotel,Business and Administration,LP20HE1,-1
3,Apprentice Administrator,BADL3037,11/05/2021,18,138,Loughton,Ace Media Limited,Business and Administration,LP41RU1,-1
3,Business Administration Apprentice,BADL3040,07/05/2021,17,92.75,Basildon,Virtual Services,Business and Administration,LP51TA3,-1
3,Business Administration Apprentice,BADL3043,26/03/2021,14,112.5,Chelmsford,Brewster Taylor Ltd,Business and Administration,LP51TA3,-1
3,Business Administration Apprentice,BADL3046,30/04/2021,18,137,Harlow,Brewster Tooling Ltd,Business and Administration,LP48ST3,-1
3,Business Administration Apprentice,BADL3050,29/03/2021,18,106,Basildon,Apollo Energy Services,Business and Administration,LP41RU1,-1
3,Business Administration Apprentice Adult Team,BADL3051,30/04/2021,24,229.03,Harlow,Ballantynes Training,Business and Administration,LP48ST3,-1
3,Business Administration Apprentice Finance,BADL3052,30/04/2021,12,229.03,Harlow,Ballantynes Training,Business and Administration,LP48ST3,-1
3,Business Administration Apprentice,BADL3055,29/03/2021,12,98.05,Harlow,Homecare Services,Business and Administration,LP50TA2,-1
3,Business Administration Trainee,BADL3056,23/04/2021,18,150,Brentwood,Waterworld Leisure Centre,Business and Administration,LP09CH1,-1
3,Business Administrator,BADL3058,30/04/2021,9,100,Chelmsford,Townhouse Property Services,Business and Administration,LP04BO1,-1
3,Business Administrator,BADL3059,28/03/2021,12,106,Colchester,Pearl Auto Repair,Business and Administration,LP08CA1,-1
3,Business Support Apprentice,BADL3063,29/03/2021,18,98.05,Clacton on Sea,Tucker Recruitment Services,Business and Administration,LP42SE1,-1
3,Business Support Assistant,BADL3067,31/03/2021,18,98.05,Harlow,Townhouse Property Services,Business and Administration,LP50TA2,0
3,Client Care Team Member,BADL3069,14/05/2021,16,187.5,Manningtree,Diamond Vetinerary Care,Business and Administration,LP41RU1,-1
3,Contracts Administrator,BADL3070,26/04/2021,18,92.75,Maldon,Romstar Ltd,Business and Administration,LP41RU1,-1
3,Design Administrator,BADL3074,22/04/2021,18,92.75,Billericay,Harbour Print Services,Business and Administration,LP20HE1,0
3,Development Administrator,BADL3075,28/03/2021,16,138,Harlow,Crown Housing Association,Business and Administration,LP07BU2,-1
3,Financial Advisor Support Team Member,BADL3077,03/05/2021,18,120,Benfleet,Southern Financial Services Limited,Business and Administration,LP04BO1,-1
3,Housing Apprentice,BADL3078,27/04/2021,24,98.05,Braintree,Buttercup Community Housing,Business and Administration,LP08CA1,0
3,HR Support,BADL3079,14/05/2021,18,101.65,Loughton,Southern Financial Services Limited,Business and Administration,LP08CA1,-1
3,IT Business Support Apprentice,BADL3080,02/05/2021,18,126.5,Clacton on Sea,Tucker Recruitment Services,Business and Administration,LP42SE1,-1
3,Medical Care Administrator Apprentice,BADL3084,09/04/2021,12,157.5,Colchester,Redwell Surgery,Business and Administration,LP07BU2,-1
3,Mortgage Administrator,BADL3085,16/04/2021,18,106,Harlow,Frazier Financial Solutions,Business and Administration,LP27LA1,0
3,Office Administrator,BADL3087,30/04/2021,18,125,Maldon,Omega Services Ltd,Business and Administration,LP41RU1,-1
3,Office Administrator,BADL3091,17/05/2021,24,100,Chelmsford,Quark Frame Direct,Business and Administration,LP08CA1,-1
3,Office Administrator,BADL3092,29/03/2021,12,100,Chelmsford,Quark Frame Direct,Business and Administration,LP08CA1,-1
3,Office Administrator,BADL3095,20/05/2021,17,106,Basildon,Style Shooters,Business and Administration,LP41RU1,0
3,Office Administrator,BADL3097,30/04/2021,18,93,Basildon,Fusion Engineering,Business and Administration,LP41RU1,-1
3,Personal Assistant,BADL3104,07/05/2021,18,144,Colchester,Virtual Office Services,Business and Administration,LP51TA3,-1
3,Property Negotiator Apprentice,BADL3105,29/04/2021,24,110,Rayleigh,Aspire Agency,Business and Administration,LP21HO1,-1
3,Recruitment Consultant,BADL3111,25/04/2021,18,110,Loughton,Aspire Services Recruitment,Business and Administration,LP54UP2,-1
3,Recruitment Consultant,BADL3112,28/03/2021,24,110,Loughton,Aspire Services Recruitment,Business and Administration,LP54UP2,-1
3,School Administrative Assistant,BADL3118,05/04/2021,18,86.13,Maldon,Rowlands School,Business and Administration,LP08CA1,-1
3,Trailer Technical Assistant,BADL3119,28/04/2021,18,100,Harlow,Truckers Europe Limited,Business and Administration,LP41RU1,-1
3,Trainee Estate Agent,BADL3121,16/04/2021,24,103.35,Benfleet,Garton Property Services,Business and Administration,LP27LA1,-1
3,Trainee Negotiator,BADL3123,30/04/2021,24,120,Brentwood,Richardson Country Homes,Business and Administration,LP04BO1,-1
4,Care Administrator,BADL4068,04/04/2021,13,165.8,Ingatestone,Atlantic Care Services,Business and Administration,LP07BU2,-1
4,Executive Assistant Apprentice,BADL4076,09/04/2021,36,198.75,Chelmsford,Luxury Motors,Business and Administration,LP51TA3,-1
2,Apprentice Sign Maker,CDEL2002,16/05/2021,12,106,Basildon,Joseph Signs Ltd,Creative and Design,LP43SO1,-1
3,Apprentice Sign Maker,CDEL3001,16/05/2021,24,106,Basildon,Joseph Signs Ltd,Creative and Design,LP43SO1,-1
2,Childcare Apprentice,CEDL2001,21/05/2021,16,140,Braintree,Stepping Stone Preschool,Childcare and Education,LP41RU1,-1
2,Apprentice Nursery Assistant,CEDL2003,11/06/2021,12,135,Epping,The Playhouse,Childcare and Education,LP30LO3,-1
2,Childcare Assistant,CEDL2004,21/04/2021,20,106,Basildon,Tulip Day Nursery,Childcare and Education,LP41RU1,-1
2,Childcare Apprentice,CEDL2005,24/04/2021,18,79.5,Basildon,Willow Village Nursery,Childcare and Education,LP25HU3,-1
2,Childcare Apprentice,CEDL2006,29/03/2021,9,112,Basildon,Polaris Childcare Ltd,Childcare and Education,LP07BU2,-1
2,Childcare Apprentice,CEDL2007,02/04/2021,20,79.5,Bishops Stortford,Nippers Nursery,Childcare and Education,LP27LA1,-1
2,Childcare Apprentice,CEDL2009,21/05/2021,9,106,Braintree,Stepping Stone Preschool,Childcare and Education,LP41RU1,0
2,Childcare Apprentice,CEDL2010,26/04/2021,18,53,Brentwood,Mirage Childcare Services,Childcare and Education,LP41RU1,-1
2,Childcare Apprentice,CEDL2011,26/04/2021,12,53,Brentwood,Sticky Faces,Childcare and Education,LP41RU1,-1
2,Childcare Apprentice,CEDL2012,09/04/2021,12,79.5,Chelmsford,Okawood Pre-School,Childcare and Education,LP27LA1,-1
2,Childcare Apprentice,CEDL2013,09/04/2021,9,79.5,Clacton on Sea,Rainbow Day Nursery,Childcare and Education,LP27LA1,0
2,Childcare Apprentice,CEDL2014,26/03/2021,12,66.25,Clacton on Sea,Sticky Fingers,Childcare and Education,LP25HU3,-1
2,Childcare Apprentice,CEDL2016,26/03/2021,18,99.37,Manningtree,Fission Kindergarten,Childcare and Education,LP41RU1,-1
2,Childcare Apprentice,CEDL2017,30/04/2021,18,99.37,Manningtree,Fission Kindergarten,Childcare and Education,LP41RU1,-1
2,Childcare Assistant,CEDL2018,29/04/2021,9,79.5,Chelmsford,Signets Nursery,Childcare and Education,LP07BU2,-1
2,Childcare Assistant,CEDL2019,12/05/2021,12,79.5,Colchester,Pippins Childcare,Childcare and Education,LP07BU2,-1
2,Childcare Assistant,CEDL2020,07/04/2021,17,79.5,Braintree,Stepping Stone Preschool,Childcare and Education,LP07BU2,-1
2,Childcare Practitioner,CEDL2023,26/04/2021,12,131.25,Chelmsford,Happy Tots Childcare Ltd,Childcare and Education,LP07BU2,0
2,Childcare Practitioner,CEDL2024,01/04/2021,15,105.75,Colchester,Gingerbread Nursery,Childcare and Education,LP08CA1,-1
2,Lifeguard and Leisure Assistant Apprentice,CEDL2029,09/04/2021,12,79.5,Loughton,Ultimate Fitness Centre,Childcare and Education,LP33MA1,-1
2,Lifeguard and Leisure Assistant Apprentice,CEDL2030,09/04/2021,18,79.5,Waltham Abbey,Ultimate Fitness Centre,Childcare and Education,LP33MA1,-1
2,Lifeguard and Leisure Assistant Apprentice,CEDL2031,09/04/2021,12,79.5,Wickford,Ultimate Fitness Centre,Childcare and Education,LP33MA1,-1
2,Nursery Assistant,CEDL2032,23/04/2021,20,107,Brentwood,Tiny Tots Day Nursery,Childcare and Education,LP41RU1,-1
2,Nursery Assistant,CEDL2034,11/05/2021,12,106,Colchester,Poppins Kindergarten,Childcare and Education,LP25HU3,-1
2,Nursery Assistant,CEDL2037,12/04/2021,20,79.5,Basildon,Copper Rascal Creche,Childcare and Education,LP41RU1,-1
2,Nursery Assistant,CEDL2040,30/03/2021,12,112.5,Saffron Walden,Elmwood Day Care Nursery,Childcare and Education,LP27LA1,-1
2,Supporting Teaching and Learning,CEDL2042,25/04/2021,24,79.5,Braintree,St Breock Primary School,Childcare and Education,LP08CA1,-1
2,Swim Teacher Apprentice,CEDL2044,23/06/2021,20,142.55,Chelmsford,Ultimate Fitness Centre,Childcare and Education,LP07BU2,-1
2,Teaching Assistant,CEDL2047,05/04/2021,12,79.5,Colchester,Busybee Nursery,Childcare and Education,LP07BU2,0
2,Teaching Support Adults,CEDL2048,31/03/2021,20,98.05,Harlow,Ballantynes Training,Childcare and Education,LP48ST3,-1
2,Trainee Nursery Assistant,CEDL2049,20/05/2021,12,99.37,Bishops Stortford,Flourish Early Education,Childcare and Education,LP41RU1,-1
3,Childcare Apprentice,CEDL3008,21/05/2021,20,106,Braintree,Stepping Stone Preschool,Childcare and Education,LP41RU1,-1
3,Childcare Assistant,CEDL3022,12/04/2021,20,79.5,Ongar,Jemima Day Nursery,Childcare and Education,LP07BU2,-1
3,Childcare Practitioner,CEDL3025,01/04/2021,18,131.25,Maldon,Tiny Tots Day Nursery,Childcare and Education,LP08CA1,-1
3,Learning Support Assistant,CEDL3027,07/05/2021,24,79.5,Colchester,Halsop Junior School,Childcare and Education,LP51TA3,-1
3,Leisure Operative,CEDL3028,22/06/2021,24,136.8,Colchester,Daystart Leisure Centre,Childcare and Education,LP07BU2,-1
3,Nursery Assistant,CEDL3033,23/04/2021,24,106,Colchester,Little Treasure Day Nursery,Childcare and Education,LP11CO2,-1
3,Nursery Assistant,CEDL3035,05/04/2021,20,106,Colchester,Poppins Kindergarten,Childcare and Education,LP25HU3,-1
3,Nursery Assistant,CEDL3036,13/05/2021,18,79.5,Basildon,Copper Rascal Creche,Childcare and Education,LP41RU1,-1
3,Nursery Assistant,CEDL3038,25/04/2021,24,106,Billericay,Jemima Day Nursery,Childcare and Education,LP30LO3,-1
3,Nursery Assistant,CEDL3039,19/04/2021,12,99.37,Bishops Stortford,Flourish Early Education,Childcare and Education,LP41RU1,-1
3,Nursery Nurse Assistant,CEDL3041,26/03/2021,24,92.75,Braintree,Stepping Stone Preschool,Childcare and Education,LP27LA1,0
3,Swim Teacher,CEDL3043,05/04/2021,18,79.5,Braintree,Daystart Leisure Centre,Childcare and Education,LP14EA1,-1
3,Teaching Assistant,CEDL3045,31/03/2021,18,79.5,Braintree,Busybee Nursery,Childcare and Education,LP07BU2,-1
3,Teaching Assistant,CEDL3046,09/04/2021,24,79.5,Chelmsford,Montesori Junior School,Childcare and Education,LP51TA3,-1
3,Training Supervisor,CEDL3050,10/04/2021,18,100,Basildon,Early Years Consortium,Childcare and Education,LP25HU3,-1
4,Advanced Childcare Apprentice,CEDL4002,21/05/2021,36,164.5,Braintree,Stepping Stone Preschool,Childcare and Education,LP41RU1,-1
4,Childcare Apprentice,CEDL4015,05/04/2021,18,145,Ingatestone,Little Scholars Preschool,Childcare and Education,LP27LA1,-1
4,Childcare Assistant,CEDL4021,14/04/2021,12,79.5,Chelmsford,Waterview Day Nursery,Childcare and Education,LP07BU2,-1
6,Early Years Lead Practitioner,CEDL6026,21/06/2021,60,180.45,Rochford,The Playhouse,Childcare and Education,LP07BU2,-1
2,Apprentice Chef,CHOL2002,25/04/2021,16,175,Brentwood,Helegan Manor,Catering and Hospitality,LP22HR1,-1
2,Apprentice Chef,CHOL2003,25/04/2021,15,175,Brentwood,Ristorante Agostino,Catering and Hospitality,LP22HR1,-1
2,Apprentice Chef,CHOL2004,06/04/2021,18,106,Brentwood,Vortex Bistro,Catering and Hospitality,LP36MA4,-1
2,Apprentice Chef,CHOL2005,23/04/2021,24,106,Brentwood,Vortex Bistro,Catering and Hospitality,LP36MA4,-1
2,Apprentice Chef,CHOL2007,23/04/2021,24,120,Dunmow,The Copper Docks,Catering and Hospitality,LP36MA4,0
2,Apprentice Chef,CHOL2009,23/04/2021,16,106,Witham,Marcellos Wine Bar,Catering and Hospitality,LP36MA4,-1
2,Apprentice Hospitality Assistant,CHOL2010,31/03/2021,14,79.5,Maldon,Littlplates Tearoom,Catering and Hospitality,LP49TA1,-1
2,Assistant Cook,CHOL2011,29/04/2021,14,79.5,Chelmsford,Busybee Nursery,Catering and Hospitality,LP07BU2,0
2,Chef Apprentice,CHOL2012,11/06/2021,14,92.75,Braintree,Eclipse Garden Centre,Catering and Hospitality,LP03BA1,-1
2,Chef Apprentice,CHOL2014,11/06/2021,18,106,Braintree,Eclipse Garden Centre,Catering and Hospitality,LP03BA1,-1
2,Chef Apprentice,CHOL2017,11/06/2021,20,92.75,Colchester,Eclipse Garden Centre,Catering and Hospitality,LP03BA1,-1
2,Chef Apprentice,CHOL2018,11/06/2021,12,106,Colchester,Eclipse Garden Centre,Catering and Hospitality,LP03BA1,0
2,Commis Chef,CHOL2019,23/04/2021,12,106,Witham,The Oyster Bar,Catering and Hospitality,LP08CA1,-1
2,Culinary Apprentice,CHOL2021,23/04/2021,18,106,Waltham Abbey,Rosehill Hotel,Catering and Hospitality,LP49TA1,0
2,Front Of House Trainee,CHOL2022,23/04/2021,12,125,Burnham on Crouch,The Oyster Bar,Catering and Hospitality,LP36MA4,-1
2,Kitchen Apprentice,CHOL2025,06/04/2021,12,79.5,Chelmsford,Topcat Catering,Catering and Hospitality,LP36MA4,-1
2,Kitchen Apprentice,CHOL2026,23/04/2021,18,79.5,Chelmsford,Warnes Restaurant and Bar,Catering and Hospitality,LP36MA4,-1
2,Kitchen Assistant,CHOL2027,23/04/2021,16,80.4,Halstead,Tamarind Indian Cuisine,Catering and Hospitality,LP52TR1,0
2,Kitchen Assistant,CHOL2028,23/04/2021,12,80.4,Halstead,The Maharajah,Catering and Hospitality,LP52TR1,-1
2,Management Apprenticeship Programme,CHOL2030,28/05/2021,14,126.66,Chelmsford,Cedar Hotel,Catering and Hospitality,LP49TA1,-1
2,Trainee Chef,CHOL2032,23/04/2021,15,135,Braintree,Pickles Retreat,Catering and Hospitality,LP36MA4,-1
2,Trainee Chef,CHOL2033,07/04/2021,16,92.75,Hockley,Tolgate Catering Services Ltd,Catering and Hospitality,LP33MA1,-1
3,Advanced Butcher,CHOL3001,15/05/2021,22,125,Basildon,Topcat Catering,Catering and Hospitality,LP41RU1,-1
3,Apprentice Chef,CHOL3006,23/04/2021,15,83.2,Chelmsford,The Earl of St Vincent,Catering and Hospitality,LP09CH1,-1
3,Apprentice Chef,CHOL3008,07/04/2021,24,106,Witham,Crystal Wine Bar,Catering and Hospitality,LP36MA4,-1
3,Chef Apprentice,CHOL3015,11/06/2021,18,92.75,Chelmsford,Eclipse Garden Centre,Catering and Hospitality,LP03BA1,-1
3,Chef Apprentice,CHOL3016,11/06/2021,24,106,Chelmsford,Eclipse Garden Centre,Catering and Hospitality,LP03BA1,-1
3,Culinary Apprentice,CHOL3020,23/04/2021,18,106,Waltham Abbey,Bloomville Hotels,Catering and Hospitality,LP49TA1,-1
3,Management Apprentice,CHOL3029,02/04/2021,36,126.66,Bishops Stortford,Cedar Hotel,Catering and Hospitality,LP49TA1,-1
3,Patisserie Apprentice,CHOL3031,29/04/2021,24,100.7,Witham,Patisserie Creations,Catering and Hospitality,LP13DU1,-1
3,Trainee Valeting Technician,CHOL3034,18/04/2021,12,79.5,Brentwood,Crystal Conservatories,Catering and Hospitality,LP36MA4,0
4,Hospitality Manager,CHOL4024,09/04/2021,20,201.75,Colchester,Mannings Restaurant and Bar,Catering and Hospitality,LP36MA4,-1
6,Front Of House Trainee,CHOL6023,12/04/2021,48,125,Burnham on Crouch,The Oyster Bar,Catering and Hospitality,LP36MA4,-1
2,Bricklaying Operative,CONL2001,21/05/2021,20,103.35,Basildon,Hunter Construction,Construction,LP40PO1,0
2,Brickwork Trainee,CONL2002,26/04/2021,24,112.65,Clacton on Sea,Derry Builders and Contractors,Construction,LP08CA1,-1
2,Cladding and Roofing Operative,CONL2004,21/05/2021,24,103.35,Basildon,Hunter Construction,Construction,LP40PO1,-1
2,Painting and Decorating,CONL2008,23/04/2021,18,95,Loughton,A Splash of Colour,Construction,LP20HE1,-1
2,Property Maintenance Operative,CONL2009,24/04/2021,12,79.5,Colchester,Derry Builders and Contractors,Construction,LP50TA2,-1
2,Roofer,CONL2011,10/05/2021,24,79.5,Braintree,Beaver Construction,Construction,LP08CA1,-1
2,Scaffolder,CONL2012,09/05/2021,24,106,Chigwell,Skyline Contractors,Construction,LP29LO2,-1
3,Highways Maintenance Supervisor,CONL3005,27/04/2021,36,198.75,Colchester,Beaver Contractors,Construction,LP50TA2,-1
3,Installation and Maintenance Electrician,CONL3006,24/04/2021,42,140,Braintree,Beaver Contractors,Construction,LP04BO1,-1
3,Painting and Decorating,CONL3007,30/04/2021,12,98.05,Harlow,Ballantynes Training,Construction,LP48ST3,-1
3,Railway Engineering Design Technician,CONL3010,25/04/2021,36,79.5,Benfleet,Derry Builders and Contractors,Construction,LP50TA2,-1
6,Civil Engineer,CONL6003,26/04/2021,66,105.38,Colchester,Skyline Contractors,Construction,LP27LA1,-1
2,Car Rental Customer Service,CSEL2001,26/04/2021,12,220.45,Bishops Stortford,Ayres Car Rental,Customer Service,LP51TA3,-1
2,Customer Care Agent,CSEL2002,26/04/2021,18,112.75,Maldon,Paramount Insurance Services Ltd,Customer Service,LP44SO2,-1
2,Customer Service Apprentice,CSEL2004,23/04/2021,24,106,Braintree,Emporer Tools,Customer Service,LP35MA3,-1
2,Front Of Restaurant Waitress,CSEL2005,22/04/2021,18,80,Colchester,Pickwick Inn,Customer Service,LP11CO2,-1
2,Sales Apprentice,CSEL2006,21/05/2021,12,120,Colchester,Samara Financial Services,Customer Service,LP34MA2,0
2,Sales Person,CSEL2007,14/04/2021,12,106,Rayleigh,Tickford Stationery Supplies,Customer Service,LP41RU1,0
2,Service Advisor Apprentice,CSEL2008,19/04/2021,12,106,Chelmsford,Kasper Tyre House,Customer Service,LP37ME1,-1
2,Tearoom Assistant,CSEL2009,20/04/2021,12,79.5,Chelmsford,Falcon Tearoom,Customer Service,LP41RU1,-1
2,Trainee Recruiter,CSEL2010,15/04/2021,20,106,Loughton,Premier Recruitment Consultants,Customer Service,LP15EA2,0
3,Customer Service Apprentice,CSEL3003,16/04/2021,12,86.13,Chelmsford,Grenville Design Services,Customer Service,LP51TA3,-1
2,Data Research Assistant,DIGL2011,23/04/2021,12,120,Chelmsford,Data Directory Ltd,Digital,LP34MA2,0
2,First Line Support,DIGL2019,24/04/2021,18,140,Chelmsford,Zen Solutions Ltd,Digital,LP41RU1,-1
2,ICT Technician,DIGL2021,02/05/2021,20,105,Stansted,Progress Academy,Digital,LP48ST3,-1
2,IT and Media Support Apprentice,DIGL2023,30/03/2021,12,98.05,Chelmsford,Extended Digital Services,Digital,LP09CH1,-1
2,IT and Telecoms Practitioner,DIGL2026,25/04/2021,18,106,Loughton,Maxwell Foundation School,Digital,LP01AS1,-1
2,IT Apprentice,DIGL2027,10/05/2021,20,106,Rayleigh,Pixel Developments Ltd,Digital,LP21HO1,-1
2,IT Office Administrator,DIGL2029,08/05/2021,12,86.13,Rochford,Invictus Support Services,Digital,LP51TA3,-1
2,IT Support,DIGL2031,10/06/2021,12,125,Maldon,Maxwell Foundation School,Digital,LP04BO1,0
2,IT Support Advisor,DIGL2032,06/04/2021,20,100,Colchester,Westgate Property Services,Digital,LP23HU1,0
2,IT Support and Networking,DIGL2034,27/04/2021,24,150,Chigwell,Progress High School,Digital,LP45SO3,-1
2,IT Support and Networking,DIGL2037,30/03/2021,12,150,Harlow,Netware Security Systems Ltd,Digital,LP45SO3,-1
2,Print Administrator,DIGL2041,02/04/2021,12,100.7,Basildon,Sycamore Printing Services,Digital,LP51TA3,-1
2,Reprographics Media Technician,DIGL2042,03/05/2021,18,99.38,Benfleet,Gravel Hill School,Digital,LP21HO1,-1
2,Service Desk Analyst Information Services,DIGL2044,07/05/2021,18,120,Chelmsford,Townhouse Property Services,Digital,LP41RU1,-1
2,Social Media Apprentice,DIGL2046,23/04/2021,24,92.75,Braintree,Digi Media Alliance,Digital,LP08CA1,-1
2,Database Co-ordinator Apprentice,DIGL2055,09/06/2021,18,138.75,Chelmsford,Tawara Digimedia Ltd,Digital,LP45SO3,-1
3,Apprentice Research Executive,DIGL3001,28/03/2021,26,120,Chelmsford,Radar Data Marketing Ltd,Digital,LP54UP2,-1
3,Communications Specialist,DIGL3003,01/06/2021,12,100,Loughton,Wave Software Development,Digital,LP24HU2,-1
3,Computer Engineer,DIGL3005,23/04/2021,30,140,Colchester,Wave Software Development,Digital,LP23HU1,0
3,Digital Applications Technician,DIGL3015,07/06/2021,18,100,Chelmsford,Pixel Developments Ltd,Digital,LP41RU1,-1
3,Digital Marketer,DIGL3017,23/05/2021,18,198.75,Brentwood,Zen Solutions Ltd,Digital,LP41RU1,-1
3,ICT Support Technician,DIGL3020,15/05/2021,24,175,Chigwell,Digital Pixel Ltd,Digital,LP29LO2,-1
3,Infrastructure Technician,DIGL3022,27/05/2021,12,79.5,Wickford,Netware Security Systems Ltd,Digital,LP51TA3,-1
3,IT and Media Support Apprentice,DIGL3024,30/03/2021,24,129.5,Chelmsford,Extended Digital Services,Digital,LP09CH1,-1
3,IT and Telecoms Practitioner,DIGL3025,29/03/2021,24,160,Harlow,Advance Techo Limited,Digital,LP01AS1,-1
3,IT Solution Technician,DIGL3030,09/06/2021,24,100,Colchester,Netware Security Systems Ltd,Digital,LP20HE1,-1
3,IT Support and Networking,DIGL3035,30/03/2021,18,150,Chigwell,Forest Gate High School,Digital,LP45SO3,-1
3,IT Support and Networking,DIGL3036,27/04/2021,18,150,Harlow,Roland Systems Ltd,Digital,LP45SO3,-1
3,IT Technical Salesperson,DIGL3038,30/05/2021,12,131.25,Loughton,Digi Media Alliance,Digital,LP44SO2,-1
3,Network Cable Installer,DIGL3039,11/06/2021,24,230,Colchester,Pixel Developments Ltd,Digital,LP51TA3,-1
3,Sales and Data Research Assistant,DIGL3043,02/04/2021,12,120,Chelmsford,Data Directory Ltd,Digital,LP04BO1,-1
3,Service Desk Analyst Information Services,DIGL3045,07/04/2021,18,120,Chelmsford,Townhouse Property Services,Digital,LP41RU1,-1
3,Social Media Apprentice,DIGL3047,28/04/2021,18,106,Colchester,Chisolms Quality Solicitors,Digital,LP08CA1,-1
3,Software Development Technician,DIGL3050,31/05/2021,12,97.5,Chelmsford,Pixel Developments Ltd,Digital,LP04BO1,-1
3,Website Content and Administrator,DIGL3053,11/04/2021,24,146.35,Braintree,Tawara Digimedia Ltd,Digital,LP48ST3,-1
4,Communications Specialist,DIGL4002,26/05/2021,24,201.75,Bishops Stortford,Pixel Developments Ltd,Digital,LP08CA1,-1
4,Community IT Coordinator,DIGL4004,03/06/2021,24,98.05,Wickford,Forest Gate High School,Digital,LP51TA3,0
4,Cyber Intrusion Analyst,DIGL4006,24/05/2021,24,186.55,Rayleigh,Tawara Digimedia Ltd,Digital,LP41RU1,-1
4,Cyber Security Technologist,DIGL4008,29/05/2021,24,79.5,Basildon,Advance Techo Limited,Digital,LP51TA3,-1
4,Data Analyst,DIGL4009,25/05/2021,24,106,Chelmsford,Pixel Developments Ltd,Digital,LP41RU1,-1
4,Data Analyst,DIGL4010,25/06/2021,24,168,Clacton on Sea,Roland Systems Ltd,Digital,LP42SE1,-1
4,IT Business Analyst,DIGL4028,02/06/2021,18,100,Colchester,Invictus Support Services,Digital,LP41RU1,-1
4,IT Support and Networking,DIGL4033,30/03/2021,24,150,Chelmsford,Zen Solutions Ltd,Digital,LP45SO3,0
4,Network Engineer,DIGL4040,21/05/2021,24,79.5,Bishops Stortford,Maxwell Foundation School,Digital,LP08CA1,0
4,Software Developer,DIGL4048,20/05/2021,24,79.5,Braintree,Wave Software Development,Digital,LP04BO1,-1
4,Software Developer,DIGL4049,19/05/2021,24,140,Wickford,Pixel Developments Ltd,Digital,LP51TA3,-1
4,Video Games Quality Assurance Technician,DIGL4052,12/06/2021,36,230.77,Clacton on Sea,Pixel Developments Ltd,Digital,LP08CA1,-1
4,Software and Database Development Apprentice,DIGL4054,07/05/2021,20,192.4,Basildon,Tawara Digimedia Ltd,Digital,LP07BU2,-1
6,Cyber Security Technical Professional,DIGL6007,04/06/2021,48,106,Basildon,Wave Software Development,Digital,LP41RU1,-1
6,Data Scientist,DIGL6012,05/06/2021,36,79.5,Clacton on Sea,Pixel Developments Ltd,Digital,LP42SE1,-1
6,Digital and Technology Solutions Professional,DIGL6014,22/05/2021,36,105.38,Manningtree,Pixel Developments Ltd,Digital,LP08CA1,-1
6,Digital Marketer,DIGL6016,13/06/2021,48,150,Basildon,Advance Techo Limited,Digital,LP41RU1,-1
6,Digital User Experience Professional,DIGL6018,08/06/2021,40,106,Billericay,Wave Software Development,Digital,LP41RU1,-1
7,Digital and Technology Solution Specialist,DIGL7013,06/06/2021,60,100,Manningtree,Advance Techo Limited,Digital,LP08CA1,-1
2,Apprentice Lathe Turning Assistant,EMAL2001,26/04/2021,18,93.8,Witham,MCV Engineering,Engineering and Manufacturing,LP08CA1,-1
2,Apprentice Printer,EMAL2002,14/04/2021,18,95,Harlow,Haven Creative Ltd,Engineering and Manufacturing,LP17FA1,-1
2,Apprentice Welder Fabricator,EMAL2003,21/06/2021,16,106.5,Witham,Welby Forge,Engineering and Manufacturing,LP22HR1,-1
2,Glazing Operative,EMAL2006,13/05/2021,18,106,Loughton,Diamond Window Systems Ltd,Engineering and Manufacturing,LP44SO2,-1
2,Light Vehicle Technician,EMAL2012,23/04/2021,12,98.05,Basildon,Heaton Service Centre,Engineering and Manufacturing,LP06BU1,-1
2,Light Vehicle Technician,EMAL2014,21/05/2021,12,122.5,Chelmsford,Chelm Car Centre,Engineering and Manufacturing,LP16EN1,-1
2,Light Vehicle Technician,EMAL2015,03/05/2021,12,106,Colchester,Executive Cars,Engineering and Manufacturing,LP12DA1,-1
2,Light Vehicle Technician,EMAL2016,23/05/2021,24,106,Loughton,Enigmotors,Engineering and Manufacturing,LP26KE1,-1
2,Light Vehicle Technician,EMAL2018,23/04/2021,12,98.05,Southend on Sea,Martin Motors,Engineering and Manufacturing,LP06BU1,-1
2,Masters Car Technician,EMAL2021,25/04/2021,36,140,Braintree,Headway Motor Fleet ,Engineering and Manufacturing,LP18FA2,-1
2,Motor Vehicle Technician,EMAL2023,02/04/2021,12,106,Colchester,Prestige Motors,Engineering and Manufacturing,LP26KE1,-1
2,Parts Consultant,EMAL2024,17/05/2021,20,106,Harlow,Kudos Motor Company,Engineering and Manufacturing,LP49TA1,-1
2,Service Technician,EMAL2028,17/05/2021,18,106,Braintree,Tregonnings Motor Care and Repairs,Engineering and Manufacturing,LP49TA1,-1
2,Service Technician,EMAL2030,05/04/2021,18,106,Harlow,Kudos Motor Company,Engineering and Manufacturing,LP49TA1,-1
2,Service Technician,EMAL2031,31/05/2021,14,106,Rayleigh,Prestige Motors,Engineering and Manufacturing,LP49TA1,-1
2,Service Technician,EMAL2032,31/05/2021,12,106,Rayleigh,Prestige Motors,Engineering and Manufacturing,LP49TA1,-1
2,Vehicle Technician,EMAL2034,17/05/2021,12,106.5,Colchester,Bateman Auto Centre,Engineering and Manufacturing,LP26KE1,0
2,Welding and Plant Fitting Engineer,EMAL2036,18/04/2021,18,130,Brentwood,Fusion Engineering,Engineering and Manufacturing,LP22HR1,-1
3,Apprentice Welder Fabricator,EMAL3004,11/04/2021,36,142.3,Witham,Welby Forge,Engineering and Manufacturing,LP22HR1,-1
3,Heavy Vehicle Technician,EMAL3007,23/05/2021,18,106,Bishops Stortford,Axle Automotive Commercials Plc,Engineering and Manufacturing,LP26KE1,-1
3,Heavy Vehicle Technician,EMAL3008,23/04/2021,36,120,Witham,LCP Eastern,Engineering and Manufacturing,LP39NO1,-1
3,Heavy Vehicle Technician,EMAL3009,23/04/2021,20,120,Witham,Kardos Haulage Services,Engineering and Manufacturing,LP39NO1,0
3,Light Vehicle Service and Maintenance Technician,EMAL3010,08/05/2021,36,98.05,Hockley,Fusion Engineering,Engineering and Manufacturing,LP41RU1,0
3,Light Vehicle Technician,EMAL3011,21/05/2021,18,122.5,Basildon,Kepto Tyres Limited,Engineering and Manufacturing,LP16EN1,-1
3,Light Vehicle Technician,EMAL3013,23/04/2021,24,98.05,Basildon,Rubicon Service Centre,Engineering and Manufacturing,LP06BU1,-1
3,Light Vehicle Technician,EMAL3017,23/04/2021,24,98.05,Southend on Sea,Chapman Motors,Engineering and Manufacturing,LP06BU1,-1
3,Marine Engineer,EMAL3020,11/05/2021,48,100,Maldon,Dancer Freight Management,Engineering and Manufacturing,LP50TA2,-1
3,Photocopier and Printer Service Engineer,EMAL3025,01/04/2021,24,110,Witham,Bright Business Machines Ltd,Engineering and Manufacturing,LP08CA1,-1
3,Quality Assurance Operative,EMAL3026,30/03/2021,18,106,Harwich,Golden Oriental Foods,Engineering and Manufacturing,LP08CA1,0
3,Refrigeration Air Conditioning Technician,EMAL3027,08/05/2021,36,156,Ongar,Sultan Air Conditioning Limited,Engineering and Manufacturing,LP20HE1,-1
3,Service Technician,EMAL3029,17/05/2021,24,106,Chelmsford,Motor Group Chelm,Engineering and Manufacturing,LP49TA1,-1
3,Test Engineer Apprentice,EMAL3033,29/03/2021,24,107.62,Colchester,Media Solutions,Engineering and Manufacturing,LP08CA1,-1
3,Welding and Plant Fitting Engineer,EMAL3035,16/05/2021,24,130,Brentwood,Fusion Engineering,Engineering and Manufacturing,LP22HR1,-1
4,Body Panel Apprentice,EMAL4005,26/04/2021,36,106,Harlow,Mayflower Custom Motors,Engineering and Manufacturing,LP37ME1,-1
4,Light Vehicle Technician,EMAL4019,21/05/2021,24,122.5,Waltham Abbey,Star Motors,Engineering and Manufacturing,LP16EN1,-1
4,Mechanical Engineer,EMAL4022,04/04/2021,36,147.2,Colchester,Maston Electro Assembly,Engineering and Manufacturing,LP08CA1,-1
2,Barbering Trainee,HBEL2002,08/04/2021,18,140,Epping,Heath Hair Salon,Hair and Beauty,LP28LO1,-1
2,Beauty Apprentice,HBEL2003,02/04/2021,20,79.5,Rayleigh,Natures Secrets Health and Beauty,Hair and Beauty,LP51TA3,-1
2,Beauty Apprentice,HBEL2004,23/04/2021,18,79.5,Rayleigh,The Beauty Spot,Hair and Beauty,LP51TA3,-1
2,Beauty Therapist,HBEL2005,02/04/2021,24,106,Chelmsford,Eve Beauty Studio,Hair and Beauty,LP51TA3,-1
2,Hairdressing Apprentice,HBEL2009,09/05/2021,18,102,Brentwood,Spectrum Hair Salon,Hair and Beauty,LP22HR1,-1
2,Hairdressing Apprentice,HBEL2010,07/05/2021,24,79.5,Brentwood,Image Studio,Hair and Beauty,LP51TA3,-1
2,Hairdressing Apprentice,HBEL2012,07/05/2021,12,79.5,Chelmsford,Hair Flair,Hair and Beauty,LP51TA3,0
2,Hairdressing Apprentice,HBEL2014,23/06/2021,12,79.5,Loughton,Progress Salon,Hair and Beauty,LP28LO1,-1
2,Hairdressing Apprentice,HBEL2015,25/04/2021,12,79.5,Rochford,Prizim Hair Salon,Hair and Beauty,LP51TA3,-1
2,Hairdressing Apprentice,HBEL2016,23/04/2021,18,106,Saffron Walden,Lady Mirella Hairstyling,Hair and Beauty,LP20HE1,-1
3,Advanced Beauty Apprentice,HBEL3001,07/05/2021,20,84,Hockley,Glamour Puss,Hair and Beauty,LP41RU1,-1
3,Beauty Therapist In Massage,HBEL3006,16/04/2021,24,86,Saffron Walden,Serenity Day Spa,Hair and Beauty,LP20HE1,-1
3,Hairdressing Apprentice,HBEL3007,07/05/2021,18,79.5,Benfleet,Ambassador Hair Studio,Hair and Beauty,LP51TA3,-1
3,Hairdressing Apprentice,HBEL3008,23/06/2021,12,79.5,Brentwood,Progress Salon,Hair and Beauty,LP28LO1,-1
3,Hairdressing Apprentice,HBEL3011,07/05/2021,18,79.5,Chelmsford,Aruba Hair Design,Hair and Beauty,LP51TA3,-1
3,Hairdressing Apprentice,HBEL3013,07/05/2021,24,92.75,Dunmow,Inspirations Hair Salon,Hair and Beauty,LP51TA3,0
3,Hairdressing Apprentice,HBEL3017,23/04/2021,16,100,Saffron Walden,Reflections Hair Boutique,Hair and Beauty,LP20HE1,-1
2,Optical Assistant,HSCL2003,30/04/2021,24,106,Rayleigh,Clear Vision Ltd,Health and Science,LP41RU1,0
2,Pharmacy Counter Assistant,HSCL2005,10/05/2021,18,106,Colchester,Wellwise Pharmacy,Health and Science,LP41RU1,-1
2,Pharmacy Counter Assistant,HSCL2007,28/03/2021,18,108,Hockley,Randall Pharmacy,Health and Science,LP31LU1,-1
2,Pharmacy Counter Assistant,HSCL2008,20/05/2021,24,80,Colchester,Marsh Pharmacy,Health and Science,LP41RU1,-1
2,Pharmacy Counter Assistant,HSCL2009,16/04/2021,12,80,Colchester,Marsh Pharmacy,Health and Science,LP41RU1,-1
3,Optical Assistant,HSCL3004,29/03/2021,24,106,Rayleigh,Swallows Opticians,Health and Science,LP41RU1,0
3,Pharmacy Counter Assistant,HSCL3006,04/04/2021,24,106,Colchester,Wellwise Pharmacy,Health and Science,LP41RU1,-1
3,Pharmacy Technician,HSCL3010,24/06/2021,24,136,Witham,Pharma Health,Health and Science,LP39NO1,-1
4,Laboratory Analyst,HSCL4002,12/04/2021,36,230.77,Harlow,Doyle Pharmaceuticals Plc,Health and Science,LP07BU2,-1
5,Laboratory Analyst,HSCL5001,12/04/2021,36,230,Harlow,Doyle Pharmaceuticals Plc,Health and Science,LP07BU2,-1
2,Accountancy Apprentice,LFAL2001,19/05/2021,12,96.2,Rochford,Baker Pearce Accountancy,Legal Finance and Accounting,LP44SO2,-1
2,Accounts Assistant,LFAL2002,23/04/2021,12,120,Chelmsford,Abstract Group Limited,Legal Finance and Accounting,LP09CH1,-1
2,Customer Experience Associate,LFAL2005,23/04/2021,18,192.3,Chelmsford,Neon Financial Data Services,Legal Finance and Accounting,LP07BU2,0
2,Junior Accounts Clerk,LFAL2006,26/04/2021,15,93.8,Clacton on Sea,Barker Accountants,Legal Finance and Accounting,LP08CA1,-1
2,Trainee Bookkeeper,LFAL2008,23/04/2021,15,99.38,Colchester,Wood Turners Ltd,Legal Finance and Accounting,LP08CA1,-1
3,Accounts Assistant,LFAL3003,23/04/2021,18,138,Colchester,The Medical Resource Centre,Legal Finance and Accounting,LP08CA1,-1
3,Apprentice Insurance Broker,LFAL3004,23/04/2021,24,300,Chelmsford,Quilliam Financial Data Services,Legal Finance and Accounting,LP18FA2,-1
3,Trainee Financial Administrator,LFAL3009,26/04/2021,24,112.5,Maldon,Financial Solutions Ltd,Legal Finance and Accounting,LP46ST1,-1
4,Trainee Accountant,LFAL4007,30/04/2021,36,112.5,Chelmsford,Elite Accountancy Services Ltd,Legal Finance and Accounting,LP09CH1,-1
3,Health and Safety Apprentice,PSEL3003,31/03/2021,36,150,Basildon,Vickers Training,Protective Services,LP51TA3,-1
3,Operational Firefighter,PSEL3004,13/05/2021,70,175.6,Witham,Ballantynes Training,Protective Services,LP39NO1,-1
3,Safety Health and Environment Technician,PSEL3006,12/04/2021,50,195,Loughton,Ballantynes Training,Protective Services,LP08CA1,-1
4,Business Fire Safety Advisor,PSEL4001,20/04/2021,70,215.35,Colchester,Hammond Corporate Services Limited,Protective Services,LP41RU1,-1
5,Community Safety Advisor,PSEL5002,07/04/2021,65,196.85,Braintree,Community Support Services,Protective Services,LP04BO1,-1
7,Risk and Safety Management Professional,PSEL7005,26/06/2021,48,176,Colchester,Clover Housing Association Ltd,Protective Services,LP08CA1,-1
2,Adult Care Worker,SCAL2001,24/05/2021,12,131.25,Halstead,Accent Housing Group,Social Care,LP50TA2,-1
2,Care Assistant,SCAL2002,01/04/2021,18,98.05,Clacton on Sea,Sandersons Care Home,Social Care,LP50TA2,-1
2,Care Assistant,SCAL2003,04/04/2021,12,195,Harlow,Watson Quality Systems,Social Care,LP32MG1,0
2,Care Assistant,SCAL2004,25/04/2021,12,121.5,Harlow,Cameo Care Ltd,Social Care,LP02AU1,-1
2,Care Assistant,SCAL2005,29/03/2021,12,233.47,Maldon,Bailey House,Social Care,LP41RU1,-1
2,Care Assistant,SCAL2006,30/04/2021,24,233.47,Maldon,Pendennis House,Social Care,LP41RU1,-1
2,Care Worker,SCAL2008,04/05/2021,12,204,Harlow,Care Plus,Social Care,LP02AU1,-1
2,Health and Social Care Apprentice,SCAL2011,29/04/2021,24,98.05,Benfleet,Saxon Cares Limited,Social Care,LP50TA2,0
2,Health and Social Care Apprentice,SCAL2012,24/05/2021,12,105.8,Braintree,Crown Care Agency,Social Care,LP50TA2,0
2,Health and Social Care Apprentice,SCAL2013,29/04/2021,20,98.05,Brentwood,Saxon Cares Limited,Social Care,LP50TA2,-1
2,Health and Social Care Apprentice,SCAL2014,27/04/2021,12,98.05,Clacton on Sea,Seascape Residential Home,Social Care,LP50TA2,-1
2,Health and Social Care Apprentice,SCAL2017,15/04/2021,24,92.75,Southminster,Sabrina Lodge,Social Care,LP41RU1,-1
2,Health and Social Care Apprentice,SCAL2018,29/04/2021,15,98.05,Braintree,Saxon Cares Limited,Social Care,LP50TA2,-1
2,Healthcare Assistant,SCAL2020,12/04/2021,12,240,Colchester,Tall Trees Care Home,Social Care,LP51TA3,-1
2,Lead Care Assistant Apprentice,SCAL2022,12/04/2021,15,186.5,Colchester,Sycamore Care Home,Social Care,LP51TA3,-1
2,Social Care Support Worker,SCAL2030,19/05/2021,20,98.05,Clacton on Sea,Tynedale Care Homes Ltd,Social Care,LP50TA2,0
2,Support Assistant,SCAL2034,02/04/2021,12,185.7,Basildon,Clover Housing Association Ltd,Social Care,LP51TA3,-1
2,Support Assistant,SCAL2036,02/04/2021,16,185.7,Billericay,Clover Housing Association Ltd,Social Care,LP51TA3,-1
3,Care Assistant,SCAL3007,01/04/2021,24,98.05,Colchester,Carlton Lodge Residential Home,Social Care,LP50TA2,-1
3,Community Care Practitioner Apprentice,SCAL3009,07/04/2021,15,150.75,Chelmsford,Guardian Care Response Ltd,Social Care,LP02AU1,-1
3,Early Years Childcare Apprentice,SCAL3010,13/05/2021,15,140,Clacton on Sea,Daisy Chain House,Social Care,LP50TA2,0
3,Health and Social Care Apprentice,SCAL3015,29/04/2021,18,98.05,Colchester,Saxon Cares Limited,Social Care,LP54UP2,-1
3,Healthcare Assistant,SCAL3019,27/04/2021,18,100,Maldon,Windhurst Care Home Ltd,Social Care,LP50TA2,-1
4,Lead Adult Care Worker,SCAL3021,15/06/2021,18,175.8,Halstead,Accent Housing Group,Social Care,LP02AU1,-1
3,Lead Care Assistant Apprentice,SCAL3023,28/03/2021,15,224.7,Basildon,Grange Care Home,Social Care,LP02AU1,-1
3,Personal Assistant Health and Social Care,SCAL3026,28/04/2021,18,98.05,Colchester,MTK Care Ltd,Social Care,LP32MG1,-1
6,Rehabilitation Practitioner,SCAL3027,18/06/2021,24,187.45,Harlow,Community Support Services,Social Care,LP32MG1,-1
3,Senior Carer,SCAL3028,09/04/2021,18,195.6,Braintree,Crown Care Agency,Social Care,LP50TA2,0
4,Senior Healthcare Support Worker,SCAL3029,02/04/2021,15,187.65,Colchester,Southwater Care,Social Care,LP51TA3,-1
3,Social Care Support Worker,SCAL3031,19/05/2021,9,98.05,Halstead,Tynedale Care Homes Ltd,Social Care,LP50TA2,-1
3,Support Assistant,SCAL3035,02/04/2021,20,185.7,Benfleet,Clover Housing Association Ltd,Social Care,LP51TA3,-1
3,Support Assistant,SCAL3037,02/04/2021,12,185.7,Wickford,Clover Housing Association Ltd,Social Care,LP51TA3,-1
3,Youth Worker,SCAL3038,20/06/2021,24,99.38,Harlow,Community Support Services,Social Care,LP32MG1,-1
4,Health and Social Care Apprentice,SCAL4016,17/05/2021,18,92.75,Southminster,Sabrina Lodge,Social Care,LP41RU1,-1
4,Lead Practitioner In Adult Care,SCAL4024,16/06/2021,24,150,Maldon,Bailey House,Social Care,LP41RU1,-1
6,Manager In Adult Care,SCAL5025,17/06/2021,22,210.5,Maldon,Bailey House,Social Care,LP02AU1,-1
5,Social Care Worker,SCAL5032,17/05/2021,20,182.65,Stansted,Southwater Care,Social Care,LP02AU1,-1
6,Social Worker,SCAL6033,19/06/2021,48,112.5,Colchester,Southwater Care,Social Care,LP51TA3,-1
2,Apprentice Sales Support,SMPL2001,13/05/2021,12,106,Chelmsford,Studio Skips,Sales Marketing and Procurement,LP41RU1,-1
2,Apprentice Telemarketer,SMPL2002,07/05/2021,18,106,Chelmsford,Focus Services Ltd,Sales Marketing and Procurement,LP41RU1,-1
2,Car Sales Advisor,SMPL2004,17/05/2021,18,136.5,Chelmsford,Carriage Motor Company,Sales Marketing and Procurement,LP41RU1,-1
2,Customer Advisor,SMPL2005,30/04/2021,15,106,Basildon,Luxury Resorts Direct,Sales Marketing and Procurement,LP41RU1,-1
2,Customer Advisor,SMPL2006,29/03/2021,12,106,Basildon,Axiom Holidays Direct ,Sales Marketing and Procurement,LP41RU1,-1
2,Customer Service,SMPL2007,23/04/2021,12,120,Brentwood,Waterworld Leisure Centre,Sales Marketing and Procurement,LP09CH1,0
2,Customer Service Administrator,SMPL2008,28/03/2021,18,138,Chelmsford,Crown Housing Association,Sales Marketing and Procurement,LP07BU2,-1
2,Customer Service Apprentice,SMPL2009,09/05/2021,12,122.5,Brentwood,Athena Services,Sales Marketing and Procurement,LP22HR1,-1
2,Customer Service Apprentice,SMPL2010,18/05/2021,20,79.5,Brentwood,Swayes Golf and Country Club,Sales Marketing and Procurement,LP41RU1,-1
2,Customer Service Apprentice,SMPL2012,05/04/2021,12,106,Chelmsford,Locust Horticultural Ltd,Sales Marketing and Procurement,LP41RU1,-1
2,Customer Service Apprentice,SMPL2014,07/05/2021,18,86.13,Chelmsford,Resource Direct,Sales Marketing and Procurement,LP51TA3,-1
2,Customer Service Apprentice,SMPL2016,07/04/2021,12,120,Romford,Paintball Adventure Games,Sales Marketing and Procurement,LP41RU1,-1
2,Estate Agency Negotiator,SMPL2018,07/05/2021,20,120,Brentwood,Hawkers Residential Limited,Sales Marketing and Procurement,LP51TA3,-1
2,Estate Agency Negotiator,SMPL2019,23/04/2021,18,120,Ingatestone,Jefferies Estate Agent,Sales Marketing and Procurement,LP51TA3,-1
2,Junior Estate Agent,SMPL2022,12/05/2021,24,101.5,Rayleigh,Quantum Estate Agent,Sales Marketing and Procurement,LP15EA2,-1
2,Lettings Negotiator,SMPL2023,21/04/2021,18,106,Loughton,Abacus Lettings,Sales Marketing and Procurement,LP15EA2,-1
2,Retail Apprentice,SMPL2026,26/03/2021,12,79.5,Saffron Walden,The Patchwork Store,Sales Marketing and Procurement,LP27LA1,-1
2,Sales Advisor Apprentice,SMPL2031,19/04/2021,18,79.5,Basildon,Ultimate Fitness Centre,Sales Marketing and Procurement,LP33MA1,0
2,Sales Apprentice,SMPL2032,30/04/2021,12,99.38,Harlow,Mario Office Supplies,Sales Marketing and Procurement,LP41RU1,-1
2,Sales Person,SMPL2033,13/05/2021,15,106,Rayleigh,Tickford Stationery Supplies,Sales Marketing and Procurement,LP41RU1,-1
2,Tearoom Assistant,SMPL2034,24/05/2021,12,79.5,Chelmsford,Falcon Tearoom,Sales Marketing and Procurement,LP41RU1,-1
2,Tele Sales Apprentice,SMPL2035,15/04/2021,12,92.75,Witham,Bright Business Machines Ltd,Sales Marketing and Procurement,LP33MA1,-1
2,Telesales Assistant,SMPL2036,01/04/2021,12,245,Colchester,Bessant Solutions,Sales Marketing and Procurement,LP10CO1,-1
2,Telesales Executive,SMPL2038,26/03/2021,12,160,Ongar,Silverman Technologies Limited,Sales Marketing and Procurement,LP47ST2,0
2,Telesales Operator,SMPL2039,26/03/2021,12,150,Rayleigh,Threshold Business Advisory Limited,Sales Marketing and Procurement,LP04BO1,-1
2,Trainee Recruiter,SMPL2040,17/05/2021,24,106,Loughton,Premier Recruitment Consultants,Sales Marketing and Procurement,LP15EA2,-1
2,Trainee Recruitment Consultant,SMPL2042,04/04/2021,15,120,Loughton,Rossi Associates Limited,Sales Marketing and Procurement,LP01AS1,-1
2,Trainee Sales Negotiator,SMPL2043,12/04/2021,12,100,Billericay,Bond Services,Sales Marketing and Procurement,LP41RU1,-1
2,Trainee Sales Negotiator,SMPL2044,12/04/2021,10,100,Braintree,Bond Services,Sales Marketing and Procurement,LP41RU1,-1
3,Apprentice Telemarketer,SMPL3003,07/04/2021,12,106,Chelmsford,Vibe Office Designs,Sales Marketing and Procurement,LP41RU1,-1
3,Customer Service Apprentice,SMPL3011,17/05/2021,20,106,Chelmsford,Locust Horticultural Ltd,Sales Marketing and Procurement,LP41RU1,-1
3,Customer Service Apprentice,SMPL3013,09/04/2021,18,105.38,Chelmsford,Luxury Motors,Sales Marketing and Procurement,LP51TA3,-1
3,Customer Service Apprentice,SMPL3015,07/05/2021,24,105.38,Chelmsford,Supreme Cars,Sales Marketing and Procurement,LP51TA3,-1
3,Customer Service Assistant,SMPL3017,01/04/2021,18,98.05,Rayleigh,Peerman Electrical Factors Ltd,Sales Marketing and Procurement,LP44SO2,-1
3,Insurance Claims Specialist,SMPL3020,30/04/2021,26,98.05,Chelmsford,Easycall Insurance,Sales Marketing and Procurement,LP04BO1,-1
3,Marketing Assistant,SMPL3024,11/04/2021,30,98.05,Canvey Island,Tetra Media Marketing Services,Sales Marketing and Procurement,LP44SO2,-1
3,Production Assistant,SMPL3025,23/04/2021,26,150,Basildon,Jas Design and Print Ltd,Sales Marketing and Procurement,LP51TA3,-1
3,Retail Assistant Garden Department,SMPL3027,02/04/2021,24,92.75,Colchester,Hummingbird Garden Centre,Sales Marketing and Procurement,LP27LA1,-1
3,Retail Team Leader,SMPL3029,17/05/2021,12,230.77,Loughton,Toseland Clothes Retail,Sales Marketing and Procurement,LP10CO1,-1
3,Sales Administrator,SMPL3030,28/03/2021,20,106,Harlow,The Learning Academy,Sales Marketing and Procurement,LP15EA2,0
3,Telesales Executive,SMPL3037,30/03/2021,18,100,Colchester,Amelia UK Ltd,Sales Marketing and Procurement,LP10CO1,0
3,Trainee Recruitment Consultant,SMPL3041,04/04/2021,18,140,Loughton,Keenan Recruitment Limited,Sales Marketing and Procurement,LP01AS1,-1
3,Trainee Sales Negotiator,SMPL3045,12/04/2021,18,100,Brentwood,Bairstow Homes,Sales Marketing and Procurement,LP41RU1,-1
3,Travel Consultant,SMPL3046,18/05/2021,12,106,Ongar,Metropolis Travel,Sales Marketing and Procurement,LP04BO1,-1
4,Insurance Claims Specialist,SMPL4021,02/04/2021,12,98.05,Chelmsford,Easycall Insurance,Sales Marketing and Procurement,LP04BO1,-1
4,Retail Manager,SMPL4028,16/05/2021,18,230,Chelmsford,Glanvilles Department Store,Sales Marketing and Procurement,LP41RU1,-1
2,Able Deck Seafarer,TLOL2001,07/05/2021,18,100,Rayleigh,Lawson Freight Services,Transport and Logistics,LP21HO1,-1
2,Airside Operator,TLOL2003,02/05/2021,12,79.5,Wickford,Avaway Logistics,Transport and Logistics,LP41RU1,-1
2,Aviation Ground Operative,TLOL2004,30/04/2021,12,201.75,Colchester,Tawara Airways,Transport and Logistics,LP41RU1,-1
2,Factory and Warehouse Assistant,TLOL2009,16/04/2021,16,106,Wickford,Diamond Window Systems Ltd,Transport and Logistics,LP04BO1,0
2,Large Goods Vehicle Driver,TLOL2010,01/05/2021,12,79.5,Halstead,Avaway Logistics,Transport and Logistics,LP50TA2,0
2,Logistical Clerk,TLOL2011,30/03/2021,18,106,Harwich,Golden Oriental Foods,Transport and Logistics,LP08CA1,-1
2,Production Assistant,TLOL2012,30/04/2021,16,150,Basildon,Jas Design and Print Ltd,Transport and Logistics,LP04BO1,-1
2,Production Assistant,TLOL2013,02/04/2021,18,150,Basildon,Jas Design and Print Ltd,Transport and Logistics,LP04BO1,-1
2,Production Assistant,TLOL2014,02/04/2021,12,150,Canvey Island,Regency Reinforcements Ltd,Transport and Logistics,LP04BO1,0
2,Production Assistant,TLOL2015,30/04/2021,12,150,Canvey Island,Shelter Reinforcements Ltd,Transport and Logistics,LP04BO1,-1
2,Project and Workshop Assistant,TLOL2016,21/05/2021,14,240,Chelmsford,Pedigree Contracts,Transport and Logistics,LP04BO1,-1
2,Supply Chain Operator,TLOL2017,14/06/2021,12,150,Chelmsford,Simplex Logistics,Transport and Logistics,LP09CH1,-1
2,Supply Chain Warehouse Operative,TLOL2019,03/05/2021,12,79.5,Harlow,Dancer Freight Management,Transport and Logistics,LP01AS1,-1
2,Traffic Management Operative,TLOL2020,26/04/2021,24,130,Stansted,Parnell Taxi Services,Transport and Logistics,LP37ME1,-1
2,Trainee Freight Forwarder,TLOL2021,23/04/2021,18,166,Basildon,Lawson Freight Services,Transport and Logistics,LP46ST1,-1
2,Vehicle Parts Assistant,TLOL2023,02/04/2021,18,106,Saffron Walden,Motor Doctor Direct,Transport and Logistics,LP53UP1,-1
2,Vehicle Parts Operations,TLOL2024,23/05/2021,20,106,Colchester,Osprey Road Haulage,Transport and Logistics,LP26KE1,-1
2,Warehouse and Storage Apprentice,TLOL2025,26/03/2021,15,106.5,Basildon,Simplex Logistics,Transport and Logistics,LP20HE1,-1
2,Warehouse Apprentice,TLOL2026,13/05/2021,18,100,Maldon,Wilton Wheels,Transport and Logistics,LP04BO1,0
2,Warehouse Assistant,TLOL2027,01/04/2021,15,106,Chelmsford,Pedigree Contracts,Transport and Logistics,LP04BO1,-1
2,Warehouse Assistant,TLOL2028,28/04/2021,14,99.38,Basildon,Swallow Catering Equipment Ltd,Transport and Logistics,LP41RU1,-1
2,Warehouse Assistant,TLOL2030,05/04/2021,16,79.5,Harlow,Nature Food Wholesalers,Transport and Logistics,LP41RU1,-1
2,Warehouse Operative,TLOL2032,09/04/2021,16,106,Colchester,Wholesale Exclusive Ltd,Transport and Logistics,LP19GR1,0
2,Warehouse Operative,TLOL2033,21/05/2021,18,106,Harlow,Hopestone International Ltd,Transport and Logistics,LP41RU1,-1
3,Aviation Ground Specialist,TLOL3005,29/04/2021,18,106,Brentwood,Tawara Airways,Transport and Logistics,LP41RU1,-1
3,Cabin Crew,TLOL3007,28/04/2021,30,79.5,Billericay,Tawara Airways,Transport and Logistics,LP41RU1,-1
3,Deep Sea Export Clerk,TLOL3008,26/03/2021,24,100,Basildon,Dancer Freight Management,Transport and Logistics,LP47ST2,-1
3,Supply Chain Practitioner,TLOL3018,06/05/2021,30,100,Chelmsford,Lawson Freight Services,Transport and Logistics,LP09CH1,-1
3,Vehicle Parts Advisor,TLOL3022,26/04/2021,24,106,Broxbourne,Rye Street,Transport and Logistics,LP37ME1,-1
3,Warehouse Assistant,TLOL3031,17/04/2021,15,79.5,Harlow,Nature Food Wholesalers,Transport and Logistics,LP41RU1,-1
4,Aviation Operations Manager,TLOL4006,04/05/2021,18,131.25,Colchester,Avaway Logistics,Transport and Logistics,LP41RU1,-1
5,Air Traffic Controller,TLOL5002,05/05/2021,40,97.5,Wickford,Avaway Logistics,Transport and Logistics,LP41RU1,-1
