Trainer_Ref,Training_Provider,Add_1,Add_2,Add_3,Contact_Name,Telephone
LP15EA2,Alliance Skills and Training,Bess Park Industrial Estate,16 Wrexham Road,Eastleigh,Zak Matthews,0784654604
LP41RU1,Alpha Work Skills Limited,Brackley Unit,95 Harrogate Road,Rushall,Peter Callow,0703750679
LP28LO1,Aspire Hairdressing Academy,High Street,1 Hawley Road,London,Dorotea Rigo,0201959344
LP40PO1,Building Trades Partnership Ltd,Aylsham House,12 Red Lion Street,Poynton,Archie Collier,0794317894
LP23HU1,Bury Training Ltd,Thurston Industrial Park,67 Boar Lane,Hurliness,Isaac Horton,0701841801
LP22HR1,Capital Vocational Academy,Floor 2,78 Jubilee Drive,Hornchurch,Rayhanah Nasser,0772632660
LP05BR1,Cavalier Learning Academy,Cherry Wood Barn,10 Dunmow Road,Broadwell,Edward Richards,0704283463
LP17FA1,Creative Skills Centre,Armdale House,59 Gordon Terrace,Fareleton,Paul Neudorf,0796856998
LP10CO1,Crocus UK Ltd,Trinity House,79 London Road,Colchester,Jack Tamayo,0123258838
LP19GR1,Cube Progression Limited,Cheriton Den,18 Ermin Street,Greasby,Charlie Lambert,0786739731
LP12DA1,Daventry Training and Development Centre,Prospect House,42 Prospect Way,Daventry,Emma Bradley,0781424892
LP29LO2,Detroit Training,Langham House ,Marylebone Road,London,Rhys Bray,0767977559
LP30LO3,Eagle Management Training Limited,Stockwood Bureau,70 London Road,London,Mukarram Asad Bishara,0792187896
LP47ST2,EDM Training and Development,Conglomerate House,8 St Denys Road,Strickland,Caitlin Hayward,0780764872
LP13DU1,Elite Skills Training,Petersgate House,26 Overton Circle,Dudley,Abigail Hart,0126673486
LP33MA1,Enhanced Technical Training,Triangle West,64 London Road,Marcham,Mohammed Fuller,0786377965
LP08CA1,Evergreen Learning Institute,Stamford Business Park,56 Circle Way,Caldwell,Wera Jaworska,0781325110
LP24HU2,Focus Recruitment Services,Overton Court,70 Newcomen Street,Hurliness,Kyle Davey,072098897
LP39NO1,Forder Valley Training Ltd,Ruddington Fields Business Park,Ruddington Road,Nottingham,Lauren Smith,0702822663
LP31LU1,GoSmart Management and Personnel Services,Britannia House,35 Palmerston Road,Luton,Richard Parsons,0707160511
LP11CO2,Hatten Learning Academy,Bosavern Trust,6 Wimpole Road,Colchester,Sebastian Law,0783346338
LP54UP2,Headway Professional Training Services,Clement Group,87 Dover Road,Upton,Amelia Rice,0144704441
LP53UP1,Innovation Training Group Ltd,Tilstock Enterprise,91 Lincoln Green Lane,Upton,Sally Gathard,0706491035
LP43SO1,ITS Training Solutions,Northbank House,73 Great Western Road,Southwick,Paige Godfrey,0791679652
LP09CH1,Kernow Training Services Limited,Kernow Building,17 Dudley Street,Chelmsford,Peter Freeman,0701055160
LP03BA1,Kings Hospitality Workforce Development,Victoria Centre,14 Botley Road,Bathpool,Reece Blackburn,0702176745
LP48ST3,Manor East College,Atcham Park,12 Walden Road,Strickland,Josh Norris,0743766800
LP14EA1,Master Swim Academy,Middleton Green,82 Petworth East,Eastleigh,Jayden Cross,0794251170
LP38MU1,Melton Skills Plus,Parkers Green,26 Colorado Way,Mulbarton,Harriet Atkins,0776654488
LP26KE1,Motor Training Group,Atcham Business Park,Prince Consort Road,Kelby,Joel Cox,0700511910
LP01AS1,Oakleaf Academy,Chapel Terrace,27 Borders Lane,Ascreavie,Eleanor Tucker,0708478210
LP35MA3,Ontrack Training Solutions,Woodrise Academy,16 Becontree Avenue,Marcham,Jolanta Walczak,0770146819
LP52TR1,Opie College Training,Horsefair Units,64 Greble Road,Tresillick,Nadine Beaulieu,0786374581
LP44SO2,Optimega Business College,Ivy Lane Units,68 Bamber Bridge,Southwick,Kai Holden,0268776111
LP27LA1,PDJ Training,The Parade,26 High Street,Laithes,Jin Chao,0798822609
LP06BU1,Permit Academy,Bow Business Park,71 Tellford Square,Burley,Ryan Francis,0784964071
LP16EN1,Pioneer Motor Group,Redburn Industrial Estate,204 Woodall Road,Enfield,Adam Lane,0701957296
LP32MG1,Portway Training Ltd,East Gate House,Manor Way,Maghull,Katherine Hancock,0781244558
LP20HE1,Progress Learning Foundation,Southchurch Centre,16 Woodgrange Drive,Hempstead,Freya Brookes,0140731731
LP46ST1,Prospect College of FE,Queens Gardens,102 Wilberforce Drive,Strickland,Freya Leonard,0700874206
LP25HU3,QAIT Training Ltd,Unit 6,West Campus,Hurliness,Tyler Collier,0170141500
LP49TA1,Saltrock Training Limited,Southway Unit,Dunveth Business Park,Tatham,Gurdeep Dasgupta,0790677207
LP21HO1,Seatec Business Training,Portal House,64 Fairmeadow Way,Hockley,Courtney Sims,0814530573
LP36MA4,Skills For Hospitality Ltd,Goodmayes Park,18 Herons Lane,Marcham,Charlotte Parkin,0793042827
LP37ME1,Skillsnet Training Services,Autumn House,87 Woodshots Meadow,Medway,Oliver Blake,0702171632
LP51TA3,Tatham College of FE,South Campus,1 Bath Road,Tatham,Jamie Webb,0795653420
LP50TA2,Tatham County Council,County Hall,73 Market Road,Tatham,Charles Finch,0791800321
LP07BU2,Tawara Training Solutions,Spring House,28 Holloway Road,Burley,Christopher Morton,0705449318
LP18FA2,Tech Training Solutions,Union Terrace,Sandyhill Lane,Fareleton,Alexandra West,0780462752
LP42SE1,Tendring Training,Market Square,88 Trafford Park,Sedlescombe,Oliver Graham,0701767335
LP04BO1,Training Plus Solutions,Acorn House,22 Stone Street,Boddington,Lucas Gilbert,0775094610
LP34MA2,Ultima Training Ltd,Business Centre,122 Felixtowe Road,Marcham,Aidan Bowen,0790777134
LP45SO3,Ultiro Digital Training Ltd,St Clare House,Hampton Court Road,Southwick,Amelie White,0774315227
LP02AU1,Urban Work Skills Ltd,Union Court,18 Brayford Pool,Austwick,Finlay White,0845552345
