Faculty_Code,Faculty,Campus,Head_of_Faculty
AES,Agriculture and Environmental Sciences,Bidgood Hall,John Needham
BUS,Business School,Balmoral Centre,Phillip Tasker
EDU,School of Education,Ruskin Hall,Susan McKenna
ENG,School of Engineering,Tobin Hall,Malik Bazzi
FIA,College of Fine and Applied Arts,Sanford Hall,Jeremy Agnew
MED,College of Media,Crimson Towers,Vasos Rines
LIA,School of Liberal Arts and Science,Joseph Hawkins Centre,Chin Tao
APH,Division of Applied Health Sciences,Parkhurst Centre,Mohammed Ahktar
VEM,Royal School of Veterinary Medicine ,Simcoe Hall,Tamara Bansal
SOW,School of Social Work,Clayton House,Waleed Wasem
DIV,School of Divinity,Trelawney Centre,Nehal Yasser
BIS,Biomedical Sciences Department,Royal Blacklock House,Simon Jacob
