Faculty_Code,Qual_Code,Subject,Advisor,Course_Code,Length,Male,Female,Full_Time
BUS,PHD,Accountancy,CNO,BU192PH,6,1,0,0
BUS,BS,Accountancy,VPA,BU189BS,4,109,40,-1
BUS,MAS,Accountancy,MOL,BU190MA,3,102,51,-1
BUS,MS,Accountancy,AVI,BU191MS,4,357,170,-1
LIA,BA,Actuarial Science,FJO,LI348BA,6,54,12,-1
MED,BS,Advertising,CMO,ME524BS,6,2,14,-1
MED,MS,Advertising,FJO,ME525MS,6,1,2,0
ENG,BS,Aerospace Engineering,YLO,EN246BS,4,15,9,-1
ENG,MS,Aerospace Engineering,VPA,EN247MS,4,5,9,-1
ENG,PHD,Aerospace Engineering,ATS,EN248PH,4,13,29,0
LIA,BA,African American Studies,CMO,LI349BA,4,28,56,-1
LIA,MA,African Studies,CTY,LI350MA,6,1,8,-1
AES,BS,Agribusiness Markets and Management,CNO,AG101BS,3,8,1,-1
AES,BS,Agricultural Accounting,SKA,AG102BS,3,1,3,-1
AES,MS,Agricultural and Applied Economics,YLO,AG103MS,2,1,2,-1
AES,BEng,Agricultural and Biological Engineering,BMO,AG104BE,6,1,0,-1
ENG,BS,Agricultural and Biological Engineering,AMA,EN249BS,5,60,43,-1
ENG,BS,Agricultural and Biological Engineering ,BMO,EN250BS,4,24,17,-1
ENG,PHD,Agricultural and Biological Engineering ,XYU,EN251PH,3,49,21,-1
AES,MS,Agricultural Education,FJO,AG105MS,6,7,0,-1
AES,BEng,Agricultural Engineering and Science,CMO,AG106BE,4,0,1,-1
AES,BS,Agricultural Finance,CTY,AG107BS,3,1,1,-1
AES,BS,Agricultural Leadership and Science Education,VPA,AG108BS,3,12,6,-1
AES,BS,Agricultural Leadership Education,SCO,AG109BS,3,0,1,-1
AES,MS,Agricultural Production,CTY,AG110MS,4,2,1,-1
AES,BS,Agricultural Science Education,LBR,AG111BS,3,34,25,-1
AES,BS,Agriculture and Consumer Economics,TMI,AG112BS,6,17,2,-1
AES,PHD,Agriculture and Consumer Economics,PHO,AG113PH,5,2,3,0
AES,BS,Agriculture Financial Planning,YLO,AG114BS,6,6,5,-1
AES,BS,Agriculture Public Policy and Law,XYU,AG115BS,2,8,9,-1
LIA,MS,Analytics Statistics,VPA,LI351MS,3,2,8,-1
LIA,BA,Ancient History,SCO,LI352BA,2,0,1,-1
FIA,BA,Ancient History and Archaeology,CNO,FI285BA,6,7,2,-1
AES,BS,Animal Sciences,HSC,AG116BS,6,11,57,-1
AES,MS,Animal Sciences,LAL,AG117MS,6,11,4,-1
AES,PHD,Animal Sciences,BMO,AG118PH,6,0,8,-1
AES,BS,Animal Sciences Pre-Vet Medicine,AVI,AG119BS,5,5,8,-1
AES,BS,Animal Technology and Management,CCI,AG120BS,5,8,3,-1
VEM,MS,Animal Welfare and Animal Behaviour,CNO,VE558MS,3,1,1,-1
LIA,PHD,Anthropology,LBR,LI354PH,5,0,1,-1
LIA,BA,Anthropology,CTY,LI353BA,5,6,2,-1
LIA,MS,Applied Computer Science,TMI,LI355MS,2,1,2,-1
LIA,BA,Applied Mathematics,PHO,LI356BA,5,16,40,-1
LIA,MS,Applied Mathematics,YLO,LI357MS,4,43,27,0
LIA,MS,Applied Mathematics Actuarial Science,XYU,LI358MS,3,1,1,-1
SOW,MA,Applied Social Work,PHO,SO550MA,6,1,1,-1
LIA,MS,Applied Statistics,HSC,LI359MS,2,11,2,-1
FIA,BA,Archaeology and Classical Studies,SKA,FI286BA,4,2,1,-1
FIA,BA,Archaeology and History,YLO,FI287BA,6,221,66,0
FIA,BS,Architectural Studies,BMO,FI288BS,6,49,16,0
FIA,MS,Architectural Studies,FJO,FI289MS,6,73,44,-1
FIA,PHD,Architecture,CMO,FI290PH,4,416,40,-1
FIA,MFA,Art and Design,CTY,FI291MF,6,57,13,-1
FIA,MFA,Art and Design,VPA,FI292MF,5,51,4,-1
FIA,MFA,Art and Design - Industrial Design,SCO,FI293MF,6,91,9,-1
FIA,MFA,Art and Design - Metals,CTY,FI294MF,5,719,129,-1
FIA,MFA,Art and Design - Photograph,LBR,FI295MF,3,155,20,-1
FIA,BA,Art and History of Art,TMI,FI296BA,6,1,0,-1
FIA,BFA,Art Education,PHO,FI297BF,4,13,3,-1
FIA,MA,Art Education,YLO,FI298MA,5,133,19,-1
FIA,PHD,Art Education,XYU,FI299PH,2,28,9,-1
FIA,PHD,Art History,HSC,FI300PH,3,183,67,0
LIA,MA,Asian and Middle Eastern Studies,LAL,LI360MA,4,11,15,-1
LIA,BA,Asian Languages and Cultures,BMO,LI361BA,2,29,8,-1
LIA,PHD,Asian Languages and Cultures,AVI,LI362PH,3,17,14,-1
LIA,PHD,Astronomy,CTY,LI364PH,2,5,3,0
LIA,BA,Astronomy,CCI,LI363BA,3,13,3,-1
LIA,MS,Atmospheric Sciences,BMO,LI365MS,3,24,8,-1
LIA,PHD,Atmospheric Sciences,YLO,LI366PH,2,12,6,-1
APH,BS,Audiology,CNO,AP161BS,3,5,6,-1
BUS,MS,Banking and Finance in Emerging Economies,CMO,BU193MS,4,62,52,-1
BUS,MS,Banking and Financial Systems in the Global Economy,XYU,BU194MS,2,6,1,-1
SDI,BA,Biblical Studies,YLO,SD540BA,5,22,7,-1
SDI,MA,Biblical Studies,XYU,SD541MA,3,2,2,-1
LIA,BS,Biochemistry,PHO,LI367BS,6,7,0,-1
LIA,PHD,Biochemistry,AVI,LI368PH,2,15,17,-1
AES,MS,Bioenergy,CTY,AG121MS,6,1,0,-1
ENG,BS,Bioengineering,SCO,EN252BS,5,26,9,-1
ENG,PHD,Bioengineering,HSC,EN253PH,2,22,4,-1
ENG,MS,Bioinformatics,CMO,EN254MS,3,25,7,0
AES,MS,Bioinformatics Animal Science,BMO,AG122MS,3,0,1,-1
LIA,MS,Biology,HSC,LI369MS,6,1,0,-1
LIA,PHD,Biology,XYU,LI370PH,3,188,137,-1
LIA,BA,Biology Teaching Option,XYU,LI371BA,6,27,31,-1
LIA,MS,Biomedical Sciences,VPA,LI372MS,3,170,37,-1
LIA,MS,Biotechnology,MOL,LI373MS,3,5,2,-1
MED,BSJ,Broadcast Journalism,VPA,ME526BS,4,14,57,-1
BUS,MA,Business Administration,PHO,BU195MS,4,15,7,-1
BUS,PHD,Business Administration,YLO,BU196PH,2,538,491,0
BUS,MBA,Business Administration (MBA),CTY,BU197MB,6,146,136,-1
BUS,MBA,Business Administration (MBA),YLO,BU198MB,2,32,112,-1
BUS,BA,Business and Management,FJO,BU199BA,4,15,12,-1
BUS,BS,Business Process Management,LBR,BU200BS,3,16,11,-1
LIA,PHD,Cell and Developmental Biology,AVI,LI374PH,4,1,2,0
LIA,BS,Chemical Biomolecular Engineering,CNO,LI375BS,6,3,3,-1
LIA,BS,Chemical Engineering,CMO,LI376BS,4,8,13,-1
LIA,PHD,Chemical Engineering,XYU,LI377PH,3,7,5,-1
LIA,PHD,Chemical Physics,PHO,LI378PH,3,199,121,-1
LIA,PHD,Chemistry,LBR,LI381PH,6,1,0,0
LIA,BS,Chemistry,YLO,LI379BS,3,97,60,-1
LIA,MChem,Chemistry,FJO,LI380MC,5,1,0,-1
AES,BS,Child and Adolescent Development,YLO,AG123BS,4,1,3,-1
FIA,AMusD,Choral Music,LAL,FI301AM,2,6,2,-1
FIA,BA,Choral Music,BMO,FI302BA,5,26,10,-1
ENG,BEng,Civil Engineering,LAL,EN255BE,2,5,2,-1
ENG,MEng,Civil Engineering,SCO,EN256ME,3,20,10,-1
ENG,PHD,Civil Engineering,MOL,EN257PH,3,134,45,-1
LIA,PHD,Classical Philology,BMO,LI382PH,5,2,3,-1
LIA,BA,Classical Studies and History of Art,TMI,LI383BA,2,0,1,-1
LIA,MA,Classics,SCO,LI384MA,6,0,1,-1
LIA,BA,Communication,VPA,LI385BA,5,15,20,-1
LIA,MA,Communication,AVI,LI386MA,4,5,11,-1
LIA,PHD,Communication,CNO,LI387PH,3,0,1,-1
MED,PHD,Communications,CNO,ME527PH,5,2,6,0
MED,PHD,Communications and Media,SKA,ME528PH,3,2,3,-1
APH,BS,Community Health,SKA,AP162BS,4,4,4,0
APH,MS,Community Health,YLO,AP163MS,3,8,28,0
APH,PHD,Community Health,BMO,AP164PH,3,19,63,-1
APH,BS,Community Health Education,FJO,AP165BS,5,5,15,-1
APH,BS,Community Health Planning,CMO,AP166BS,6,49,63,-1
AES,BS,Companion Animal and Equine Science,PHO,AG124BS,4,12,22,-1
LIA,PHD,Comparative Literature,CMO,LI390PH,4,2,7,-1
LIA,BA,Comparative Literature,CNO,LI388BA,4,19,29,-1
LIA,MA,Comparative Literature,VPA,LI389MA,4,5,7,-1
ENG,BS,Computer Engineering,CTY,EN258BS,3,816,89,-1
ENG,BS,Computer Science,SKA,EN259BS,5,112,84,-1
ENG,MCS,Computer Science,YLO,EN260MC,4,2,1,-1
ENG,MS,Computer Science,CNO,EN261MS,3,1,1,-1
ENG,PHD,Computer Science,CTY,EN262PH,2,206,48,-1
LIA,BA,Computer Science and Anthropology,LAL,LI391BA,4,13,12,-1
LIA,BA,Computer Science and Astronomy,SCO,LI392BA,3,3,2,-1
LIA,BS,Computer Science and Chemistry,TMI,LI393BS,6,1,3,-1
LIA,BA,Computer Science and Linguistics,CNO,LI394BA,4,79,64,-1
FIA,BFA,Crafts,AVI,FI303BF,6,24,3,-1
LIA,BA,Creative Writing,PHO,LI395BA,6,40,88,-1
LIA,MFA,Creative Writing,ATS,LI396MF,5,48,85,-1
AES,MS,Crop Sciences,AVI,AG125MS,6,4,0,-1
AES,PHD,Crop Sciences,HSC,AG126PH,4,36,22,-1
AES,BS,Crop Sciences Agroecology,XYU,AG127BS,3,0,1,-1
AES,MS,Crop Sciences Biological Sciences,XYU,AG128MS,6,24,20,0
AES,BS,Crop Sciences Crop Agribusiness,VPA,AG129BS,5,6,19,-1
AES,BS,Crop Sciences Crops,MOL,AG130BS,4,6,21,-1
AES,BS,Crop Sciences Integrated Pest Management,AVI,AG131BS,6,6,22,-1
EDU,EDD,Curriculum and Instruction,TMI,ED212ED,3,4,15,-1
EDU,EDM,Curriculum and Instruction,CNO,ED213ED,5,15,9,-1
EDU,MA,Curriculum and Instruction,PHO,ED214MA,4,5,9,-1
EDU,PHD,Curriculum and Instruction,ATS,ED215PH,1,13,29,-1
FIA,BFA,Dance,CCI,FI304BF,6,11,8,-1
MED,BSC,Digital Media and Society,YLO,ME529BS,3,1,6,-1
SDI,BA,Divinity,HSC,SD542BA,4,4,3,-1
EDU,BS,Early Childhood Education,XYU,ED216BS,4,60,43,-1
EDU,EDM,Early Childhood Education,CTY,ED217ED,6,24,17,-1
LIA,BA,Earth Society and Environment,XYU,LI397BA,4,1,6,-1
LIA,BA,Earth Society and Environmental Sustainability,CTY,LI398BA,3,1,0,-1
LIA,MA,East Asian Studies,CMO,LI399MA,2,76,105,-1
LIA,MS,Ecology,FJO,LI400MS,2,8,14,-1
LIA,PHD,Ecology Ethology Evolution and Conservation Biology,VPA,LI401PH,2,12,26,-1
LIA,BA,Economics,FJO,LI402BA,3,8,5,-1
LIA,PHD,Economics,BMO,LI403PH,3,16,10,-1
EDU,EDM,Educational Policy in Higher Education,CMO,ED218ED,6,49,21,-1
EDU,PHD,Educational Policy in Higher Education,FJO,ED219PH,2,2,0,-1
EDU,EDM,Educational Policy Studies,VPA,ED220ED,5,6,4,-1
EDU,PHD,Educational Policy Studies,FJO,ED221PH,1,26,47,-1
EDU,EDM,Educational Psychology,BMO,ED222ED,3,109,40,-1
EDU,PHD,Educational Psychology,CMO,ED223PH,3,102,51,-1
ENG,MS,Electrical and  Computer Engineering,CMO,EN263MS,2,506,175,-1
ENG,PHD,Electrical and Computer Engineering,VPA,EN264PH,3,262,95,-1
ENG,BS,Electrical Engineering,XYU,EN265BS,6,886,128,-1
EDU,BS,Elementary Education,CNO,ED224BS,6,357,170,-1
EDU,EDM,Elementary Education,LAL,ED225ED,2,1,0,-1
ENG,BS,Engineering Mechanics,CMO,EN266BS,5,205,33,-1
ENG,BS,Engineering Physics,BMO,EN267BS,2,141,38,0
LIA,BA,English,CMO,LI404BA,6,16,27,-1
LIA,MA,English,CNO,LI405MA,3,2,4,0
LIA,PHD,English,LAL,LI406PH,2,8,8,-1
LIA,MA,English Medieval Studies,LBR,LI407MA,4,6,16,-1
LIA,BA,English Teaching Option,CNO,LI408BA,6,0,3,-1
LIA,PHD,English Writing Studies,TMI,LI409PH,2,3,5,0
LIA,MS,Entomology,MOL,LI410MS,6,2,2,-1
LIA,PHD,Entomology,SCO,LI411PH,2,13,13,-1
LIA,BS,Environmental Chemistry,XYU,LI412BS,5,159,201,0
AES,BS,Environmental Economics and Policy,CNO,AG132BS,4,9,12,-1
ENG,PHD,Environmental Engineer in Civil Engineering,AVI,EN268PH,2,25,21,-1
ENG,PHD,Environmental Science in Civil Engineering,AMA,EN269PH,4,0,1,-1
LIA,MS,Epidemiology,TMI,LI413MS,6,6,11,-1
VEM,MS,Equine Science,CMO,VE559MS,4,1,0,-1
LIA,MA,European Union Studies,PHO,LI414MA,4,9,21,-1
LIA,MS,Evolutionary Biology,LAL,LI415MS,5,0,5,-1
LIA,MS,Experimental Pathology,LAL,LI416MS,2,2,1,-1
AES,BS,Farm Management,CMO,AG133BS,3,4,8,-1
BUS,BS,Finance,BMO,BU201BS,2,45,75,-1
BUS,MS,Finance,TMI,BU202MS,6,41,87,-1
BUS,PHD,Finance,SCO,BU203PH,2,15,7,-1
AES,BS,Finance in Agricultural Business,XYU,AG134BS,6,0,3,-1
ENG,MS,Financial Engineering,LBR,EN270MS,3,129,106,-1
MED,MA,Financial Journalism,BMO,ME530MA,4,0,7,-1
AES,BS,Financial Planning in Agriculture,PHO,AG135BS,3,2,8,0
AES,BS,Fish and Wildlife Conservation,YLO,AG136BS,6,11,16,-1
AES,MS,Food Science,YLO,AG138MS,3,48,6,-1
AES,PHD,Food Science,FJO,AG139PH,3,11,8,-1
AES,BS,Food Science and Human Nutrition,LBR,AG140BS,2,3,18,-1
AES,MS,Food Science and Human Nutrition,BMO,AG141MS,5,3,3,-1
AES,PHD,Food Science and Human Nutrition,TMI,AG142PH,3,1,0,-1
AES,BS,Food Science Dietetics,SCO,AG143BS,3,2,25,-1
AES,MS,Food Science Professional Science Masters,VPA,AG144MS,3,1,14,-1
LIA,BA,French,BMO,LI417BA,6,2,2,-1
LIA,MA,French,AVI,LI418MA,3,0,1,-1
LIA,PHD,French,YLO,LI419PH,2,8,5,-1
LIA,BA,French and History,SCO,LI420BA,4,13,19,-1
LIA,BA,French and History of Art,CNO,LI421BA,5,3,3,-1
LIA,BA,French Commercial Studies,CNO,LI422BA,6,0,1,-1
LIA,PHD,French Romance Linguistics,CCI,LI423PH,2,238,304,-1
LIA,BA,Gender and Womens Studies,AVI,LI424BA,5,528,215,-1
ENG,BS,General Engineering,ATS,EN271BS,6,3,1,0
LIA,MS,Genetics,CTY,LI425MS,4,77,28,-1
LIA,BA,Geographic Information Science,CCI,LI426BA,6,3,0,-1
LIA,MS,Geography,YLO,LI427MS,4,60,41,-1
LIA,PHD,Geography,VPA,LI428PH,2,67,37,-1
LIA,BS,Geology,ATS,LI429BS,3,104,43,-1
LIA,BA,Geology,AMA,LI430BA,3,6,2,-1
LIA,PHD,Geology,BMO,LI431PH,2,192,142,-1
LIA,BA,Geology Earth and Environmental Sciences,XYU,LI432BA,3,17,12,0
LIA,MA,German,SCO,LI433MA,5,4,4,-1
LIA,PHD,German,HSC,LI434PH,2,11,7,-1
LIA,BA,German and History,CMO,LI435BA,5,3,0,-1
LIA,BA,German and History of Art,LAL,LI436BA,5,1,0,-1
LIA,BA,German and History of Art,SCO,LI437BA,2,180,116,-1
LIA,BA,German and International Relations,MOL,LI438BA,5,7,1,-1
LIA,BA,German and Politics,CTY,LI439BA,3,484,460,-1
LIA,BA,Germanic Language and Literature,SKA,LI440BA,3,50,55,-1
LIA,BA,Global Studies,YLO,LI441BA,2,14,21,-1
EDU,EDM,Global Studies in Education,LBR,ED226ED,3,62,52,-1
EDU,PHD,Global Studies in Education,CNO,ED227PH,2,6,1,-1
FIA,BFA,Graphic Design,CTY,FI305BF,5,20,22,-1
APH,BS,Health,CTY,AP167BS,4,1,1,-1
APH,BS,Health and Aging,VPA,AP168BS,3,3,6,-1
APH,BS,Health Behavior Change,SCO,AP169BS,5,0,1,-1
APH,BS,Health Diversity,CTY,AP170BS,3,1,2,-1
LIA,PHD,History,CTY,LI443PH,1,0,1,-1
LIA,BA,History,CNO,LI442BA,3,5,3,-1
LIA,BA,History and Economics,CMO,LI444BA,6,0,1,-1
LIA,BA,History and English Literature,VPA,LI445BA,3,13,9,-1
LIA,BA,History and International Relations,XYU,LI446BA,4,38,12,-1
LIA,BA,History and Philosophy,CMO,LI447BA,4,30,29,-1
LIA,BA,History and Politics,BMO,LI448BA,5,31,13,-1
FIA,BFA,History of Art,BMO,FI306BF,4,14,11,-1
LIA,BA,History of Art,AVI,LI449BA,4,5,1,-1
LIA,MA,History of Art and Architecture,AMA,LI450MA,6,8,11,-1
LIA,BA,History of Art and English Literature,LBR,LI451BA,5,73,53,-1
LIA,BA,History of Art and History,ATS,LI452BA,3,42,35,-1
SDI,BA,History of Christianity,LAL,SD543BA,3,13,3,-1
LIA,BA,History Teaching Option,YLO,LI453BA,6,100,66,-1
AES,BS,Horticulture Specialty Crops,AVI,AG145BS,6,0,2,-1
AES,BS,Horticulture Sustainable Landscapes,CNO,AG146BS,6,3,14,-1
AES,BS,Hospitality Management,CNO,AG147BS,4,1,0,-1
AES,PHD,Human and Community Development,VPA,AG148PH,4,4,4,0
AES,BS,Human Development and Family Studies,CMO,AG149BS,2,6,2,-1
AES,PHD,Human Development and Family Studies,LAL,AG150PH,2,7,5,-1
LIA,BA,Human Geography,CNO,LI454BA,4,10,4,-1
EDU,EDM,Human Resource Development,TMI,ED228ED,2,15,7,0
EDU,EDM,Human Resource Education,MOL,ED229ED,6,538,491,-1
EDU,PHD,Human Resource Education,SCO,ED230PH,2,146,136,-1
EDU,EDM,Human Resource Education eLearning,XYU,ED231ED,4,32,112,-1
APH,BS,Immunology,LBR,AP171BS,2,1,9,-1
APH,MS,Immunology,TMI,AP172MS,6,6,4,-1
FIA,BFA,Industrial Design,YLO,FI307BF,5,1,0,-1
ENG,BS,Industrial Engineering,YLO,EN272BS,4,34,29,-1
ENG,MS,Industrial Engineering,CNO,EN273MS,5,180,55,-1
ENG,PHD,Industrial Engineering,CCI,EN274PH,4,213,61,-1
APH,BS,Infectious Diseases  (Biological Sciences),PHO,AP173BS,3,4,15,-1
BUS,BS,Information Systems and Information Technology,VPA,BU204BS,2,23,9,0
FIA,BA,Instrumental Music,PHO,FI308BA,2,2,0,-1
FIA,BA,Instrumental Music,AVI,FI309BA,4,104,37,-1
LIA,BA,Integrative Biology,CCI,LI455BA,3,18,22,-1
APH,BS,Interdisciplinary Health Science,YLO,AP174BS,5,0,3,-1
VEM,MS,International Animal Health,XYU,VE560MS,3,2,3,-1
MED,MA,Investigative Journalism,FJO,ME531MA,3,7,21,0
LIA,PHD,Italian,CTY,LI456PH,3,45,41,-1
LIA,BA,Italian and History,BMO,LI457BA,5,1,0,-1
FIA,BA,Italian and History of Art,HSC,FI310BA,6,8,8,-1
LIA,PHD,Italian Medieval Studies,LBR,LI458PH,3,0,3,0
FIA,BA,Jazz Performance,XYU,FI311BA,5,6,7,-1
MED,BS,Journalism,CMO,ME532BS,4,1,0,-1
MED,MS,Journalism,CTY,ME533MS,4,1,0,-1
APH,BS,Kinesiology,XYU,AP175BS,6,0,1,-1
APH,MS,Kinesiology,HSC,AP176MS,4,0,38,-1
APH,PHD,Kinesiology,LAL,AP177PH,5,2,36,0
APH,BS,Kinesiology Disability Studies,BMO,AP178BS,4,0,4,-1
FIA,BLA,Landscape Architecture,XYU,FI312BL,5,10,11,-1
FIA,MLA,Landscape Architecture,VPA,FI313ML,3,0,3,0
FIA,PHD,Landscape Architecture,MOL,FI314PH,4,40,9,-1
LIA,BA,Latino Studies,BMO,LI459BA,6,326,422,-1
LIA,BA,Linguistics,CNO,LI460BA,2,8,36,-1
LIA,MA,Linguistics,MOL,LI461MA,6,4,16,-1
LIA,PHD,Linguistics,SKA,LI462PH,4,1,0,0
BUS,BS,Management,AVI,BU205BS,4,9,11,-1
BUS,BS,Management Entrepreneurship,CNO,BU206BS,4,44,50,-1
BUS,BS,Management International Business,CNO,BU207BS,3,8,8,0
BUS,BS,Marketing,VPA,BU208BS,3,6,7,-1
ENG,BA,Materials Science and Engineering,CTY,EN275BS,4,14,8,0
ENG,BS,Materials Science and Engineering,BMO,EN276BS,4,7,0,-1
LIA,BA,Math and Computer Science,VPA,LI463BA,6,14,25,-1
LIA,BA,Mathematics,PTY,LI464BA,5,4,1,-1
LIA,MS,Mathematics,XYU,LI465MS,3,0,1,-1
LIA,PHD,Mathematics,CNO,LI466PH,2,10,2,-1
LIA,BA,Mathematics Operations Research,SKA,LI467BA,2,85,193,-1
LIA,BA,Mathematics Teaching Option,YLO,LI468BA,2,9,26,-1
ENG,BS,Mechanical Engineering,LBR,EN277BS,3,25,4,-1
ENG,MS,Mechanical Engineering,BMO,EN278MS,2,13,4,0
ENG,PHD,Mechanical Engineering,CNO,EN279PH,3,860,178,-1
MED,BS,Media and Cinema Studies,VPA,ME534BS,3,1,0,-1
MED,BA,Media and communication studies,SCO,ME535BA,4,9,12,-1
MED,BSC,Media Culture and Society,CTY,ME536BS,6,2,8,-1
LIA,MS,Medical Biology,BMO,LI469MS,2,12,40,-1
LIA,PHD,Microbiology,CMO,LI471PH,5,2,0,-1
LIA,MS,Microbiology,FJO,LI470MS,4,0,2,-1
LIA,MA,Military History and Strategic Studies,CTY,LI472MA,2,5,10,-1
LIA,MA,Modern History,VPA,LI473MA,4,3,5,0
LIA,MA,Modern Italian History,SCO,LI474MA,6,22,31,-1
LIA,BA,Modern Languages,VPA,LI475BA,2,0,5,-1
LIA,BA,Molecular and Cellular Biology,CTY,LI476BA,5,1,0,-1
LIA,BA,Molecular and Cellular Biology Honors,LBR,LI477BA,4,10,10,-1
LIA,PHD,Molecular and Integrative Physics,TMI,LI478PH,6,0,1,-1
LIA,MS,Molecular Biology,PHO,LI479MS,2,6,9,-1
LIA,MS,Molecular Genetics,YLO,LI480MS,5,0,1,-1
FIA,AMusD,Music,AVI,FI315AM,3,49,10,-1
FIA,MMus,Music,CNO,FI316MM,2,19,1,-1
FIA,AMusD,Music Composition,CMO,FI317AM,4,7,3,-1
FIA,BA,Music Composition,XYU,FI318BA,5,17,0,-1
FIA,MMus,Music Composition,PHO,FI319MM,3,3,1,0
FIA,BA,Music Education,YLO,FI320BA,6,45,3,-1
FIA,EDD,Music Education,CTY,FI321ED,2,5,12,-1
FIA,MME,Music Education,YLO,FI322MM,5,4,15,-1
FIA,PHD,Music Education - Jazz Performance,FJO,FI323PH,2,7,11,-1
FIA,MMus,Music Instrumental Conducting Band,LBR,FI324MM,5,2,3,-1
FIA,BA,Music Instrumental Conducting Orchestra,BMO,FI325BA,5,5,3,-1
FIA,MMus,Music Instrumental Conducting Orchestra,TMI,FI326MM,6,6,5,-1
FIA,AMusD,Music Jazz Performance,SCO,FI327AM,6,43,94,-1
FIA,AMusD,Music Performance and Literature,VPA,FI328AM,6,12,3,-1
FIA,BA,Musicology,AVI,FI329BA,3,2,1,-1
FIA,MMus,Musicology,CNO,FI330MM,6,23,3,-1
FIA,PHD,Musicology,CNO,FI331PH,4,3,0,0
AES,BA,Natural Resources and Environmental Science,SCO,AG151BS,2,6,5,-1
AES,BS,Natural Resources and Environmental Science,TMI,AG152BS,2,4,0,-1
AES,BS,Natural Resources and Global Changes,CNO,AG153BS,5,1,3,-1
AES,MS,Natural Resourses and Environmental Sciences,PHO,AG154MS,4,3,6,-1
AES,PHD,Natural Resourses and Environmental Sciences,ATS,AG155PH,6,4,4,0
LIA,PHD,Neuroscience,XYU,LI481PH,3,25,53,0
LIA,MS,Neuroscience,HSC,LI482MS,5,0,4,-1
FIA,BFA,New Media,VPA,FI332BF,5,15,8,-1
MED,BSJ,News Editorial,LBR,ME537BS,6,30,6,0
ENG,PHD,Nuclear Engineering,MOL,EN280PH,4,13,1,-1
AES,MS,Nutritional Sciences,XYU,AG156MS,3,3,8,-1
AES,PHD,Nutritional Sciences,CTY,AG157PH,3,7,16,-1
FIA,BA,Open Studies,CMO,FI333BA,5,10,31,-1
EDU,EDD,Organization and Leadership in Education,TMI,ED232ED,6,15,12,-1
EDU,EDM,Organization and Leadership in Education,PHO,ED233ED,6,16,11,-1
EDU,MS,Organization and Leadership in Education,LAL,ED234MS,4,45,75,-1
EDU,PHD,Organization and Leadership in Education,LAL,ED235PH,3,41,87,-1
EDU,EDD,Organization and Leadership in Higher Education,BMO,ED236ED,6,15,7,-1
EDU,EDM,Organization and Leadership in Higher Education,AVI,ED237ED,3,23,9,-1
EDU,PHD,Organization and Leadership in Higher Education,YLO,ED238PH,4,9,11,-1
FIA,BFA,Painting,LAL,FI334BF,4,44,52,-1
LIA,MS,Pharmacology,LAL,LI483MS,5,0,1,-1
LIA,PHD,Philosophy,AVI,LI485PH,3,5,4,0
LIA,BA,Philosophy,BMO,LI484BA,2,1,0,0
SDI,PHD,Philosophy in Religion,BMO,SD544PH,2,10,9,0
FIA,BFA,Photography,SCO,FI335BF,5,2,7,-1
LIA,BA,Physical Geography,CCI,LI486BA,2,1,0,-1
ENG,MS,Physics,SKA,EN281MS,6,17,0,-1
ENG,PHD,Physics,VPA,EN282PH,3,55,23,-1
LIA,BS,Physics,CTY,LI487BS,2,1,0,-1
LIA,BA,Physics,BMO,LI488BA,6,1,0,-1
LIA,MS,Plant Biology,YLO,LI489MS,2,1,0,-1
LIA,PHD,Plant Biology,PHO,LI490PH,2,6,1,-1
LIA,MS,Plant Biotechnology Science Masters,AVI,LI491MS,6,1,1,-1
LIA,BS,Plant Science,HSC,LI492BS,6,4,4,-1
LIA,MS,Policy Economics,XYU,LI493MS,5,3,4,-1
MED,MA,Political Journalism,TMI,ME538MA,3,2,0,-1
LIA,BA,Political Science,XYU,LI494BA,6,24,6,-1
LIA,PHD,Political Science,VPA,LI495PH,3,2,6,-1
LIA,BA,Portuguese,MOL,LI496BA,6,1,16,-1
MED,BA,Print journalism,PHO,ME539BA,5,0,1,-1
LIA,PHD,Psychology,CNO,LI498PH,2,2,2,-1
LIA,BA,Psychology,AVI,LI497BA,6,0,3,-1
APH,MPH,Public Health,AVI,AP179MP,2,1,1,-1
APH,BS,Recreation Management,CCI,AP180BS,3,9,2,-1
APH,PHD,Recreation Sport and Tourism,CTY,AP181PH,4,4,8,0
APH,BS,Recreation Sport and Tourism,BMO,AP182BS,3,2,6,-1
FIA,PHD,Regional Planning,TMI,FI336PH,4,4,17,0
LIA,BA,Religion,CMO,LI499BA,2,1,0,-1
LIA,MA,Religion,XYU,LI500MA,6,1,1,-1
SDI,BA,Religious Studies,AVI,SD545BA,3,4,5,-1
LIA,MS,Reproductive Biology,PHO,LI501MS,2,0,1,-1
LIA,BA,Rhetoric Creative Writing,YLO,LI502BA,2,0,1,-1
LIA,BA,Russian Language and Literature,CTY,LI503BA,2,0,1,-1
SOW,MSW,School Social Work,AVI,SO551MS,3,54,27,-1
LIA,BA,Science of the Earth System,YLO,LI504BA,4,58,25,-1
FIA,BFA,Sculpture,CNO,FI337BF,4,32,36,-1
EDU,PHD,Secondary and Continuing Education,SCO,ED239PH,3,44,50,-1
EDU,EDM,Secondary Education English,CNO,ED240ED,2,8,8,-1
EDU,EDM,Secondary Education Sciences,CNO,ED241ED,3,6,7,-1
LIA,PHD,Slavic Languages and Literature,FJO,LI505PH,2,9,42,0
LIA,BA,Slavic Studies,LBR,LI506BA,4,161,20,-1
SOW,BSW,Social Work,HSC,SO552BS,6,308,180,-1
SOW,MSW,Social Work,XYU,SO553MS,3,85,53,-1
SOW,PHD,Social Work,XYU,SO554PH,3,27,20,-1
SOW,MSW,Social Work Children Youth and Family Services ,VPA,SO555MS,2,43,14,0
SOW,MSW,Social Work Health Care,MOL,SO556MS,4,4,1,-1
SOW,MSW,Social Work Mental Health,AVI,SO557MS,2,16,4,-1
LIA,BA,Sociology,BMO,LI507BA,4,131,27,-1
LIA,PHD,Sociology,TMI,LI508PH,3,17,3,-1
LIA,BA,Spanish,SCO,LI509BA,6,2,0,-1
LIA,MA,Spanish,VPA,LI510MA,6,3,5,-1
LIA,PHD,Spanish,AVI,LI511PH,2,0,1,0
LIA,MA,Spanish Linguistics,CNO,LI512MA,2,91,97,-1
LIA,MA,Spanish Literatures and Culture,CNO,LI513MA,2,108,74,-1
LIA,PHD,Spanish Romance Linguistics,VPA,LI514PH,2,44,70,-1
EDU,BS,Special Education,CCI,ED242BS,6,10,11,-1
EDU,EDM,Special Education,AVI,ED243ED,4,0,3,-1
EDU,MS,Special Education,CTY,ED244MS,2,5,12,-1
EDU,PHD,Special Education,CCI,ED245PH,5,4,15,-1
APH,BS,Speech and Hearing Neuroscience,YLO,AP183BS,3,36,16,-1
APH,BS,Speech and Hearing Science,PHO,AP184BS,2,0,7,-1
APH,MA,Speech and Hearing Science,AVI,AP185MA,5,2,6,-1
APH,PHD,Speech and Hearing Science,HSC,AP186PH,2,2,2,-1
LIA,PHD,Speech Communication,CMO,LI515PH,2,95,40,-1
APH,MS,Sport Management,XYU,AP187MS,2,16,9,-1
LIA,BA,Statistics,LAL,LI516BA,5,11,11,-1
LIA,MS,Statistics,SCO,LI517MS,4,47,10,-1
LIA,PHD,Statistics,TMI,LI518PH,4,2,1,-1
LIA,BA,Statistics and Computer Science,CNO,LI519BA,4,75,29,-1
BUS,BS,Supply Chain Management,CMO,BU209BS,5,10,11,-1
BUS,MS,Taxation,LAL,BU210MS,3,0,3,-1
LIA,BA,Teaching of French,PHO,LI520BA,5,2,4,-1
LIA,MA,Teaching of Latin,ATS,LI521MA,5,17,19,-1
LIA,BA,Teaching of Spanish,XYU,LI522BA,6,22,10,-1
AES,BS,Technical Systems Management,CMO,AG158BS,4,6,2,-1
AES,MS,Technical Systems Management,FJO,AG159MS,4,6,11,-1
AES,MS,Technical Systems Professional Science Masters,VPA,AG160MS,3,7,9,-1
BUS,MS,Technology Management,SCO,BU211MS,3,5,12,-1
FIA,BFA,Theatre,PHO,FI338BF,5,6,1,-1
FIA,BFA,Theatre Acting,ATS,FI339BF,6,0,1,-1
FIA,PHD,Theatre Foundations,CTY,FI340PH,4,0,3,0
FIA,BFA,Theatre Lighting Design,CMO,FI341BF,3,0,2,-1
FIA,BFA,Theatre Studies,FJO,FI342BF,3,23,2,-1
SDI,BA,Theology and Ethics,CCI,SD546BA,6,2,6,-1
SDI,MA,Theology and Ethics,CTY,SD547MA,2,0,1,-1
ENG,MS,Theoretical and Applied Mechanics,PTY,EN283MS,5,3,0,-1
ENG,PHD,Theoretical and Applied Mechanics,XYU,EN284PH,4,58,16,0
APH,BS,Tourism Management,XYU,AP188BS,4,3,8,-1
FIA,BA,Urban Planning,VPA,FI343BA,3,1,1,-1
FIA,BA,Urban Planning,CNO,FI344BA,5,1,4,-1
VEM,PHD,Veterinary Clinical Medicine,YLO,VE562PH,6,0,1,-1
VEM,MS,Veterinary Clinical Medicine,PHO,VE561MS,4,1,0,0
VEM,PHD,Veterinary Comparative Biosciences,YLO,VE564PH,5,2,10,0
VEM,MS,Veterinary Comparative Biosciences,CTY,VE563MS,3,0,1,-1
VEM,DVM,Veterinary Medicine,FJO,VE565DV,4,4,6,0
VEM,PHD,Veterinary Pathobiology,BMO,VE567PH,6,0,3,-1
VEM,MS,Veterinary Pathobiology,LBR,VE566MS,6,20,39,-1
VEM,MS,Veterinary Preclinical Sciences Honours,TMI,VE568MS,4,8,3,-1
FIA,AMusD,Vocal Coaching,SKA,FI345AM,3,2,0,-1
FIA,MMus,Vocal Coaching and Accompanying,YLO,FI346MM,3,1,0,-1
FIA,BA,Voice,BMO,FI347BA,2,23,29,-1
SDI,BA,World Christianity,BMO,SD548BA,2,461,176,0
SDI,MA,World Christianity,YLO,SD549MA,3,11,5,-1
LIA,MS,Zoology,CTY,LI523MS,3,20,25,-1
