Yacht_Class,Crew_Gender,Age_Group,Class_Code,Keel,Hull_Type,Crew,Hull(m),Beam(m),Sail_Area(m2)
Hoper,Male,Junior U16,HP001,Pram Daggerboard,Monohull,1,2.34,1,3.3
HoperFX,Female,Junior U16,HPFX2,Pram Daggerboard,Monohull,1,2.34,1,3.3
Monsoon 14,Mixed,Junior U19,MS143,Centreboard Dinghy,Monohull,2,4,1.63,13
Mystic,Mixed,Youth U23,MY003,Twin Daggerboard,Multihull,2,4.7,2.35,16.91
Corsair,Male,Adult,CS001,Centreboard Dinghy,Monohull,1,4.5,1.5,10.03
CorsairFX,Female,Adult,CSFX2,Centreboard Dinghy,Monohull,1,4.5,1.5,10.03
Paladin,Male,Adult,PL001,Centreboard Dinghy,Monohull,2,4.7,1.7,12.73
PaladinFX,Female,Adult,PLFX2,Centreboard Dinghy,Monohull,2,4.7,1.7,12.73
Paladin,Mixed,Senior 60+,PL003,Centreboard Dinghy,Monohull,2,4.7,1.7,12.73
Siren,Male,Senior 60+,SR001,Twin Daggerboard,Multihull,2,4.88,2.2,21.27
SirenFX,Female,Senior 60+,SRFX2,Twin Daggerboard,Multihull,2,4.88,2.2,19.23
Sniper,Male,Adult,SP001,Daggerboard  Dinghy,Monohull,1,4.23,1.37,7.06
SniperFX,Female,Adult,SPFX2,Daggerboard  Dinghy,Monohull,1,4.23,1.37,5.76
Monsoon 17,Mixed,Adult,MS173,Twin Daggerboard,Multihull,2,5.25,2.59,20
