Yacht_Name,Sail_Number,Yacht_Class,Skipper_Name,Nationality,Race_Number,Rule_Ref,Infringement,Penalty_Number,Action
Mystical Spirit,NZL8882,CorsairFX,Amelia Campbell,NZL,3,42.2 (a) PUMP 6,Body pumping at the mark,2,1 Turn
Clear Horizons,GBR9122,Monsoon 17,Seth Anderson,GBR,5,42.2 (d) SCULL 3,Sculling while backing the main,1,1 Turn
Ocean Outlaw,BGR5132,Monsoon 17,Fedor Smirnov,BGR,3,42.1 BASIC 4,Bouncing on rail,1,1 Turn
Sun Eagle,CYP5938,SniperFX,Rabia Aslan,CYP,5,42.2 (d) SCULL 2,Sculling just before the start,1,1 Turn
French Connection,FRA6667,Sniper,Sacha Berger,FRA,2,42.2 (b) ROCK 1,Strong repeated rolling of boat without changing course,2,2 Turns
Beach Comber,TUR3305,Corsair,Ahmet Dalman,TUR,6,42.1 BASIC 4,One roll propelling boat,2,2 Turns
Ocean Romance,USA6605,Siren,Logan Miller,USA,4,42.2 (a) PUMP 6,Repeated body pumping,2,2 Turns
Fata Morgana,PRT5404,Monsoon 17,Beatriz Fortunato,POR,2,42.2 (b) ROCK 5,Body movement followed by repeated rolling,1,1 Turn
Sea Forever,USA2559,PaladinFX,Justine Bode,USA,3,42.2 (c) OOCH 2,Torquing on flat water,1,1 Turn
Sea Senora,ESP7541,HoperFX,Lorena Martinez,ESP,1,42.2 (d) SCULL 2,Repeated sculling,2,2 Turns
Sea Thunder,EGY5338,Paladin,Mazen Ismail,EGY,4,42.2 (b) ROCK 2,Repeated rocking with no change of course,2,2 Turns
La Dolce Vita,CAN1566,Paladin,Felix Bergeron,CAN,1,42.2 (b) ROCK 2,Repeated body movement to propel boat,2,Retired
Stars and Stripes,USA4628,Hoper,Ethan Hurwitz,USA,7,42.2 (e) TACK 1,Repeated gybes,3,Disqualified
