Racer_ID,Last_Name,First_Name,Club_Code,Birth_Date,Age_Jan,Avg_MPH,Event_Rank,Points,Racing_No,Penalty,Category,Year_Band,Ability,Gender
XC0268,Robson,Lawrence,MTBC2,29/06/1992,27,15.55,19,52,1646,-1,Senior,19 to 29,Novice,Male
XC0002,Crane,James,MTBC22,14/06/1960,59,11.12,31,24,1182,0,Grand Veteran,50 to 59,Proficient,Male
XC0003,Magsamen,Denise,MTBC20,22/08/1960,59,11.39,1,175,1497,0,Grand Veteran,50 to 59,Proficient,Female
XC0004,Chan,Liam,MTBC9,18/09/1960,59,10.09,44,4,1147,0,Grand Veteran,50 to 59,Proficient,Male
XC0005,Perry,Adam,MTBC2,02/11/1960,59,10.07,45,3,1593,0,Grand Veteran,50 to 59,Proficient,Male
XC0006,Keenlisde,Christian,MTBC21,01/02/1961,58,10.52,38,10,1417,0,Grand Veteran,50 to 59,Proficient,Male
XC0007,Watson,Lukas,MTBC3,01/04/1961,58,10.45,39,9,1787,0,Grand Veteran,50 to 59,Proficient,Male
XC0008,Hogarth,Hendrik,MTBC1,28/08/1961,58,9.52,48,1,1375,0,Grand Veteran,50 to 59,Proficient,Male
XC0009,Lofthouse,Quinn,MTBC19,06/09/1961,58,10.33,8,95,1481,0,Grand Veteran,50 to 59,Proficient,Female
XC0010,Yee,Jeremy,MTBC21,21/11/1961,58,10.64,36,14,1834,0,Grand Veteran,50 to 59,Proficient,Male
XC0011,Smith,Jon,MTBC21,09/12/1961,58,9.97,46,2,1697,0,Grand Veteran,50 to 59,Proficient,Male
XC0012,Cairney,Amanda,MTBC18,08/05/1962,57,10.25,9,90,1128,0,Grand Veteran,50 to 59,Proficient,Female
XC0013,Cancilla,Lori,MTBC8,11/05/1962,57,10.18,10,85,1133,0,Grand Veteran,50 to 59,Proficient,Female
XC0014,Brandsma,Sarah Rae,MTBC11,30/06/1962,57,9.5,12,75,1090,0,Grand Veteran,50 to 59,Proficient,Female
XC0015,Reeves,Ghyslain,MTBC4,27/10/1962,57,11.08,32,22,1627,0,Grand Veteran,50 to 59,Proficient,Male
XC0016,Piciga,Brian,MTBC21,21/11/1962,57,12.86,19,52,1601,0,Grand Veteran,50 to 59,Proficient,Male
XC0017,Cychowski,Logan,MTBC4,04/12/1962,57,12.17,23,40,1195,0,Grand Veteran,50 to 59,Proficient,Male
XC0018,Binab,Jesse,MTBC16,09/01/1963,56,10.75,33,20,1065,0,Grand Veteran,50 to 59,Proficient,Male
XC0019,Bell,Robbi,MTBC7,28/01/1963,56,10.67,35,16,1058,0,Grand Veteran,50 to 59,Proficient,Male
XC0020,Fortner,Spencer,MTBC5,03/03/1963,56,12.66,20,49,1272,0,Grand Veteran,50 to 59,Proficient,Male
XC0021,Kourline,Phil,MTBC20,24/04/1963,56,15.34,4,125,1446,0,Grand Veteran,50 to 59,Proficient,Male
XC0022,Bygrave,Judy,MTBC17,20/11/1963,56,9.45,13,70,1124,0,Grand Veteran,50 to 59,Proficient,Female
XC0023,Bain,Anthony,MTBC21,04/12/1963,56,14.65,8,95,1036,0,Grand Veteran,50 to 59,Proficient,Male
XC0024,Marley,Erin,MTBC10,02/02/1964,55,11.23,2,150,1507,-1,Grand Veteran,50 to 59,Proficient,Female
XC0025,Good,Mike,MTBC3,16/04/1964,55,12.19,22,43,1314,0,Grand Veteran,50 to 59,Proficient,Male
XC0026,Cody,Steward,MTBC9,12/05/1964,55,13.44,13,70,1165,0,Grand Veteran,50 to 59,Proficient,Male
XC0027,Antoniou,Adam,MTBC5,13/07/1964,55,14.22,11,80,1021,0,Grand Veteran,50 to 59,Proficient,Male
XC0028,Kulak,Andrew,MTBC21,25/07/1964,55,10.42,40,8,1448,0,Grand Veteran,50 to 59,Proficient,Male
XC0029,Knowles,Cody,MTBC19,29/08/1964,55,11.17,30,26,1442,0,Grand Veteran,50 to 59,Proficient,Male
XC0030,Dahl,Jayar,MTBC23,08/09/1964,55,13.25,15,64,1196,0,Grand Veteran,50 to 59,Proficient,Male
XC0031,Schiltroth,Oleksa,MTBC15,28/01/1965,54,10.72,34,18,1671,0,Grand Veteran,50 to 59,Proficient,Male
XC0032,Littlewood,Shannon,MTBC8,15/03/1965,54,9.28,14,67,1472,0,Grand Veteran,50 to 59,Proficient,Female
XC0033,Traxler,Jesse,MTBC11,30/04/1965,54,10.62,37,12,1751,0,Grand Veteran,50 to 59,Proficient,Male
XC0034,Spratt,Rich,MTBC14,12/05/1965,54,10.25,42,6,1710,0,Grand Veteran,50 to 59,Proficient,Male
XC0035,Shaw,Stew,MTBC15,07/09/1965,54,11.76,25,36,1679,0,Grand Veteran,50 to 59,Proficient,Male
XC0036,Brooks,Marin,MTBC16,25/09/1965,54,10.17,11,80,1109,0,Grand Veteran,50 to 59,Proficient,Female
XC0037,Adomonis,Bradley,MTBC21,02/11/1965,54,15.49,3,135,1013,0,Grand Veteran,50 to 59,Proficient,Male
XC0038,Sutherland,Joseph,MTBC12,16/12/1965,54,14.79,7,100,1734,0,Grand Veteran,50 to 59,Proficient,Male
XC0039,Day,Mike,MTBC3,10/06/1966,53,11.62,27,32,1204,0,Grand Veteran,50 to 59,Proficient,Male
XC0040,Muir,Shannon,MTBC15,24/06/1966,53,10.51,6,105,1548,0,Grand Veteran,50 to 59,Proficient,Female
XC0041,Richardson,Alexander,MTBC18,27/10/1966,53,13.1,17,58,1632,0,Grand Veteran,50 to 59,Proficient,Male
XC0042,Dolen,Justin,MTBC21,02/11/1966,53,10.19,43,5,1223,0,Grand Veteran,50 to 59,Proficient,Male
XC0043,Buchanan,Kristin,MTBC12,09/01/1967,52,10.67,4,125,1113,0,Grand Veteran,50 to 59,Proficient,Female
XC0044,Inglis,Andrew,MTBC1,19/02/1967,52,13.3,14,67,1398,0,Grand Veteran,50 to 59,Proficient,Male
XC0045,Dupuis,Jason,MTBC11,16/08/1967,52,14.4,10,85,1232,0,Grand Veteran,50 to 59,Proficient,Male
XC0046,Pival,Isaac,MTBC23,16/04/1968,51,11.93,24,38,1604,0,Grand Veteran,50 to 59,Proficient,Male
XC0047,Caskey,David,MTBC21,12/08/1968,51,15.56,2,150,1140,0,Grand Veteran,50 to 59,Proficient,Male
XC0048,Wiebe,Lars,MTBC12,13/08/1968,51,15.19,5,115,1809,-1,Grand Veteran,50 to 59,Proficient,Male
XC0049,Kluge,Arpad,MTBC17,06/10/1968,51,13.1,18,55,1438,0,Grand Veteran,50 to 59,Proficient,Male
XC0050,Riopel,Martin,MTBC5,11/11/1968,51,9.8,47,1,1633,0,Grand Veteran,50 to 59,Proficient,Male
XC0051,Micklethwaite,Leigh,MTBC3,07/12/1968,51,10.52,5,115,1539,0,Grand Veteran,50 to 59,Proficient,Female
XC0052,Dicaprio,Daniel,MTBC23,17/01/1969,50,12.22,21,46,1215,0,Grand Veteran,50 to 59,Proficient,Male
XC0053,Phillips,Michael,MTBC9,19/02/1969,50,10.36,41,7,1598,0,Grand Veteran,50 to 59,Proficient,Male
XC0054,Ritter,Murray,MTBC12,12/07/1969,50,14.47,9,90,1634,0,Grand Veteran,50 to 59,Proficient,Male
XC0055,Leishman,Chantell,MTBC9,15/07/1969,50,11.05,3,135,1462,0,Grand Veteran,50 to 59,Proficient,Female
XC0056,Desmarais,Noah,MTBC3,20/08/1969,50,13.17,16,61,1212,0,Grand Veteran,50 to 59,Proficient,Male
XC0057,Roberts,Jamie,MTBC18,05/09/1969,50,11.3,28,30,1638,0,Grand Veteran,50 to 59,Proficient,Male
XC0058,Brierley,Katy,MTBC23,06/09/1969,50,10.36,7,100,1102,0,Grand Veteran,50 to 59,Proficient,Female
XC0059,King,Bradford,MTBC2,16/10/1969,50,11.68,26,34,1430,0,Grand Veteran,50 to 59,Proficient,Male
XC0060,Collop,Robert,MTBC16,04/12/1969,50,14.99,6,105,1171,0,Grand Veteran,50 to 59,Proficient,Male
XC0061,Dunford,Paul,MTBC23,09/12/1969,50,11.21,29,28,1231,0,Grand Veteran,50 to 59,Proficient,Male
XC0062,Bone,Warren,MTBC1,18/12/1969,50,13.59,12,75,1074,0,Grand Veteran,50 to 59,Proficient,Male
XC0063,O'Fee,Michaela,MTBC6,23/01/2001,18,11.05,10,85,1566,0,Junior,17 to 18,Open,Female
XC0064,Geisel,Sheldon,MTBC3,12/02/2001,18,9.76,48,1,1292,0,Junior,17 to 18,Open,Male
XC0065,Menzies,Rosemarie,MTBC17,08/04/2001,18,11.16,9,90,1535,0,Junior,17 to 18,Open,Female
XC0066,Hancock,Pierre-Paul,MTBC3,10/04/2001,18,11.29,37,12,1340,0,Junior,17 to 18,Open,Male
XC0067,Kennedy,Darryl,MTBC20,18/05/2001,18,10.89,42,6,1422,0,Junior,17 to 18,Open,Male
XC0068,Cowling,Mike,MTBC20,03/06/2001,18,9.36,52,1,1178,0,Junior,17 to 18,Open,Male
XC0069,Belanger,Robin,MTBC23,25/06/2001,18,15.3,4,125,1055,0,Junior,17 to 18,Open,Male
XC0070,Belisle-O'Donnell,Aidan,MTBC16,16/08/2001,18,12.36,33,20,1057,0,Junior,17 to 18,Open,Male
XC0071,Jessee,Mark,MTBC12,16/08/2001,18,13.34,29,28,1408,0,Junior,17 to 18,Open,Male
XC0072,Anderson,Chris,MTBC1,22/08/2001,18,11.12,40,8,1017,0,Junior,17 to 18,Open,Male
XC0073,Knowlton,Brian,MTBC2,06/09/2001,18,12.82,30,26,1443,0,Junior,17 to 18,Open,Male
XC0074,Jarabek,Neils,MTBC6,13/09/2001,18,13.84,23,40,1405,0,Junior,17 to 18,Open,Male
XC0075,Heron,Austin,MTBC22,26/09/2001,18,14.72,13,70,1364,0,Junior,17 to 18,Open,Male
XC0076,Hurford,Michael,MTBC20,05/11/2001,18,15.79,2,150,1393,0,Junior,17 to 18,Open,Male
XC0077,Piller,Steve ,MTBC19,20/11/2001,18,10.61,43,5,1603,0,Junior,17 to 18,Open,Male
XC0078,Villeneuve,Devin,MTBC19,09/12/2001,18,13.53,28,30,1772,0,Junior,17 to 18,Open,Male
XC0079,Godlonton,Joseph,MTBC6,24/12/2001,18,14.25,16,61,1311,0,Junior,17 to 18,Open,Male
XC0080,Maclachlan,Quinnlan,MTBC20,25/12/2001,18,10.11,14,67,1491,0,Junior,17 to 18,Open,Female
XC0081,Sonora,Darrell,MTBC12,27/12/2001,18,9.83,47,1,1702,-1,Junior,17 to 18,Open,Male
XC0082,Louis,Vanessa,MTBC11,02/01/2002,17,11.36,8,95,1484,0,Junior,17 to 18,Open,Female
XC0083,Pedrosa,Rory,MTBC4,23/01/2002,17,9.42,51,1,1587,0,Junior,17 to 18,Open,Male
XC0084,Mash,Janelle,MTBC18,01/02/2002,17,10.54,13,70,1515,0,Junior,17 to 18,Open,Female
XC0085,Pracic,Gregory,MTBC9,01/02/2002,17,13.55,27,32,1615,0,Junior,17 to 18,Open,Male
XC0086,Broadbent,Nicole,MTBC10,02/02/2002,17,12.36,4,125,1107,0,Junior,17 to 18,Open,Female
XC0087,Robb,Marc ,MTBC8,02/02/2002,17,14.12,19,52,1636,0,Junior,17 to 18,Open,Male
XC0088,Kendal,Jackson,MTBC4,12/02/2002,17,12.67,32,22,1419,0,Junior,17 to 18,Open,Male
XC0089,Gullacher,Brian,MTBC14,24/02/2002,17,14.23,17,58,1331,0,Junior,17 to 18,Open,Male
XC0090,Kent,Dominic,MTBC19,03/03/2002,17,15.97,1,175,1425,0,Junior,17 to 18,Open,Male
XC0091,Hughes,Lukas,MTBC6,04/03/2002,17,9.32,53,1,1388,0,Junior,17 to 18,Open,Male
XC0092,Myslicki,Anna,MTBC9,16/03/2002,17,11.63,7,100,1555,0,Junior,17 to 18,Open,Female
XC0093,Germaine,Paul,MTBC16,12/04/2002,17,14.84,11,80,1294,0,Junior,17 to 18,Open,Male
XC0094,Bunyan,Maryann,MTBC11,14/04/2002,17,11.02,11,80,1118,0,Junior,17 to 18,Open,Female
XC0095,Pullen,Cameron,MTBC6,17/04/2002,17,11.56,36,14,1617,0,Junior,17 to 18,Open,Male
XC0096,Utting,Sidney,MTBC9,24/04/2002,17,13.62,25,36,1762,0,Junior,17 to 18,Open,Male
XC0097,Glennon,Ben,MTBC6,01/05/2002,17,15.1,7,100,1309,0,Junior,17 to 18,Open,Male
XC0098,Watts,Nathan,MTBC21,10/05/2002,17,9.68,49,1,1788,-1,Junior,17 to 18,Open,Male
XC0099,Gibbs,Ryan,MTBC16,23/05/2002,17,14.91,10,85,1299,0,Junior,17 to 18,Open,Male
XC0100,Langford,Aidan,MTBC3,23/05/2002,17,15.17,5,115,1456,0,Junior,17 to 18,Open,Male
XC0101,Felton,Reid,MTBC12,30/05/2002,17,13.87,22,43,1259,0,Junior,17 to 18,Open,Male
XC0102,Gathard,Grant,MTBC3,07/06/2002,17,14.14,18,55,1288,0,Junior,17 to 18,Open,Male
XC0103,Muzechka,Kara,MTBC10,13/06/2002,17,10.75,12,75,1553,-1,Junior,17 to 18,Open,Female
XC0104,Francis,James,MTBC9,17/06/2002,17,14.98,9,90,1275,0,Junior,17 to 18,Open,Male
XC0105,Petty,Cornelius,MTBC5,21/06/2002,17,14.42,14,67,1597,0,Junior,17 to 18,Open,Male
XC0106,Storer,Nicholas,MTBC15,21/06/2002,17,14.06,20,49,1729,0,Junior,17 to 18,Open,Male
XC0107,Hartley,Jayke,MTBC3,25/06/2002,17,15.08,8,95,1351,0,Junior,17 to 18,Open,Male
XC0108,Armstrong,Richard,MTBC9,26/06/2002,17,15.78,3,135,1247,0,Junior,17 to 18,Open,Male
XC0109,Randhawa,Yannick,MTBC4,15/07/2002,17,14.28,15,64,1621,0,Junior,17 to 18,Open,Male
XC0110,Stapleford,Ryan,MTBC19,19/07/2002,17,11.04,41,7,1718,0,Junior,17 to 18,Open,Male
XC0111,Romanow,Jacob,MTBC23,24/07/2002,17,11.66,35,16,1650,0,Junior,17 to 18,Open,Male
XC0112,Leonardson,Amy,MTBC19,25/07/2002,17,11.85,6,105,1464,0,Junior,17 to 18,Open,Female
XC0113,Sandham,Craig,MTBC15,09/08/2002,17,13.97,21,46,1664,0,Junior,17 to 18,Open,Male
XC0114,Holmwood,Anthony,MTBC5,10/08/2002,17,11.25,38,10,1376,0,Junior,17 to 18,Open,Male
XC0115,Perron,Philip,MTBC6,18/08/2002,17,9.88,46,2,1591,0,Junior,17 to 18,Open,Male
XC0116,Atto,Tyson,MTBC19,19/08/2002,17,15.16,6,105,1031,0,Junior,17 to 18,Open,Male
XC0117,Fischer,Darren,MTBC15,22/08/2002,17,9.52,50,1,1263,0,Junior,17 to 18,Open,Male
XC0118,Hitchcock,Jack,MTBC3,24/08/2002,17,11.19,39,9,1371,0,Junior,17 to 18,Open,Male
XC0119,Langille,Andrew,MTBC7,18/09/2002,17,12.35,34,18,1457,0,Junior,17 to 18,Open,Male
XC0120,Shearer,Aaron,MTBC14,28/09/2002,17,14.81,12,75,1681,0,Junior,17 to 18,Open,Male
XC0121,Macdonald,Shauna,MTBC13,09/10/2002,17,12.42,3,135,1488,0,Junior,17 to 18,Open,Female
XC0122,Siarka,Clarke,MTBC14,11/10/2002,17,13.76,24,38,1687,0,Junior,17 to 18,Open,Male
XC0123,Redfern,Russell,MTBC8,21/10/2002,17,10.33,44,4,1626,0,Junior,17 to 18,Open,Male
XC0124,Gooding,Ben,MTBC4,22/10/2002,17,13.56,26,34,1315,0,Junior,17 to 18,Open,Male
XC0125,Mueller,Liann,MTBC5,23/10/2002,17,12.56,2,150,1547,0,Junior,17 to 18,Open,Female
XC0126,Gordon,Jayke,MTBC18,02/11/2002,17,12.79,31,24,1318,0,Junior,17 to 18,Open,Male
XC0127,Constance,Christopher,MTBC20,23/11/2002,17,10.28,45,3,1173,0,Junior,17 to 18,Open,Male
XC0128,Owen,Betsy,MTBC14,29/11/2002,17,12.96,1,175,1577,0,Junior,17 to 18,Open,Female
XC0129,Mislan,Devaney,MTBC14,06/12/2002,17,9.05,15,64,1542,0,Junior,17 to 18,Open,Female
XC0130,Partington,Anna-Gabrielle,MTBC17,07/12/2002,17,12.07,5,115,1465,0,Junior,17 to 18,Open,Female
XC0163,Allan,Gregory,MTBC9,24/04/1980,39,14.53,6,105,1016,0,Master,30 to 39,Proficient,Male
XC0164,Sellmer,Kurt,MTBC15,21/05/1980,39,9.56,42,6,1676,0,Master,30 to 39,Proficient,Male
XC0165,Skorobohach,Adam,MTBC18,03/07/1980,39,10.19,40,8,1695,0,Master,30 to 39,Proficient,Male
XC0166,Van Den Ham,Paul,MTBC15,09/09/1980,39,10.27,39,9,1763,0,Master,30 to 39,Proficient,Male
XC0167,Rewa,Phil,MTBC8,12/02/1981,38,12.42,24,38,1630,0,Master,30 to 39,Proficient,Male
XC0168,Soars,Jeremy,MTBC23,17/02/1981,38,11.86,27,32,1701,0,Master,30 to 39,Proficient,Male
XC0169,Robinson,Eric,MTBC20,11/05/1981,38,10.13,41,7,1645,0,Master,30 to 39,Proficient,Male
XC0170,Armstrong,Larry,MTBC12,01/09/1981,38,9.22,48,1,1024,-1,Master,30 to 39,Proficient,Male
XC0171,De Boon,Dan,MTBC20,01/09/1981,38,12.8,19,52,1766,0,Master,30 to 39,Proficient,Male
XC0172,Poon,Michael,MTBC6,17/09/1981,38,9.39,44,4,1611,0,Master,30 to 39,Proficient,Male
XC0173,Lewis,Abbey,MTBC17,21/11/1981,38,10.26,7,100,1466,0,Master,30 to 39,Proficient,Female
XC0174,Loveday,Hayley,MTBC4,09/01/1982,37,10.3,6,105,1485,0,Master,30 to 39,Proficient,Female
XC0175,Partington,Nigel,MTBC18,04/04/1982,37,13.65,12,75,1583,0,Master,30 to 39,Proficient,Male
XC0176,Peterson,Gord,MTBC6,25/08/1982,37,10.66,33,20,1596,0,Master,30 to 39,Proficient,Male
XC0177,Walsh,Keegan,MTBC17,14/09/1982,37,10.49,35,16,1781,-1,Master,30 to 39,Proficient,Male
XC0178,Beer,Bradley,MTBC3,12/12/1982,37,9.19,49,1,1054,0,Master,30 to 39,Proficient,Male
XC0179,Schooler,John,MTBC22,18/12/1982,37,15.74,1,175,1672,0,Master,30 to 39,Proficient,Male
XC0180,Kinniburgh,Mason,MTBC12,09/10/1983,36,9.53,43,5,1432,0,Master,30 to 39,Proficient,Male
XC0181,Lemiski,Jay,MTBC13,26/10/1983,36,10.36,5,115,1463,0,Master,30 to 39,Proficient,Female
XC0182,Thomas,Noah,MTBC15,14/11/1983,36,14.99,4,125,1743,0,Master,30 to 39,Proficient,Male
XC0183,Bratt,Carthy,MTBC10,11/01/1984,35,10.42,4,125,1092,0,Master,30 to 39,Proficient,Female
XC0184,Sadesky,Philippe,MTBC17,21/01/1984,35,10.71,32,22,1661,0,Master,30 to 39,Proficient,Male
XC0185,Yip,Gregory,MTBC17,19/04/1984,35,12.37,25,36,1836,0,Master,30 to 39,Proficient,Male
XC0186,Banks,Spencer,MTBC3,20/04/1984,35,12.63,22,43,1043,0,Master,30 to 39,Proficient,Male
XC0187,De Nino,Brian,MTBC7,28/09/1984,35,10.55,34,18,1207,0,Master,30 to 39,Proficient,Male
XC0188,Corfield,Mackenzie,MTBC6,23/10/1984,35,14.25,6,105,1176,0,Master,30 to 39,Proficient,Male
XC0189,Hughes,Sheldon,MTBC16,12/12/1984,35,13.29,15,64,1387,0,Master,30 to 39,Proficient,Male
XC0190,Devries,Anthony,MTBC20,04/02/1985,34,11.66,29,28,1214,0,Master,30 to 39,Proficient,Male
XC0191,Williams,Brian,MTBC2,11/02/1986,33,12.9,17,58,1814,0,Master,30 to 39,Proficient,Male
XC0192,Senkiw,Chuck,MTBC4,29/03/1986,33,10.95,31,24,1677,0,Master,30 to 39,Proficient,Male
XC0193,Steneker,Adam,MTBC23,08/05/1986,33,12.13,26,34,1722,0,Master,30 to 39,Proficient,Male
XC0194,Peters,Scott,MTBC15,20/01/1987,32,11.16,30,26,1594,0,Master,30 to 39,Proficient,Male
XC0195,St-Hilaire,Owen,MTBC22,21/02/1987,32,12.55,23,40,1725,0,Master,30 to 39,Proficient,Male
XC0196,Ryan,Dustin,MTBC1,02/03/1987,32,13.93,9,90,1658,0,Master,30 to 39,Proficient,Male
XC0197,Enevoldsen,Robert,MTBC20,10/05/1987,32,10.4,36,14,1246,0,Master,30 to 39,Proficient,Male
XC0198,Roach,Andrew,MTBC13,18/05/1987,32,14.11,8,95,1635,0,Master,30 to 39,Proficient,Male
XC0199,Sitter,Roger,MTBC6,13/07/1987,32,11.75,28,30,1694,0,Master,30 to 39,Proficient,Male
XC0200,Werner,Erik,MTBC8,23/08/1987,32,13.52,13,70,1798,0,Master,30 to 39,Proficient,Male
XC0201,Bowe,Jenny,MTBC13,09/09/1987,32,10.9,3,135,1085,0,Master,30 to 39,Proficient,Female
XC0202,Clifford,Thian,MTBC2,12/01/1988,31,12.89,18,55,1163,0,Master,30 to 39,Proficient,Male
XC0203,Knight,Brad,MTBC1,18/07/1988,31,12.91,16,61,1439,0,Master,30 to 39,Proficient,Male
XC0204,Turcott,Nick,MTBC2,28/07/1988,31,15.63,2,150,1754,0,Master,30 to 39,Proficient,Male
XC0205,Burnside,Marina,MTBC2,23/08/1988,31,11.84,2,150,1120,-1,Master,30 to 39,Proficient,Female
XC0206,Castro,Wil,MTBC3,11/10/1988,31,9.36,45,3,1141,0,Master,30 to 39,Proficient,Male
XC0207,Ward,Mel,MTBC14,02/11/1988,31,12.64,21,46,1785,0,Master,30 to 39,Proficient,Male
XC0208,Sarlieve,Michael,MTBC21,29/01/1989,30,9.23,47,1,1665,0,Master,30 to 39,Proficient,Male
XC0209,Matheusik,Lampros,MTBC3,24/03/1989,30,10.31,38,10,1806,0,Master,30 to 39,Proficient,Male
XC0210,Licis,Michelle,MTBC4,19/04/1989,30,9.64,8,95,1468,0,Master,30 to 39,Proficient,Female
XC0211,Cummings,Steve ,MTBC14,09/05/1989,30,10.39,37,12,1192,0,Master,30 to 39,Proficient,Male
XC0212,Hartley,Richard,MTBC14,10/06/1989,30,14.22,7,100,1350,0,Master,30 to 39,Proficient,Male
XC0213,Pickett,Cameron,MTBC17,13/06/1989,30,13.75,11,80,1602,0,Master,30 to 39,Proficient,Male
XC0214,Boddy,Sam,MTBC17,19/06/1989,30,15.12,3,135,1072,0,Master,30 to 39,Proficient,Male
XC0215,Sebulsky,Darwin,MTBC14,22/06/1989,30,9.29,46,2,1674,0,Master,30 to 39,Proficient,Male
XC0216,Brophy,Samantha,MTBC13,27/06/1989,30,12.63,1,175,1110,0,Master,30 to 39,Proficient,Female
XC0217,Rumsey,Michael,MTBC19,27/07/1989,30,13.47,14,67,1655,0,Master,30 to 39,Proficient,Male
XC0218,Grunewald,Neil,MTBC2,14/08/1989,30,12.71,20,49,1328,0,Master,30 to 39,Proficient,Male
XC0219,Joss,Tim,MTBC13,24/10/1989,30,13.89,10,85,1413,0,Master,30 to 39,Proficient,Male
XC0220,Gilmour,Derek,MTBC12,01/02/1990,29,9.21,315,1,1304,0,Senior,19 to 29,Expert,Male
XC0535,Mackenzie,Caitlin,MTBC5,09/12/1998,21,13.98,1,175,1489,0,Senior,19 to 29,Sport,Female
XC0222,Widney,Tom,MTBC6,03/02/1990,29,9.74,289,1,1808,0,Senior,19 to 29,Sport,Male
XC0223,Wilkinson,Loy,MTBC2,04/02/1990,29,11.12,242,1,1813,0,Senior,19 to 29,Sport,Male
XC0385,Maclauchlan,Laura,MTBC5,10/06/1995,24,13.95,2,150,1492,-1,Senior,19 to 29,Sport,Female
XC0350,Bourdeau,Jessica,MTBC15,26/06/1994,25,13.9,3,135,1082,0,Senior,19 to 29,Sport,Female
XC0226,Gross,Dominic,MTBC4,18/05/1990,29,13.36,128,1,1326,0,Senior,19 to 29,Sport,Male
XC0227,Coxall,Trevor,MTBC11,10/06/1990,29,15.17,40,8,1179,0,Senior,19 to 29,Sport,Male
XC0228,Standen,Eric,MTBC4,17/07/1990,29,11.41,229,1,1715,0,Senior,19 to 29,Sport,Male
XC0229,Elliott,Graham,MTBC11,27/07/1990,29,14.66,64,1,1242,0,Senior,19 to 29,Novice,Male
XC0230,Falkenberg,Amit,MTBC19,30/07/1990,29,14.61,66,1,1255,0,Senior,19 to 29,Expert,Male
XC0547,Brezsnyak,Jenn,MTBC4,28/04/1999,20,13.85,4,125,1127,0,Senior,19 to 29,Elite,Female
XC0232,Tilbury,Guri,MTBC16,04/10/1990,29,12.14,195,1,1745,0,Senior,19 to 29,Sport,Male
XC0312,Gomes,Zuzana,MTBC23,08/08/1993,26,13.84,5,115,1493,0,Senior,19 to 29,Elite,Female
XC0234,Lang,Matt,MTBC6,07/02/1991,28,9.14,320,1,1455,0,Senior,19 to 29,Sport,Male
XC0236,Saunders,Taiger,MTBC23,30/03/1991,28,9.61,299,1,1667,0,Senior,19 to 29,Elite,Male
XC0237,Weston,Chris ,MTBC21,05/04/1991,28,9.64,297,1,1800,0,Senior,19 to 29,Sport,Male
XC0238,Wilson,Ken,MTBC11,22/05/1991,28,11.11,243,1,1820,0,Senior,19 to 29,Elite,Male
XC0239,Doehring,Nathaniel,MTBC6,01/06/1991,28,13.17,141,1,1222,0,Senior,19 to 29,Sport,Male
XC0240,Marzetti,Jim,MTBC1,15/06/1991,28,9.53,301,1,1637,0,Senior,19 to 29,Elite,Male
XC0241,Apperson,Darrell,MTBC4,08/07/1991,28,9.65,295,1,1023,0,Senior,19 to 29,Expert,Male
XC0359,Nyby,Nadine,MTBC8,01/09/1994,25,13.56,7,100,1545,0,Senior,19 to 29,Expert,Female
XC0424,Makela,Nicole,MTBC1,11/08/1996,23,13.52,8,95,1498,0,Senior,19 to 29,Sport,Female
XC0225,Bowles,Tanya,MTBC17,13/04/1990,29,13.47,9,90,1086,0,Senior,19 to 29,Elite,Female
XC0245,Kerr,Pat,MTBC4,02/08/1991,28,12.27,186,1,1426,0,Senior,19 to 29,Expert,Male
XC0549,Mcgill,Laura,MTBC10,28/05/1999,20,13.44,10,85,1530,0,Senior,19 to 29,Elite,Female
XC0247,Maclean,Ryan,MTBC5,04/10/1991,28,9.27,311,1,1624,0,Senior,19 to 29,Elite,Male
XC0248,Grigg,Curtis,MTBC15,08/10/1991,28,15.03,45,3,1325,0,Senior,19 to 29,Sport,Male
XC0249,Kuhn,Craig,MTBC13,08/10/1991,28,13.37,127,1,1447,0,Senior,19 to 29,Elite,Male
XC0250,Stein,Ty,MTBC18,08/10/1991,28,13.09,148,1,1720,0,Senior,19 to 29,Expert,Male
XC0251,Taylor-Smith,Ted,MTBC14,12/10/1991,28,14.84,56,1,1738,0,Senior,19 to 29,Novice,Male
XC0252,Sheen,Stephen,MTBC7,08/11/1991,28,13.56,118,1,1682,0,Senior,19 to 29,Elite,Male
XC0253,Corbet,Luke,MTBC13,14/11/1991,28,12.76,165,1,1175,0,Senior,19 to 29,Sport,Male
XC0352,Jackson,Daniel,MTBC5,08/07/1994,25,15.33,33,20,1401,-1,Senior,19 to 29,Sport,Male
XC0255,Wilson,Andrew,MTBC14,25/12/1991,28,9.33,309,1,1819,0,Senior,19 to 29,Sport,Male
XC0256,Voegeli,Dave,MTBC18,18/01/1992,27,14.12,93,1,1774,0,Senior,19 to 29,Expert,Male
XC0257,Erfle,Jay,MTBC16,03/04/1992,27,10.52,259,1,1251,0,Senior,19 to 29,Sport,Male
XC0258,Sissons,Andrew,MTBC15,29/04/1992,27,15.49,22,43,1693,0,Senior,19 to 29,Sport,Male
XC0259,Bakke,Aaron,MTBC17,01/05/1992,27,9.13,321,1,1038,0,Senior,19 to 29,Expert,Male
XC0260,Glanzig,Rob,MTBC1,12/05/1992,27,15.11,42,6,1306,0,Senior,19 to 29,Sport,Male
XC0001,Mullen,Su,MTBC10,10/12/1998,21,13.4,11,80,1536,-1,Senior,19 to 29,Elite,Female
XC0262,Zerk,Jamie,MTBC12,14/05/1992,27,13.32,131,1,1844,0,Senior,19 to 29,Sport,Male
XC0263,Kendell,Todd,MTBC20,15/05/1992,27,14.57,68,1,1421,0,Senior,19 to 29,Sport,Male
XC0560,Margaret,Genevieve,MTBC23,07/09/1999,20,13.3,12,75,1487,0,Senior,19 to 29,Expert,Female
XC0265,Hubick,Brad,MTBC21,11/06/1992,27,10.07,278,1,1386,0,Senior,19 to 29,Sport,Male
XC0266,Bjolverud,Ray,MTBC13,26/06/1992,27,15.36,30,26,1067,0,Senior,19 to 29,Novice,Male
XC0267,Woodward,Darren,MTBC13,26/06/1992,27,13.58,115,1,1824,0,Senior,19 to 29,Sport,Male
XC0522,Wright,Christopher,MTBC12,14/10/1998,21,14.88,54,1,1828,-1,Senior,19 to 29,Sport,Male
XC0269,Lagace,Ryan,MTBC12,09/07/1992,27,9.73,290,1,1452,0,Senior,19 to 29,Elite,Male
XC0270,Smith,Todd,MTBC5,09/07/1992,27,10.16,271,1,1698,0,Senior,19 to 29,Elite,Male
XC0469,Cahill,Nicole,MTBC10,12/08/1997,22,13.18,13,70,1131,-1,Senior,19 to 29,Elite,Female
XC0272,Barker,Cody,MTBC4,16/07/1992,27,12.54,176,1,1044,0,Senior,19 to 29,Sport,Male
XC0273,Baldwin,Isaac,MTBC22,17/07/1992,27,10.25,267,1,1040,0,Senior,19 to 29,Sport,Male
XC0274,Craig,Michael,MTBC6,22/07/1992,27,13.29,133,1,1181,0,Senior,19 to 29,Expert,Male
XC0298,Robe,Leydy,MTBC10,12/02/1993,26,13.15,14,67,1081,0,Senior,19 to 29,Elite,Female
XC0276,Gurba,Lampros,MTBC19,20/08/1992,27,13.13,145,1,1333,0,Senior,19 to 29,Novice,Male
XC0277,Shortridge,David,MTBC9,23/08/1992,27,13.15,143,1,1686,0,Senior,19 to 29,Novice,Male
XC0278,Honeyford,Mark,MTBC11,28/08/1992,27,13.82,106,1,1381,0,Senior,19 to 29,Sport,Male
XC0279,Bhardwaj,Reynard,MTBC19,21/09/1992,27,14.45,74,1,1227,0,Senior,19 to 29,Elite,Male
XC0280,Lamb,Adrian,MTBC13,25/09/1992,27,12.04,202,1,1454,0,Senior,19 to 29,Novice,Male
XC0221,Lockerbie,Lisa,MTBC11,03/02/1990,29,13.14,15,64,1477,0,Senior,19 to 29,Sport,Female
XC0477,Blixhavn,Scott,MTBC2,21/09/1997,22,14.32,80,1,1071,-1,Senior,19 to 29,Novice,Male
XC0283,Hunter,David,MTBC5,28/10/1992,27,13.35,129,1,1391,0,Senior,19 to 29,Elite,Male
XC0284,Liu,Mark,MTBC2,05/11/1992,27,12.35,184,1,1622,0,Senior,19 to 29,Elite,Male
XC0285,Ward,Simon,MTBC11,05/11/1992,27,15.53,20,49,1784,0,Senior,19 to 29,Expert,Male
XC0286,Soon,Pierce,MTBC9,17/11/1992,27,12.88,155,1,1703,0,Senior,19 to 29,Elite,Male
XC0287,Hebb,Neil,MTBC22,21/11/1992,27,14.46,73,1,1359,0,Senior,19 to 29,Sport,Male
XC0288,Kupsch,Steven,MTBC7,23/11/1992,27,13.54,120,1,1450,0,Senior,19 to 29,Sport,Male
XC0289,Heinemann,Andre,MTBC7,10/12/1992,27,10.89,247,1,1361,0,Senior,19 to 29,Sport,Male
XC0290,Penner,Robert,MTBC17,12/12/1992,27,15.94,2,150,1588,0,Senior,19 to 29,Elite,Male
XC0291,Hall,Logan,MTBC12,14/12/1992,27,9.67,293,1,1339,0,Senior,19 to 29,Sport,Male
XC0292,Kumka,Sheldon,MTBC2,15/12/1992,27,9.59,300,1,1449,0,Senior,19 to 29,Sport,Male
XC0293,Dipper,Spencer,MTBC11,17/01/1993,26,14.15,92,1,1218,0,Senior,19 to 29,Sport,Male
XC0294,Yexley,Rory,MTBC15,22/01/1993,26,11.34,233,1,1835,0,Senior,19 to 29,Sport,Male
XC0543,Briggs,Pepper,MTBC13,26/03/1999,20,13.12,16,61,1104,0,Senior,19 to 29,Sport,Female
XC0296,Barraclough,Colby,MTBC15,06/02/1993,26,10.05,279,1,1047,0,Senior,19 to 29,Novice,Male
XC0297,Atto,Trev,MTBC16,07/02/1993,26,14.19,88,1,1030,0,Senior,19 to 29,Novice,Male
XC0451,Oliphant,Nicole,MTBC10,17/04/1997,22,13.1,17,58,1568,0,Senior,19 to 29,Novice,Female
XC0299,Critchley,Salim,MTBC23,12/02/1993,26,14.94,49,1,1185,0,Senior,19 to 29,Expert,Male
XC0300,Rossi,Brian,MTBC13,12/02/1993,26,13.88,103,1,1653,0,Senior,19 to 29,Novice,Male
XC0301,Jackson,Evan,MTBC13,14/02/1993,26,11.46,224,1,1402,0,Senior,19 to 29,Expert,Male
XC0302,Tomassini,Adrien,MTBC22,16/02/1993,26,15.56,18,55,1747,0,Senior,19 to 29,Novice,Male
XC0303,Spencer,Daniel,MTBC8,10/03/1993,26,9.11,323,1,1706,0,Senior,19 to 29,Elite,Male
XC0304,Janssen,Bob,MTBC17,09/04/1993,26,10.12,274,1,1404,0,Senior,19 to 29,Elite,Male
XC0305,Kingwell,Jason,MTBC4,16/04/1993,26,10.15,272,1,1431,0,Senior,19 to 29,Elite,Male
XC0306,Walls,Heath,MTBC14,03/05/1993,26,14.85,55,1,1779,0,Senior,19 to 29,Novice,Male
XC0307,Quinnett,Robert,MTBC19,09/05/1993,26,10.03,280,1,1618,0,Senior,19 to 29,Novice,Male
XC0308,Bonham,Rob,MTBC15,11/05/1993,26,14.52,71,1,1075,0,Senior,19 to 29,Sport,Male
XC0309,Popovic,Jeff,MTBC12,01/06/1993,26,13.12,146,1,1613,0,Senior,19 to 29,Sport,Male
XC0598,Rourke,Sydney,MTBC4,07/07/2000,19,12.99,18,55,1089,0,Senior,19 to 29,Expert,Female
XC0311,Zawalik,Denis,MTBC22,23/07/1993,26,10.87,248,1,1841,0,Senior,19 to 29,Sport,Male
XC0622,Medinski,Kate,MTBC23,25/12/2000,19,12.77,19,52,1531,0,Senior,19 to 29,Elite,Female
XC0313,Hurd,Mitchell,MTBC8,15/08/1993,26,12.76,166,1,1392,0,Senior,19 to 29,Sport,Male
XC0553,Lohmann,Tanya,MTBC10,07/06/1999,20,12.67,20,49,1482,-1,Senior,19 to 29,Sport,Female
XC0315,Hewett,Travis,MTBC5,20/08/1993,26,11.33,234,1,1365,0,Senior,19 to 29,Elite,Male
XC0316,Chipping,Breaux,MTBC6,27/08/1993,26,12.62,172,1,1152,0,Senior,19 to 29,Novice,Male
XC0317,Bristow,John,MTBC19,30/08/1993,26,10.66,254,1,1229,0,Senior,19 to 29,Elite,Male
XC0318,Fednya,Ian,MTBC20,30/08/1993,26,9.2,316,1,1256,0,Senior,19 to 29,Sport,Male
XC0319,Wilson,Pierre,MTBC6,01/09/1993,26,14.36,77,1,1816,0,Senior,19 to 29,Sport,Male
XC0264,Brice,Lesley,MTBC12,08/06/1992,27,12.65,21,46,1101,0,Senior,19 to 29,Expert,Female
XC0321,Udy,Albert,MTBC12,28/09/1993,26,13.76,107,1,1759,0,Senior,19 to 29,Expert,Male
XC0322,Pattison,Christopher,MTBC1,29/09/1993,26,11.44,226,1,1585,0,Senior,19 to 29,Sport,Male
XC0323,Kenny,Cameron,MTBC16,02/10/1993,26,14.17,89,1,1423,0,Senior,19 to 29,Sport,Male
XC0324,Cooper,Michael,MTBC3,04/10/1993,26,10.74,253,1,1174,0,Senior,19 to 29,Sport,Male
XC0325,Tetrault,Andy,MTBC19,24/11/1993,26,15.43,27,32,1741,0,Senior,19 to 29,Expert,Male
XC0326,Dodd,Michael,MTBC9,12/12/1993,26,14.9,52,1,1221,0,Senior,19 to 29,Sport,Male
XC0327,Wood,Owen,MTBC4,16/12/1993,26,10.11,275,1,1823,0,Senior,19 to 29,Elite,Male
XC0328,Hewson,Steve,MTBC21,20/12/1993,26,9.66,294,1,1366,0,Senior,19 to 29,Sport,Male
XC0329,Garvin,Alexander,MTBC13,23/12/1993,26,13.3,132,1,1286,0,Senior,19 to 29,Sport,Male
XC0330,Froese,Craig,MTBC1,01/01/1994,26,13.33,130,1,1279,0,Senior,19 to 29,Sport,Male
XC0331,Stanford,David,MTBC23,12/01/1994,25,14.3,82,1,1717,0,Senior,19 to 29,Elite,Male
XC0528,McConnachie,Jennifer,MTBC11,21/11/1998,21,12.64,22,43,1514,0,Senior,19 to 29,Elite,Female
XC0333,Sowak,Rob,MTBC18,18/01/1994,25,15.47,24,38,1705,0,Senior,19 to 29,Expert,Male
XC0334,Ryder,Colin,MTBC5,22/01/1994,25,12.64,171,1,1660,0,Senior,19 to 29,Expert,Male
XC0479,Briggs,Chelsea,MTBC4,28/09/1997,22,12.61,23,40,1103,0,Senior,19 to 29,Expert,Female
XC0336,Claffey,James,MTBC1,25/01/1994,25,11.55,218,1,1157,0,Senior,19 to 29,Elite,Male
XC0381,Flater,Susan,MTBC15,30/05/1995,24,12.54,24,38,1476,0,Senior,19 to 29,Elite,Female
XC0338,Arnott,Oliver,MTBC9,08/02/1994,25,10.44,261,1,1026,0,Senior,19 to 29,Expert,Male
XC0339,Sproule,John,MTBC9,22/02/1994,25,15.45,25,36,1711,0,Senior,19 to 29,Expert,Male
XC0340,Lawrence,Niels,MTBC17,26/02/1994,25,15.91,4,125,1458,0,Senior,19 to 29,Expert,Male
XC0341,Romano,Andres,MTBC2,26/02/1994,25,14.59,67,1,1649,0,Senior,19 to 29,Sport,Male
XC0342,Walters,Tim,MTBC8,10/04/1994,25,13.22,137,1,1782,0,Senior,19 to 29,Sport,Male
XC0343,Hutchings,Lawrence,MTBC6,14/04/1994,25,12.24,188,1,1395,0,Senior,19 to 29,Novice,Male
XC0344,Gilbertson,Aaron,MTBC19,18/05/1994,25,13.52,122,1,1302,0,Senior,19 to 29,Expert,Male
XC0282,Burton,Linda,MTBC12,08/10/1992,27,12.54,25,36,1130,-1,Senior,19 to 29,Expert,Female
XC0346,Campbell,Adrian,MTBC14,28/05/1994,25,12.89,154,1,1609,0,Senior,19 to 29,Elite,Male
XC0347,Godber,Warren,MTBC15,01/06/1994,25,14.22,87,1,1310,0,Senior,19 to 29,Novice,Male
XC0348,Hobbs,Olaf,MTBC11,19/06/1994,25,11.4,230,1,1372,0,Senior,19 to 29,Elite,Male
XC0349,Rockwell,Jamie,MTBC7,23/06/1994,25,10.53,258,1,1647,0,Senior,19 to 29,Sport,Male
XC0254,Tomkinson,Christina,MTBC10,23/11/1991,28,12.42,26,34,1526,-1,Senior,19 to 29,Expert,Female
XC0351,Sutton,Trevor,MTBC17,05/07/1994,25,12.82,161,1,1735,0,Senior,19 to 29,Expert,Male
XC0310,Glendinning,Jack,MTBC12,13/06/1993,26,12.79,163,1,1254,-1,Senior,19 to 29,Sport,Male
XC0353,Ramanow,Christian,MTBC7,02/08/1994,25,15.96,1,175,1654,0,Senior,19 to 29,Elite,Male
XC0354,Webber,Christophe,MTBC4,04/08/1994,25,10.32,266,1,1790,0,Senior,19 to 29,Elite,Male
XC0355,Simmons,Kunio,MTBC9,06/08/1994,25,14.25,84,1,1689,0,Senior,19 to 29,Novice,Male
XC0356,Holton,Cory,MTBC6,16/08/1994,25,15.1,43,5,1380,0,Senior,19 to 29,Elite,Male
XC0441,Milward,Jenn,MTBC11,18/02/1997,22,12.35,27,32,1541,0,Senior,19 to 29,Sport,Female
XC0358,Ryan,Dean,MTBC19,28/08/1994,25,9.71,291,1,1659,0,Senior,19 to 29,Novice,Male
XC0457,Brown,Monica,MTBC18,18/05/1997,22,12.21,28,30,1112,0,Senior,19 to 29,Sport,Female
XC0529,Bunnin,Jenn,MTBC7,23/11/1998,21,11.95,29,28,1116,0,Senior,19 to 29,Sport,Female
XC0361,Zealand,Scott Jonathon,MTBC21,17/11/1994,25,12.17,194,1,1842,0,Senior,19 to 29,Elite,Male
XC0362,Driedzic,Ian,MTBC5,08/12/1994,25,12.94,153,1,1612,0,Senior,19 to 29,Elite,Male
XC0233,Marshall,Jane,MTBC23,18/01/1991,28,11.93,30,26,1508,0,Senior,19 to 29,Sport,Female
XC0364,Warburton,Steven,MTBC11,13/12/1994,25,13.55,119,1,1783,0,Senior,19 to 29,Sport,Male
XC0365,Reynolds,Jack ,MTBC19,14/12/1994,25,12.12,197,1,1631,0,Senior,19 to 29,Novice,Male
XC0366,Keller,Dion,MTBC5,04/01/1995,24,9.39,304,1,1418,0,Senior,19 to 29,Sport,Male
XC0367,Hoeppner,Andre,MTBC4,19/01/1995,24,9.65,296,1,1374,0,Senior,19 to 29,Elite,Male
XC0368,Guerard,David,MTBC3,03/02/1995,24,10.76,252,1,1329,0,Senior,19 to 29,Expert,Male
XC0369,Forrest,Bruno,MTBC23,09/02/1995,24,13.51,123,1,1620,0,Senior,19 to 29,Elite,Male
XC0370,Poole,Thomas,MTBC20,10/02/1995,24,11.35,232,1,1610,0,Senior,19 to 29,Novice,Male
XC0371,Poirier,Brad,MTBC12,13/02/1995,24,11.64,215,1,1607,0,Senior,19 to 29,Expert,Male
XC0372,Walsh,Alan,MTBC18,13/02/1995,24,10.18,269,1,1780,0,Senior,19 to 29,Elite,Male
XC0373,Potter,Logan,MTBC20,16/02/1995,24,10.1,276,1,1614,0,Senior,19 to 29,Novice,Male
XC0374,Elder,Tim,MTBC2,17/02/1995,24,13.14,144,1,1249,0,Senior,19 to 29,Elite,Male
XC0375,Summers,Lucas,MTBC15,21/02/1995,24,12.8,162,1,1732,0,Senior,19 to 29,Novice,Male
XC0376,Holowaychuk,Daniel,MTBC18,04/03/1995,24,13.95,98,1,1377,0,Senior,19 to 29,Elite,Male
XC0377,Wyllie,Darren,MTBC16,12/04/1995,24,10.34,264,1,1829,0,Senior,19 to 29,Sport,Male
XC0378,Clements,Darryl,MTBC5,05/05/1995,24,12.43,180,1,1161,0,Senior,19 to 29,Sport,Male
XC0379,Stephens,Bartek,MTBC18,10/05/1995,24,13.66,109,1,1723,0,Senior,19 to 29,Novice,Male
XC0380,Schiefler,Brandon,MTBC3,18/05/1995,24,12.87,156,1,1670,0,Senior,19 to 29,Novice,Male
XC0595,Boychuk,Robin,MTBC10,30/06/2000,19,11.93,31,24,1088,0,Senior,19 to 29,Sport,Female
XC0382,White,Gregory,MTBC18,30/05/1995,24,13.64,110,1,1804,0,Senior,19 to 29,Expert,Male
XC0383,Wilson,Devin,MTBC8,30/05/1995,24,11.67,214,1,1818,0,Senior,19 to 29,Sport,Male
XC0384,Yurkovich,Robert,MTBC5,03/06/1995,24,14.96,47,1,1840,0,Senior,19 to 29,Sport,Male
XC0271,Lewis,Safiya,MTBC3,12/07/1992,27,11.9,32,22,1504,0,Senior,19 to 29,Elite,Female
XC0386,Carter,Ray,MTBC6,21/06/1995,24,14.7,62,1,1063,0,Senior,19 to 29,Expert,Male
XC0387,Dornian,Charles,MTBC5,27/06/1995,24,13.94,99,1,1225,0,Senior,19 to 29,Novice,Male
XC0388,Scheirer,Darin,MTBC20,30/06/1995,24,14.93,50,1,1669,0,Senior,19 to 29,Sport,Male
XC0389,Cruise,Bowen,MTBC2,04/07/1995,24,11.92,203,1,1189,0,Senior,19 to 29,Novice,Male
XC0390,Teasdale,David,MTBC4,18/07/1995,24,9.77,286,1,1739,0,Senior,19 to 29,Elite,Male
XC0539,Manner,Amy,MTBC17,17/01/1999,20,11.88,33,20,1502,0,Senior,19 to 29,Sport,Female
XC0572,Mulligan,Jenn,MTBC10,25/12/1999,20,11.71,34,18,1551,0,Senior,19 to 29,Novice,Female
XC0393,Reimers,Kyle,MTBC12,03/11/1995,24,13.28,134,1,1629,0,Senior,19 to 29,Novice,Male
XC0394,Sanberg,Geoff,MTBC20,25/11/1995,24,10.38,263,1,1663,0,Senior,19 to 29,Novice,Male
XC0395,Phillips,Greg,MTBC18,04/01/1996,23,12.86,157,1,1285,0,Senior,19 to 29,Elite,Male
XC0242,Melhoney,Meghan,MTBC10,10/07/1991,28,11.69,35,16,1533,0,Senior,19 to 29,Elite,Female
XC0397,Ecerova,Erik,MTBC9,09/02/1996,23,15.42,28,30,1068,0,Senior,19 to 29,Expert,Male
XC0398,Stafford,Gary,MTBC20,09/02/1996,23,14.35,78,1,1714,0,Senior,19 to 29,Elite,Male
XC0275,Epp,Jane,MTBC1,06/08/1992,27,11.58,36,14,1473,0,Senior,19 to 29,Expert,Female
XC0400,Kent,Isaac,MTBC12,12/02/1996,23,9.1,324,1,1424,0,Senior,19 to 29,Elite,Male
XC0401,Toppings,Jeffrey,MTBC7,12/02/1996,23,14.69,63,1,1750,0,Senior,19 to 29,Sport,Male
XC0402,Vandyk,Geoff ,MTBC6,12/02/1996,23,14.91,51,1,1767,0,Senior,19 to 29,Expert,Male
XC0403,Asselstine,Laim,MTBC12,13/02/1996,23,11.25,238,1,1029,0,Senior,19 to 29,Sport,Male
XC0404,Jones,Darcy,MTBC9,13/02/1996,23,15.92,3,135,1412,0,Senior,19 to 29,Expert,Male
XC0597,Chilvers,Sian,MTBC2,06/07/2000,19,11.45,37,12,1475,-1,Senior,19 to 29,Elite,Female
XC0405,Lynes,Jenny,MTBC5,13/02/1996,23,11.4,38,10,1503,0,Senior,19 to 29,Expert,Female
XC0407,Selanders,Will,MTBC18,16/02/1996,23,10.92,246,1,1675,0,Senior,19 to 29,Elite,Male
XC0408,Wright,Neil,MTBC3,17/02/1996,23,15.25,36,14,1827,0,Senior,19 to 29,Expert,Male
XC0409,Knowles,Timothy,MTBC20,22/02/1996,23,14.95,48,1,1441,0,Senior,19 to 29,Sport,Male
XC0410,Ratte,Louis,MTBC9,01/04/1996,23,13.61,112,1,1151,0,Senior,19 to 29,Expert,Male
XC0411,Blennerhassett,Stephan,MTBC17,08/04/1996,23,14.89,53,1,1045,0,Senior,19 to 29,Expert,Male
XC0412,Klarenbach,Hayden,MTBC20,08/04/1996,23,11.48,222,1,1436,0,Senior,19 to 29,Sport,Male
XC0413,Caouette-Rochon,Brian,MTBC3,12/04/1996,23,13.5,124,1,1134,0,Senior,19 to 29,Novice,Male
XC0414,Turgeon,Jared,MTBC13,14/04/1996,23,13.83,105,1,1755,0,Senior,19 to 29,Elite,Male
XC0415,Khoury,Kevin,MTBC22,17/04/1996,23,12.58,174,1,1427,0,Senior,19 to 29,Expert,Male
XC0416,Webb,Keegan,MTBC17,13/05/1996,23,11.47,223,1,1789,0,Senior,19 to 29,Novice,Male
XC0417,Welch,John,MTBC2,16/05/1996,23,12.57,175,1,1795,0,Senior,19 to 29,Expert,Male
XC0418,Tolton,Rob,MTBC8,07/06/1996,23,9.63,298,1,1746,0,Senior,19 to 29,Novice,Male
XC0419,Dobinson,Keith,MTBC23,13/06/1996,23,15.31,34,18,1220,0,Senior,19 to 29,Sport,Male
XC0420,Walkom,Darwin,MTBC9,06/07/1996,23,9.38,305,1,1777,0,Senior,19 to 29,Novice,Male
XC0421,Wiles,Brian,MTBC7,06/07/1996,23,13.6,113,1,1812,0,Senior,19 to 29,Sport,Male
XC0422,Davison,Barney,MTBC21,21/07/1996,23,13.53,121,1,1202,0,Senior,19 to 29,Novice,Male
XC0423,Warden,Denis,MTBC11,09/08/1996,23,13.57,116,1,1786,0,Senior,19 to 29,Elite,Male
XC0332,Cairns,Gloria,MTBC20,18/01/1994,25,11.33,39,9,1129,0,Senior,19 to 29,Novice,Female
XC0425,Roberts,Zeke,MTBC20,13/08/1996,23,9.45,302,1,1640,0,Senior,19 to 29,Novice,Male
XC0426,Sherstan,Jesse,MTBC20,22/08/1996,23,10.33,265,1,1683,0,Senior,19 to 29,Novice,Male
XC0427,Ahmed,Kyle,MTBC20,13/09/1996,23,11.88,206,1,1014,0,Senior,19 to 29,Novice,Male
XC0428,Stoner,Luke,MTBC18,15/09/1996,23,10.08,277,1,1728,0,Senior,19 to 29,Elite,Male
XC0429,Williams,Kellen,MTBC11,16/09/1996,23,15.29,35,16,1815,0,Senior,19 to 29,Sport,Male
XC0430,Roberts,Titus,MTBC8,19/09/1996,23,15.72,12,75,1639,0,Senior,19 to 29,Novice,Male
XC0431,Harrison,Timothy,MTBC19,23/10/1996,23,11.45,225,1,1349,0,Senior,19 to 29,Elite,Male
XC0432,Gaucher,Robert,MTBC6,02/12/1996,23,14.62,65,1,1289,0,Senior,19 to 29,Sport,Male
XC0433,Sampson,Jesse James,MTBC14,04/12/1996,23,11.43,227,1,1662,0,Senior,19 to 29,Sport,Male
XC0434,Chan,Sucahet,MTBC16,06/12/1996,23,11.9,205,1,1146,0,Senior,19 to 29,Elite,Male
XC0435,Shimizu,Rory,MTBC19,12/12/1996,23,9.35,307,1,1684,0,Senior,19 to 29,Elite,Male
XC0436,Graham,Logan,MTBC12,02/01/1997,22,11.76,212,1,1320,0,Senior,19 to 29,Sport,Male
XC0437,Hulley,Justin,MTBC16,06/01/1997,22,9.84,283,1,1389,0,Senior,19 to 29,Sport,Male
XC0438,Chapman,Rob ,MTBC11,14/01/1997,22,9.1,325,1,1148,0,Senior,19 to 29,Sport,Male
XC0439,Borlee,Graham,MTBC7,17/01/1997,22,10.58,257,1,1078,0,Senior,19 to 29,Novice,Male
XC0440,Redden,Kenneth,MTBC1,14/02/1997,22,12.85,158,1,1312,0,Senior,19 to 29,Elite,Male
XC0492,Brassington,Annie,MTBC10,08/04/1998,21,11.28,40,8,1091,0,Senior,19 to 29,Novice,Female
XC0337,McKnight,Patti,MTBC5,26/01/1994,25,11.23,41,7,1527,0,Senior,19 to 29,Sport,Female
XC0442,Mulholland,Candace,MTBC19,22/02/1997,22,11.19,42,6,1549,0,Senior,19 to 29,Expert,Female
XC0444,Perdomo,Shawn,MTBC19,22/02/1997,22,12.32,185,1,1590,0,Senior,19 to 29,Sport,Male
XC0445,Urban,John,MTBC13,26/02/1997,22,12.51,178,1,1760,0,Senior,19 to 29,Expert,Male
XC0446,Delong,Aidan,MTBC14,06/03/1997,22,11.51,219,1,1209,0,Senior,19 to 29,Novice,Male
XC0447,Hastings,Patrick,MTBC21,11/03/1997,22,14.33,79,1,1354,0,Senior,19 to 29,Sport,Male
XC0448,Thanhauser,Mark,MTBC2,16/03/1997,22,9.76,287,1,1742,0,Senior,19 to 29,Sport,Male
XC0449,Urquhart,Justin,MTBC1,03/04/1997,22,15.23,37,12,1761,0,Senior,19 to 29,Novice,Male
XC0450,Loberg,John,MTBC22,12/04/1997,22,10.84,249,1,1079,0,Senior,19 to 29,Expert,Male
XC0281,Bougie,Danielle,MTBC15,30/09/1992,27,11.14,43,5,1121,0,Senior,19 to 29,Elite,Female
XC0452,Spencer,Kristofer,MTBC14,19/04/1997,22,12.23,189,1,1707,0,Senior,19 to 29,Novice,Male
XC0453,Vaughan,Grant,MTBC17,19/04/1997,22,11.91,204,1,1768,0,Senior,19 to 29,Sport,Male
XC0454,Sidney,Jason,MTBC17,21/04/1997,22,11.79,209,1,1688,0,Senior,19 to 29,Novice,Male
XC0455,Rosmanitz,Tom,MTBC9,23/04/1997,22,9.15,319,1,1652,0,Senior,19 to 29,Novice,Male
XC0456,Topilko,Brett,MTBC20,23/04/1997,22,11.05,245,1,1749,0,Senior,19 to 29,Novice,Male
XC0577,Martin,Tanya,MTBC3,01/02/2000,19,11.12,44,4,1511,0,Senior,19 to 29,Novice,Female
XC0620,McKinney,Laura,MTBC7,10/12/2000,19,11.11,45,3,1519,0,Senior,19 to 29,Expert,Female
XC0459,Symonds,Jeff,MTBC15,18/05/1997,22,13.85,104,1,1737,0,Senior,19 to 29,Novice,Male
XC0460,Welch,Justin,MTBC9,18/05/1997,22,13.57,117,1,1793,0,Senior,19 to 29,Sport,Male
XC0461,Yaworski,Martin,MTBC1,22/05/1997,22,14.49,72,1,1833,0,Senior,19 to 29,Expert,Male
XC0462,White,Peter,MTBC13,15/06/1997,22,13.25,135,1,1805,0,Senior,19 to 29,Elite,Male
XC0463,Wild,Jackson,MTBC14,18/06/1997,22,9.98,281,1,1811,0,Senior,19 to 29,Expert,Male
XC0464,Van Jaarsveldt,Rod,MTBC20,30/06/1997,22,12.48,179,1,1764,0,Senior,19 to 29,Elite,Male
XC0465,Wilson,Tim,MTBC22,15/07/1997,22,12.18,193,1,1817,0,Senior,19 to 29,Sport,Male
XC0466,Fleeman,Michael,MTBC15,19/07/1997,22,10.5,260,1,1266,0,Senior,19 to 29,Expert,Male
XC0467,Kohlenberg,Brad,MTBC15,19/07/1997,22,13.72,108,1,1445,0,Senior,19 to 29,Elite,Male
XC0468,Soos,Robert,MTBC17,23/07/1997,22,10.4,262,1,1704,0,Senior,19 to 29,Elite,Male
XC0571,Fraser,Kirk,MTBC2,17/12/1999,20,12.11,198,1,1276,-1,Senior,19 to 29,Sport,Male
XC0470,Sinclair,Grant,MTBC15,24/08/1997,22,15.9,5,115,1691,0,Senior,19 to 29,Expert,Male
XC0471,Stringer,Andrew,MTBC20,27/08/1997,22,14.55,69,1,1730,0,Senior,19 to 29,Novice,Male
XC0472,Jackman,Connor,MTBC13,06/09/1997,22,13.19,139,1,1400,0,Senior,19 to 29,Expert,Male
XC0473,Blackett,Matthew,MTBC15,06/09/1997,22,14.79,59,1,1592,0,Senior,19 to 29,Elite,Male
XC0474,Bickham,David,MTBC1,17/09/1997,22,12.07,200,1,1064,0,Senior,19 to 29,Novice,Male
XC0475,Bunko,Jean,MTBC16,17/09/1997,22,9.17,317,1,1600,0,Senior,19 to 29,Elite,Male
XC0476,Snider,Mark,MTBC7,19/09/1997,22,15.21,38,10,1700,0,Senior,19 to 29,Elite,Male
XC0600,Sarnecki,Spencer,MTBC12,06/08/2000,19,11.58,217,1,1666,-1,Senior,19 to 29,Novice,Male
XC0478,Steel,Aryeh,MTBC20,23/09/1997,22,15.76,9,90,1719,0,Senior,19 to 29,Expert,Male
XC0224,Parker,Sarah,MTBC10,08/02/1990,29,10.96,46,2,1581,0,Senior,19 to 29,Novice,Female
XC0480,Young,Wilson,MTBC9,03/10/1997,22,11.15,241,1,1839,0,Senior,19 to 29,Sport,Male
XC0481,Knoll,Brent,MTBC17,16/10/1997,22,11.3,235,1,1440,0,Senior,19 to 29,Expert,Male
XC0482,Platt,Anthony,MTBC11,20/10/1997,22,13.2,138,1,1605,0,Senior,19 to 29,Novice,Male
XC0483,Hoyle,Darcy,MTBC16,31/10/1997,22,13.01,151,1,1385,0,Senior,19 to 29,Expert,Male
XC0484,Kitson,Alexander,MTBC18,07/12/1997,22,12.72,169,1,1435,0,Senior,19 to 29,Elite,Male
XC0485,Erickson,Liam,MTBC7,16/12/1997,22,9.83,284,1,1252,0,Senior,19 to 29,Sport,Male
XC0486,Stevens,Garrett,MTBC3,25/12/1997,22,9.03,326,1,1724,0,Senior,19 to 29,Expert,Male
XC0487,Wyminga,Colin,MTBC13,01/01/1998,22,13.96,97,1,1830,0,Senior,19 to 29,Sport,Male
XC0488,Welch,David,MTBC2,15/02/1998,21,11.49,221,1,1794,0,Senior,19 to 29,Sport,Male
XC0489,Gough,Steve ,MTBC22,16/02/1998,21,15.71,13,70,1319,0,Senior,19 to 29,Sport,Male
XC0246,Pootz,Alana,MTBC10,13/09/1991,28,10.87,47,1,1513,0,Senior,19 to 29,Elite,Female
XC0491,Gladysz,Bryon,MTBC11,26/03/1998,21,14.78,60,1,1305,0,Senior,19 to 29,Sport,Male
XC0550,Mcdonough,Elizabeth,MTBC22,30/05/1999,20,10.75,48,1,1518,0,Senior,19 to 29,Expert,Female
XC0493,Vesty,Michael,MTBC9,08/04/1998,21,15.35,32,22,1771,0,Senior,19 to 29,Expert,Male
XC0494,Bainbridge,Chris,MTBC17,30/04/1998,21,15.83,7,100,1037,0,Senior,19 to 29,Sport,Male
XC0495,Hooson,Dean,MTBC18,02/05/1998,21,12.83,160,1,1382,0,Senior,19 to 29,Elite,Male
XC0496,Garez,Michael,MTBC12,10/05/1998,21,9.87,282,1,1265,0,Senior,19 to 29,Elite,Male
XC0497,Hatch,Jeff,MTBC1,15/05/1998,21,11.78,210,1,1355,0,Senior,19 to 29,Sport,Male
XC0498,Versailles,Craig,MTBC1,16/05/1998,21,14.77,61,1,1769,0,Senior,19 to 29,Elite,Male
XC0499,Egan,Ryan,MTBC23,13/06/1998,21,15.6,17,58,1240,0,Senior,19 to 29,Sport,Male
XC0500,Van Omerman,Travis,MTBC2,10/07/1998,21,14.17,90,1,1765,0,Senior,19 to 29,Novice,Male
XC0501,Paton,Chris,MTBC4,12/07/1998,21,13.89,102,1,1584,0,Senior,19 to 29,Elite,Male
XC0502,Wishloff,Kelvin,MTBC13,12/07/1998,21,12.4,181,1,1821,0,Senior,19 to 29,Sport,Male
XC0503,Spooner,Eric,MTBC15,16/07/1998,21,11.21,239,1,1708,0,Senior,19 to 29,Novice,Male
XC0504,Bergman,Phil ,MTBC2,17/07/1998,21,14.11,94,1,1061,0,Senior,19 to 29,Elite,Male
XC0505,Kuss,Adam,MTBC3,17/07/1998,21,14.31,81,1,1451,0,Senior,19 to 29,Novice,Male
XC0506,Proche,Felix,MTBC11,17/07/1998,21,12.2,190,1,1616,0,Senior,19 to 29,Expert,Male
XC0507,Sutherland,Patrick,MTBC16,21/07/1998,21,11.28,236,1,1733,0,Senior,19 to 29,Novice,Male
XC0508,Bagley,Kelly,MTBC15,08/08/1998,21,12.2,191,1,1034,0,Senior,19 to 29,Novice,Male
XC0509,Bentley,Robert,MTBC8,15/08/1998,21,14.1,95,1,1060,0,Senior,19 to 29,Sport,Male
XC0519,Lof,Evelyn,MTBC18,06/10/1998,21,10.7,49,1,1480,0,Senior,19 to 29,Novice,Female
XC0511,Singbeil,Jesse,MTBC12,26/08/1998,21,13.18,140,1,1692,0,Senior,19 to 29,Elite,Male
XC0512,Quinney,Jordan,MTBC8,30/08/1998,21,12.13,196,1,1619,0,Senior,19 to 29,Sport,Male
XC0513,Viznaugh,Michael,MTBC6,16/09/1998,21,13.1,147,1,1773,0,Senior,19 to 29,Elite,Male
XC0514,Kay,Harley,MTBC3,17/09/1998,21,12.61,173,1,1416,0,Senior,19 to 29,Elite,Male
XC0515,Baillie,Hugo,MTBC23,20/09/1998,21,15.36,31,24,1035,0,Senior,19 to 29,Novice,Male
XC0516,Parry,Rob,MTBC4,22/09/1998,21,13.59,114,1,1582,0,Senior,19 to 29,Sport,Male
XC0345,Martins,Ruby,MTBC19,18/05/1994,25,10.67,50,1,1506,0,Senior,19 to 29,Expert,Female
XC0518,Wheatley,Marc ,MTBC8,28/09/1998,21,15.78,8,95,1802,0,Senior,19 to 29,Novice,Male
XC0261,Moore,Patricia,MTBC9,13/05/1992,27,10.64,51,1,1559,0,Senior,19 to 29,Elite,Female
XC0559,Livesey,Michelle,MTBC11,01/09/1999,20,10.62,52,1,1474,0,Senior,19 to 29,Sport,Female
XC0521,Stelzer,Rob,MTBC4,08/10/1998,21,11.59,216,1,1721,0,Senior,19 to 29,Novice,Male
XC0314,Chamberlain,Julia,MTBC10,18/08/1993,26,10.51,53,1,1467,-1,Senior,19 to 29,Expert,Female
XC0523,Alboiu,Ken,MTBC8,23/10/1998,21,12.25,187,1,1015,0,Senior,19 to 29,Expert,Male
XC0524,Harris,Justin,MTBC11,24/10/1998,21,9.34,308,1,1348,0,Senior,19 to 29,Sport,Male
XC0525,West,Kier,MTBC3,29/10/1998,21,11.83,207,1,1799,0,Senior,19 to 29,Expert,Male
XC0526,Pearce,Sean,MTBC1,10/11/1998,21,11.42,228,1,1586,0,Senior,19 to 29,Sport,Male
XC0527,Walker,Russell,MTBC2,13/11/1998,21,11.75,213,1,1776,0,Senior,19 to 29,Sport,Male
XC0443,Pollard,Katy,MTBC18,22/02/1997,22,10.49,54,1,1573,0,Senior,19 to 29,Expert,Female
XC0360,Mcgill,Leanne,MTBC7,13/10/1994,25,10.47,55,1,1522,0,Senior,19 to 29,Sport,Female
XC0530,Wallace,Paul,MTBC15,23/11/1998,21,13.98,96,1,1778,0,Senior,19 to 29,Expert,Male
XC0531,Redding,Shaughn,MTBC7,27/11/1998,21,13.39,125,1,1625,0,Senior,19 to 29,Expert,Male
XC0532,Trussler,Donald,MTBC4,28/11/1998,21,12.06,201,1,1752,0,Senior,19 to 29,Novice,Male
XC0533,Johnson,Suchaet,MTBC12,29/11/1998,21,9.16,318,1,1410,0,Senior,19 to 29,Novice,Male
XC0534,Gunawardena,Marcus,MTBC3,09/12/1998,21,9.26,312,1,1332,0,Senior,19 to 29,Sport,Male
XC0231,Meunier,Cindy,MTBC7,29/08/1990,29,10.37,56,1,1537,0,Senior,19 to 29,Sport,Female
XC0536,Aardal,Ryan,MTBC17,06/09/1957,62,10.05,21,46,1010,0,Super Veteran,60 and over,Proficient,Male
XC0537,Crutchlow,Gerald,MTBC3,17/12/1998,21,10.66,255,1,1190,0,Senior,19 to 29,Elite,Male
XC0538,Ignatiuk,Greg,MTBC13,25/12/1998,21,15.07,44,4,1396,0,Senior,19 to 29,Sport,Male
XC0556,Linder,Emily,MTBC7,19/07/1999,20,10.14,57,1,1469,0,Senior,19 to 29,Sport,Female
XC0540,Jung,Keith,MTBC18,18/01/1999,20,12.75,167,1,1414,0,Senior,19 to 29,Sport,Male
XC0541,Perry,Derek,MTBC20,31/01/1999,20,9.68,292,1,1144,0,Senior,19 to 29,Expert,Male
XC0542,Gervais,Chris,MTBC23,16/03/1999,20,15.52,21,46,1295,0,Senior,19 to 29,Sport,Male
XC0490,Barlow,Daena,MTBC9,26/03/1998,21,10.13,58,1,1100,0,Senior,19 to 29,Elite,Female
XC0544,Edworthy,Christian,MTBC4,29/03/1999,20,15.63,15,64,1239,0,Senior,19 to 29,Sport,Male
XC0243,Butler,Jennifer,MTBC23,17/07/1991,28,10.11,59,1,1122,0,Senior,19 to 29,Sport,Female
XC0546,Collins,Stephen,MTBC9,09/04/1999,20,15.4,29,28,1170,0,Senior,19 to 29,Expert,Male
XC0576,Mercer,Emmanuelle,MTBC2,18/01/2000,19,10.09,60,1,1540,-1,Senior,19 to 29,Expert,Female
XC0548,Kipling,Luke,MTBC18,06/05/1999,20,13.38,126,1,1433,0,Senior,19 to 29,Novice,Male
XC0517,Nguyen,Elizabeth,MTBC3,25/09/1998,21,10.06,61,1,1558,0,Senior,19 to 29,Novice,Female
XC0406,McIlroy,Gail,MTBC8,13/02/1996,23,9.95,62,1,1524,0,Senior,19 to 29,Expert,Female
XC0551,Carroll,Tyson,MTBC13,05/06/1999,20,9.37,306,1,1137,0,Senior,19 to 29,Novice,Male
XC0552,Johnstone,Ken ,MTBC21,05/06/1999,20,10.24,268,1,1411,0,Senior,19 to 29,Novice,Male
XC0458,Leblanc,Lisa,MTBC16,18/05/1997,22,9.94,63,1,1460,0,Senior,19 to 29,Sport,Female
XC0554,Wensel,Brendan,MTBC16,07/06/1999,20,11.8,208,1,1797,0,Senior,19 to 29,Sport,Male
XC0555,Telford,Daniel,MTBC2,17/06/1999,20,10.17,270,1,1740,0,Senior,19 to 29,Elite,Male
XC0545,Bugeaud,Daene,MTBC9,01/04/1999,20,9.93,64,1,1114,0,Senior,19 to 29,Novice,Female
XC0557,Turnbull,Keith,MTBC16,20/07/1999,20,12.38,182,1,1756,0,Senior,19 to 29,Sport,Male
XC0558,Foster,Andrew,MTBC1,16/08/1999,20,13.16,142,1,1069,0,Senior,19 to 29,Expert,Male
XC0391,McWilliam,Jenaya,MTBC10,18/08/1995,24,9.92,65,1,1521,0,Senior,19 to 29,Expert,Female
XC0357,Niles,Clementine,MTBC12,20/08/1994,25,9.85,66,1,1560,-1,Senior,19 to 29,Novice,Female
XC0561,Howard,Jeff,MTBC2,10/09/1999,20,14.81,57,1,1384,0,Senior,19 to 29,Novice,Male
XC0562,Cole,Nathan,MTBC20,16/09/1999,20,9.75,288,1,1166,0,Senior,19 to 29,Novice,Male
XC0563,Shawn,Carson,MTBC22,16/09/1999,20,9.12,322,1,1680,0,Senior,19 to 29,Novice,Male
XC0564,Stachura,Keith,MTBC18,13/10/1999,20,13.05,150,1,1712,0,Senior,19 to 29,Novice,Male
XC0565,Kaiser,Darren,MTBC20,19/10/1999,20,14.8,58,1,1415,0,Senior,19 to 29,Novice,Male
XC0566,Wichuk,Barrie,MTBC14,30/10/1999,20,11.39,231,1,1807,0,Senior,19 to 29,Novice,Male
XC0567,Havers,Christopher,MTBC8,20/11/1999,20,12.84,159,1,1356,0,Senior,19 to 29,Elite,Male
XC0568,Smart,Pierre-Yves,MTBC3,21/11/1999,20,15.48,23,40,1696,0,Senior,19 to 29,Sport,Male
XC0569,Creighton,Jason,MTBC17,06/12/1999,20,14.16,91,1,1184,0,Senior,19 to 29,Expert,Male
XC0570,Hopping,Ed,MTBC12,07/12/1999,20,12.19,192,1,1383,0,Senior,19 to 29,Sport,Male
XC0399,Butts,Elizabeth,MTBC1,12/02/1996,23,9.84,67,1,1123,0,Senior,19 to 29,Sport,Female
XC0392,Whitehouse,Erin,MTBC10,26/08/1995,24,9.82,68,1,1516,-1,Senior,19 to 29,Sport,Female
XC0573,Klein,Erik,MTBC11,27/12/1999,20,11.19,240,1,1437,0,Senior,19 to 29,Elite,Male
XC0574,Yoshimura,Kevin,MTBC11,29/12/1999,20,10.6,256,1,1837,0,Senior,19 to 29,Sport,Male
XC0575,Wheeldon,Christopher,MTBC6,06/01/2000,19,15.01,46,2,1803,0,Senior,19 to 29,Sport,Male
XC0244,Mundy,Natascha,MTBC19,25/07/1991,28,9.79,69,1,1552,0,Senior,19 to 29,Sport,Female
XC0363,Brandrick,Emily,MTBC18,10/12/1994,25,9.71,70,1,1119,0,Senior,19 to 29,Expert,Female
XC0578,Fox,Daniel,MTBC1,02/02/2000,19,11.77,211,1,1274,0,Senior,19 to 29,Sport,Male
XC0579,Harlton,Brian,MTBC15,02/02/2000,19,14.27,83,1,1345,0,Senior,19 to 29,Elite,Male
XC0580,Wrigglesford,Huy,MTBC12,13/02/2000,19,11.1,244,1,1826,0,Senior,19 to 29,Sport,Male
XC0581,Isaak,Justin,MTBC23,22/02/2000,19,12.73,168,1,1399,0,Senior,19 to 29,Elite,Male
XC0582,Manner,Clayton,MTBC21,04/03/2000,19,12.7,170,1,1139,0,Senior,19 to 29,Expert,Male
XC0583,Arseneau,David,MTBC6,09/03/2000,19,15.13,41,7,1027,0,Senior,19 to 29,Sport,Male
XC0584,Davies,Graham,MTBC4,12/03/2000,19,9.79,285,1,1200,0,Senior,19 to 29,Expert,Male
XC0585,Harwood,Peter,MTBC9,08/04/2000,19,13.92,101,1,1353,0,Senior,19 to 29,Elite,Male
XC0586,Snell,Ryder,MTBC9,12/04/2000,19,15.67,14,67,1699,0,Senior,19 to 29,Novice,Male
XC0587,Laing,Craig,MTBC4,20/04/2000,19,11.26,237,1,1453,0,Senior,19 to 29,Expert,Male
XC0588,Handford,Jean-Luc,MTBC17,24/04/2000,19,10.82,250,1,1341,0,Senior,19 to 29,Elite,Male
XC0589,Burden,Ryan,MTBC23,10/05/2000,19,13.93,100,1,1053,0,Senior,19 to 29,Expert,Male
XC0590,Tsuyuhara,Michael,MTBC14,28/05/2000,19,14.43,75,1,1753,0,Senior,19 to 29,Elite,Male
XC0591,Stafford,Colin,MTBC1,03/06/2000,19,15.74,10,85,1713,0,Senior,19 to 29,Elite,Male
XC0592,Hall,Darren,MTBC6,07/06/2000,19,14.54,70,1,1338,0,Senior,19 to 29,Elite,Male
XC0396,Bedard,Holly,MTBC3,07/02/1996,23,9.46,71,1,1106,0,Senior,19 to 29,Expert,Female
XC0594,Hickey,Drew,MTBC20,18/06/2000,19,9.22,314,1,1368,0,Senior,19 to 29,Sport,Male
XC0510,Michalski,Brooke,MTBC1,26/08/1998,21,9.42,72,1,1538,0,Senior,19 to 29,Novice,Female
XC0520,Brenner,Isabelle,MTBC20,08/10/1998,21,9.42,73,1,1096,0,Senior,19 to 29,Elite,Female
XC0320,Meeres,Jennifer,MTBC20,28/09/1993,26,9.39,74,1,1532,0,Senior,19 to 29,Sport,Female
XC0295,Bostick,Madeleine,MTBC8,03/02/1993,26,9.25,75,1,1115,0,Senior,19 to 29,Expert,Female
XC0599,Stoke,John,MTBC3,18/07/2000,19,9.42,303,1,1726,0,Senior,19 to 29,Elite,Male
XC0335,Nicholson,Alex,MTBC2,24/01/1994,25,9.23,76,1,1569,-1,Senior,19 to 29,Elite,Female
XC0601,Hundert,Andrew,MTBC7,13/08/2000,19,15.62,16,61,1390,0,Senior,19 to 29,Sport,Male
XC0602,Hagedorn,Richard,MTBC20,18/08/2000,19,12.78,164,1,1334,0,Senior,19 to 29,Sport,Male
XC0603,Callaghan,Ryan,MTBC16,19/08/2000,19,13.23,136,1,1237,0,Senior,19 to 29,Elite,Male
XC0604,Schroderus,Richard,MTBC6,23/08/2000,19,11.5,220,1,1673,0,Senior,19 to 29,Novice,Male
XC0605,Guilbert,Joseph,MTBC7,31/08/2000,19,9.28,310,1,1330,0,Senior,19 to 29,Sport,Male
XC0606,Grant,Joshua,MTBC21,03/09/2000,19,15.86,6,105,1321,0,Senior,19 to 29,Sport,Male
XC0607,Tichelaar,James,MTBC11,03/09/2000,19,14.24,85,1,1744,0,Senior,19 to 29,Elite,Male
XC0608,Cislo,Francis,MTBC20,05/09/2000,19,15.44,26,34,1156,0,Senior,19 to 29,Expert,Male
XC0609,Weikum,Tom,MTBC1,28/09/2000,19,15.2,39,9,1791,0,Senior,19 to 29,Sport,Male
XC0610,Wigelsworth,Shaun,MTBC4,29/09/2000,19,10.8,251,1,1810,0,Senior,19 to 29,Novice,Male
XC0611,Duggon,Erik,MTBC20,03/10/2000,19,13.63,111,1,1230,0,Senior,19 to 29,Expert,Male
XC0612,Manning,Charles,MTBC19,11/10/2000,19,12.36,183,1,1273,0,Senior,19 to 29,Elite,Male
XC0613,Ellis,Chris,MTBC21,14/10/2000,19,14.23,86,1,1244,0,Senior,19 to 29,Sport,Male
XC0614,Lockerbie,Scott,MTBC21,31/10/2000,19,14.41,76,1,1270,0,Senior,19 to 29,Elite,Male
XC0615,Kim,Carson,MTBC4,02/11/2000,19,15.73,11,80,1428,0,Senior,19 to 29,Elite,Male
XC0616,Hill,Keith,MTBC15,10/11/2000,19,12.98,152,1,1369,0,Senior,19 to 29,Sport,Male
XC0617,Johnson,Jake,MTBC21,04/12/2000,19,13.07,149,1,1409,0,Senior,19 to 29,Elite,Male
XC0618,Doyle,Scott,MTBC14,09/12/2000,19,12.09,199,1,1241,0,Senior,19 to 29,Elite,Male
XC0619,Hargreaves,Graham,MTBC7,09/12/2000,19,10.13,273,1,1344,0,Senior,19 to 29,Expert,Male
XC0596,Orsler ,Jill,MTBC22,02/07/2000,19,9.13,77,1,1564,0,Senior,19 to 29,Expert,Female
XC0621,Dickinson,Graham,MTBC3,14/12/2000,19,12.54,177,1,1216,0,Senior,19 to 29,Novice,Male
XC0593,Loewen,Jane ,MTBC12,16/06/2000,19,9.02,78,1,1479,0,Senior,19 to 29,Expert,Female
XC0623,Hirota,Mark,MTBC9,27/12/2000,19,9.24,313,1,1370,0,Senior,19 to 29,Expert,Male
XC0624,Malcolm,Dan,MTBC14,07/06/1947,72,9.37,27,32,1651,0,Super Veteran,60 and over,Proficient,Male
XC0625,Padgham,Marg,MTBC14,27/06/1949,70,12.23,6,105,1578,0,Super Veteran,60 and over,Proficient,Female
XC0626,Holt,Alex,MTBC22,02/08/1950,69,13.13,11,80,1378,0,Super Veteran,60 and over,Proficient,Male
XC0627,Ouellette,Emma,MTBC5,08/10/1950,69,10.54,10,85,1575,0,Super Veteran,60 and over,Proficient,Female
XC0628,Bourgue,Ashley,MTBC18,18/05/1951,68,13.6,1,175,1083,0,Super Veteran,60 and over,Proficient,Female
XC0629,Shires,Jay,MTBC19,06/08/1951,68,11.36,17,58,1685,0,Super Veteran,60 and over,Proficient,Male
XC0630,Brazeau,Gabby,MTBC19,26/08/1952,67,13.3,2,150,1094,0,Super Veteran,60 and over,Proficient,Female
XC0631,O'Reilly,Ramona,MTBC23,29/09/1952,67,9.7,12,75,1571,0,Super Veteran,60 and over,Proficient,Female
XC0632,Chishlom,Austin,MTBC4,10/12/1952,67,9.42,26,34,1153,-1,Super Veteran,60 and over,Proficient,Male
XC0633,Robertson,David,MTBC13,27/08/1953,66,12.01,15,64,1643,0,Super Veteran,60 and over,Proficient,Male
XC0634,Cranston,David,MTBC5,01/09/1953,66,9.83,24,38,1183,0,Super Veteran,60 and over,Proficient,Male
XC0635,Naylor,Kara,MTBC17,20/08/1954,65,11.02,8,95,1556,0,Super Veteran,60 and over,Proficient,Female
XC0636,Husband,Peter,MTBC2,27/10/1954,65,14.67,5,115,1394,-1,Super Veteran,60 and over,Proficient,Male
XC0637,Dixon,Samuel,MTBC1,15/12/1954,65,12.57,12,75,1219,0,Super Veteran,60 and over,Proficient,Male
XC0638,Mcrae,Liza,MTBC12,03/02/1955,64,10.95,9,90,1529,-1,Super Veteran,60 and over,Proficient,Female
XC0639,Cruickshank,Brett,MTBC6,10/10/1955,64,15.48,2,150,1188,0,Super Veteran,60 and over,Proficient,Male
XC0640,Anderson,Nathan,MTBC17,27/03/1956,63,12.44,13,70,1018,0,Super Veteran,60 and over,Proficient,Male
XC0641,Carroll,Nathan,MTBC14,12/04/1956,63,13.64,8,95,1136,0,Super Veteran,60 and over,Proficient,Male
XC0642,Becker,Damian,MTBC7,14/08/1956,63,14.42,6,105,1052,0,Super Veteran,60 and over,Proficient,Male
XC0643,Maddox,Alexandria,MTBC4,13/10/1956,63,10.28,11,80,1495,0,Super Veteran,60 and over,Proficient,Female
XC0644,Jensen,Kyle,MTBC4,18/05/1957,62,11.51,16,61,1406,0,Super Veteran,60 and over,Proficient,Male
XC0645,Weir,Stephen,MTBC6,21/08/1957,62,14.71,4,125,1792,0,Super Veteran,60 and over,Proficient,Male
XC0646,Auer,Brian,MTBC6,06/09/1957,62,9.93,22,43,1032,0,Super Veteran,60 and over,Proficient,Male
XC0647,Pennington,Cody,MTBC7,26/03/1960,59,15.92,1,175,1589,0,Grand Veteran,50 to 59,Proficient,Male
XC0648,Hardy,Matthew,MTBC14,16/01/1958,61,9.58,25,36,1343,0,Super Veteran,60 and over,Proficient,Male
XC0649,Batycky,Ryan,MTBC19,20/01/1958,61,10.57,18,55,1049,0,Super Veteran,60 and over,Proficient,Male
XC0650,Fedoroshyn,Liam,MTBC4,12/07/1958,61,12.41,14,67,1257,0,Super Veteran,60 and over,Proficient,Male
XC0651,Maclean,Kim,MTBC19,12/08/1958,61,12.68,5,115,1494,0,Super Veteran,60 and over,Proficient,Female
XC0652,Gardner,Mitchell,MTBC9,26/08/1958,61,13.55,9,90,1284,0,Super Veteran,60 and over,Proficient,Male
XC0653,Bristow,Crystal,MTBC10,23/09/1958,61,12.92,4,125,1105,0,Super Veteran,60 and over,Proficient,Female
XC0654,Carcoux,Tanner,MTBC15,08/12/1958,61,9.16,28,30,1135,0,Super Veteran,60 and over,Proficient,Male
XC0655,Ellis,Jeffrey,MTBC18,26/01/1959,60,15.35,3,135,1243,0,Super Veteran,60 and over,Proficient,Male
XC0656,McPhee,Jo-Anne,MTBC21,15/05/1959,60,11.08,7,100,1528,0,Super Veteran,60 and over,Proficient,Female
XC0657,Britton,Jacob,MTBC13,25/09/1958,61,13.45,10,85,1162,0,Super Veteran,60 and over,Proficient,Male
XC0658,Stone,David,MTBC14,16/07/1959,60,13.84,7,100,1727,0,Super Veteran,60 and over,Proficient,Male
XC0659,Verveda,Duane,MTBC22,11/08/1959,60,10.49,19,52,1770,0,Super Veteran,60 and over,Proficient,Male
XC0660,Garcia,Carl,MTBC14,26/09/1959,60,15.62,1,175,1283,0,Super Veteran,60 and over,Proficient,Male
XC0661,Cabush,Shawna,MTBC17,25/10/1959,60,13.25,3,135,1125,0,Super Veteran,60 and over,Proficient,Female
XC0662,Pollard,David,MTBC13,02/12/1959,60,10.22,20,49,1608,0,Super Veteran,60 and over,Proficient,Male
XC0663,Recsky,Alexander,MTBC19,10/12/1959,60,9.93,23,40,1623,0,Super Veteran,60 and over,Proficient,Male
XC0693,Platten,Grant,MTBC19,10/01/1970,49,13.2,33,20,1606,0,Veteran,40 to 49,Proficient,Male
XC0694,Fagan,Mark,MTBC13,20/01/1970,49,11.98,47,1,1308,0,Veteran,40 to 49,Proficient,Male
XC0695,Vanderlee,Amanda,MTBC10,05/07/1970,49,12.79,1,175,1501,-1,Veteran,40 to 49,Proficient,Female
XC0696,Depman,Craig,MTBC5,12/07/1970,49,9.3,70,1,1211,0,Veteran,40 to 49,Proficient,Male
XC0697,Koenig,Denis,MTBC6,16/08/1970,49,9.6,67,1,1444,0,Veteran,40 to 49,Proficient,Male
XC0698,Bowden,Shantel,MTBC16,23/08/1970,49,11.26,8,95,1084,0,Veteran,40 to 49,Proficient,Female
XC0699,Green,Michael,MTBC16,07/11/1970,49,11.4,52,1,1322,0,Veteran,40 to 49,Proficient,Male
XC0700,Linley,Tyla,MTBC23,23/01/1971,48,10.85,11,80,1470,0,Veteran,40 to 49,Proficient,Female
XC0701,Bonin,Karol,MTBC21,12/08/1979,40,15.96,1,175,1076,0,Veteran,40 to 49,Proficient,Male
XC0702,Holton,Chris ,MTBC5,16/04/1971,48,13.39,30,26,1379,0,Veteran,40 to 49,Proficient,Male
XC0703,Gibbons,Colin,MTBC17,22/05/1971,48,11.8,49,1,1296,0,Veteran,40 to 49,Proficient,Male
XC0704,Lyle,Sidney,MTBC10,11/10/1971,48,10.49,15,64,1486,0,Veteran,40 to 49,Proficient,Female
XC0705,Carroll,Vic,MTBC13,11/12/1971,48,9.78,66,1,1138,-1,Veteran,40 to 49,Proficient,Male
XC0706,Sullivan,Andre,MTBC8,14/01/1972,47,9.51,69,1,1731,0,Veteran,40 to 49,Proficient,Male
XC0707,Bastarache,Geoff,MTBC16,14/02/1972,47,15.23,11,80,1048,0,Veteran,40 to 49,Proficient,Male
XC0708,Wyminga-Scott,Jonathan,MTBC16,25/03/1972,47,10.54,59,1,1831,0,Veteran,40 to 49,Proficient,Male
XC0709,Bolivar,Rich ,MTBC20,13/04/1972,47,15.66,4,125,1073,0,Veteran,40 to 49,Proficient,Male
XC0710,Downie,Ryan,MTBC12,15/05/1972,47,10.49,60,1,1226,-1,Veteran,40 to 49,Proficient,Male
XC0711,Wragg,Michael,MTBC5,03/07/1972,47,12.77,40,8,1825,0,Veteran,40 to 49,Proficient,Male
XC0712,Lee,Marin,MTBC20,22/10/1972,47,9.72,17,58,1461,0,Veteran,40 to 49,Proficient,Female
XC0713,Brookes,Annie,MTBC10,04/12/1972,47,10.66,12,75,1108,0,Veteran,40 to 49,Proficient,Female
XC0714,Gibney,Jason,MTBC11,04/12/1972,47,12.96,38,10,1300,0,Veteran,40 to 49,Proficient,Male
XC0715,Davidson,Trevor,MTBC9,08/01/1973,46,15.48,7,100,1199,0,Veteran,40 to 49,Proficient,Male
XC0716,Hahn,Christopher,MTBC8,19/02/1973,46,9.9,63,1,1335,0,Veteran,40 to 49,Proficient,Male
XC0717,Heacock,Tait,MTBC5,26/02/1973,46,10.71,57,1,1357,0,Veteran,40 to 49,Proficient,Male
XC0718,Gillett,Justin,MTBC11,06/05/1973,46,10.12,62,1,1303,0,Veteran,40 to 49,Proficient,Male
XC0719,Petersen,Mark,MTBC11,16/05/1973,46,14.54,19,52,1595,0,Veteran,40 to 49,Proficient,Male
XC0720,Kindzierski,Darrell,MTBC3,12/07/1973,46,11.3,53,1,1429,0,Veteran,40 to 49,Proficient,Male
XC0721,Mannsberger,Charlene,MTBC14,06/08/1973,46,12.45,3,135,1505,0,Veteran,40 to 49,Proficient,Female
XC0722,Rushton,Aaron,MTBC1,04/09/1973,46,15.62,5,115,1657,0,Veteran,40 to 49,Proficient,Male
XC0723,Martens,Marg,MTBC21,29/11/1973,46,10.55,13,70,1509,0,Veteran,40 to 49,Proficient,Female
XC0724,Mckeever,Kendra,MTBC13,14/02/1974,45,11.12,9,90,1525,0,Veteran,40 to 49,Proficient,Female
XC0725,Bennett,Jayke,MTBC17,17/04/1974,45,11.12,54,1,1059,0,Veteran,40 to 49,Proficient,Male
XC0726,Croner,Ian,MTBC19,06/05/1974,45,13.38,31,24,1187,0,Veteran,40 to 49,Proficient,Male
XC0727,Gregoire,Gavin,MTBC12,13/05/1974,45,9.56,68,1,1324,0,Veteran,40 to 49,Proficient,Male
XC0728,Collier,Andrew,MTBC12,01/07/1974,45,13.72,28,30,1168,-1,Veteran,40 to 49,Proficient,Male
XC0729,Jepson,Justin,MTBC11,19/07/1974,45,13.17,34,18,1407,0,Veteran,40 to 49,Proficient,Male
XC0730,English,Daniel,MTBC16,30/07/1974,45,13.12,36,14,1248,0,Veteran,40 to 49,Proficient,Male
XC0731,Ballard,Mike,MTBC1,18/08/1974,45,14.31,21,46,1041,0,Veteran,40 to 49,Proficient,Male
XC0732,Sprague,Matthew,MTBC1,21/10/1974,45,12.02,45,3,1709,0,Veteran,40 to 49,Proficient,Male
XC0733,Loehr,Ana,MTBC10,02/12/1974,45,9.82,16,61,1478,0,Veteran,40 to 49,Proficient,Female
XC0734,Twa,Mike,MTBC19,09/12/1974,45,13.99,24,38,1758,0,Veteran,40 to 49,Proficient,Male
XC0735,Fergusson,Herbert,MTBC21,15/03/1975,44,10.83,55,1,1260,0,Veteran,40 to 49,Proficient,Male
XC0736,Coates,Clayton,MTBC13,02/05/1975,44,14.91,14,67,1164,0,Veteran,40 to 49,Proficient,Male
XC0737,Bishop,Gregory,MTBC2,02/06/1975,44,11.79,50,1,1066,0,Veteran,40 to 49,Proficient,Male
XC0738,Wai Wai Hnin,Dion,MTBC12,07/06/1975,44,12.09,44,4,1775,0,Veteran,40 to 49,Proficient,Male
XC0739,Turner,Tanner,MTBC7,26/08/1979,40,13.98,25,36,1757,0,Veteran,40 to 49,Proficient,Male
XC0740,Wiwchar,Marc,MTBC5,31/08/1975,44,13.97,26,34,1822,0,Veteran,40 to 49,Proficient,Male
XC0741,Cheney,Brad,MTBC20,05/11/1975,44,12.3,42,6,1150,0,Veteran,40 to 49,Proficient,Male
XC0742,Hewson,Dave,MTBC11,12/12/1975,44,14.26,23,40,1367,0,Veteran,40 to 49,Proficient,Male
XC0743,Fraser,Ben,MTBC11,14/12/1975,44,11.54,51,1,1277,0,Veteran,40 to 49,Proficient,Male
XC0744,Reid,Jay ,MTBC16,16/03/1976,43,13.22,32,22,1628,0,Veteran,40 to 49,Proficient,Male
XC0745,Litke,Michelle,MTBC6,11/04/1976,43,11.65,5,115,1471,0,Veteran,40 to 49,Proficient,Female
XC0746,Dymchuk,Garry,MTBC1,17/04/1976,43,14.94,13,70,1235,0,Veteran,40 to 49,Proficient,Male
XC0747,Wellstead,Todd,MTBC17,18/04/1976,43,9.85,65,1,1796,0,Veteran,40 to 49,Proficient,Male
XC0748,Young,Thomas,MTBC6,15/08/1976,43,10.44,61,1,1838,0,Veteran,40 to 49,Proficient,Male
XC0749,Yanicki,Niels,MTBC12,21/08/1976,43,15.26,10,85,1832,0,Veteran,40 to 49,Proficient,Male
XC0750,Dutta,Jean-Michel,MTBC6,31/08/1976,43,14.73,15,64,1233,0,Veteran,40 to 49,Proficient,Male
XC0751,Henry,David,MTBC18,31/10/1976,43,9.88,64,1,1362,0,Veteran,40 to 49,Proficient,Male
XC0752,Adamson,Robert,MTBC14,25/11/1976,43,9.12,72,1,1011,0,Veteran,40 to 49,Proficient,Male
XC0753,Chadwick,Denis,MTBC9,19/12/1976,43,13.83,27,32,1143,0,Veteran,40 to 49,Proficient,Male
XC0754,Bunnin,Sandra,MTBC15,24/12/1976,43,12.34,4,125,1117,0,Veteran,40 to 49,Proficient,Female
XC0755,Harvey,Ryan,MTBC20,07/02/1977,42,14.27,22,43,1352,0,Veteran,40 to 49,Proficient,Male
XC0756,Robinson,Kevin,MTBC3,08/03/1977,42,15.33,8,95,1644,0,Veteran,40 to 49,Proficient,Male
XC0757,Martin,Holly,MTBC9,05/08/1977,42,11.54,6,105,1512,0,Veteran,40 to 49,Proficient,Female
XC0758,Cosette,Nigel,MTBC9,01/09/1979,40,11.99,46,2,1177,0,Veteran,40 to 49,Proficient,Male
XC0759,Hearle,Chris,MTBC16,05/09/1977,42,14.4,20,49,1358,0,Veteran,40 to 49,Proficient,Male
XC0760,Ince,Kevin,MTBC12,28/10/1977,42,13.09,37,12,1397,0,Veteran,40 to 49,Proficient,Male
XC0761,Roberts,Mike,MTBC9,04/09/1979,40,10.82,56,1,1642,0,Veteran,40 to 49,Proficient,Male
XC0762,Rosenberg,Nolan,MTBC11,01/01/1978,42,15.73,3,135,1205,0,Veteran,40 to 49,Proficient,Male
XC0763,Gamal,Felix,MTBC15,18/04/1978,41,15.87,2,150,1282,0,Veteran,40 to 49,Proficient,Male
XC0764,Simpson,Jacob,MTBC6,06/05/1978,41,15.27,9,90,1690,0,Veteran,40 to 49,Proficient,Male
XC0765,Campbell,Jill,MTBC15,07/05/1978,41,11.02,10,85,1132,0,Veteran,40 to 49,Proficient,Female
XC0766,Jaeger,Cory,MTBC7,07/09/1978,41,12.8,39,9,1403,0,Veteran,40 to 49,Proficient,Male
XC0767,Gates,Peter,MTBC13,04/10/1978,41,14.98,12,75,1287,0,Veteran,40 to 49,Proficient,Male
XC0768,Hodgins,Chuck,MTBC7,06/10/1978,41,9.23,71,1,1373,0,Veteran,40 to 49,Proficient,Male
XC0769,Bouet,Kimberly,MTBC10,21/10/1978,41,9.67,18,55,1080,0,Veteran,40 to 49,Proficient,Female
XC0770,Macklem,Ashley,MTBC1,28/10/1978,41,11.39,7,100,1490,0,Veteran,40 to 49,Proficient,Female
XC0771,Aspen,Connor,MTBC13,02/12/1978,41,13.62,29,28,1028,0,Veteran,40 to 49,Proficient,Male
XC0772,Shatula,Kurt,MTBC5,18/02/1979,40,12.4,41,7,1678,0,Veteran,40 to 49,Proficient,Male
XC0773,Gibbons,Jason,MTBC2,09/03/1979,40,14.58,18,55,1297,0,Veteran,40 to 49,Proficient,Male
XC0774,Clark,Mike,MTBC20,29/04/1979,40,12.24,43,5,1159,0,Veteran,40 to 49,Proficient,Male
XC0775,Harris,Shawn,MTBC6,18/05/1979,40,10.66,58,1,1347,0,Veteran,40 to 49,Proficient,Male
XC0776,Kirk,Paul,MTBC1,14/07/1979,40,14.61,16,61,1434,0,Veteran,40 to 49,Proficient,Male
XC0777,Savin,Steven,MTBC20,16/08/1979,40,11.86,48,1,1668,0,Veteran,40 to 49,Proficient,Male
XC0778,Mills,Micah,MTBC13,16/08/1979,40,15.59,6,105,1748,0,Veteran,40 to 49,Proficient,Male
XC0779,Zenert,Ethan,MTBC11,20/09/1979,40,13.14,35,16,1843,0,Veteran,40 to 49,Proficient,Male
XC0780,Brereton,Sarah,MTBC14,16/11/1979,40,10.31,15,64,1098,0,Veteran,40 to 49,Proficient,Female
XC0781,Mawdsley,Stacy,MTBC21,26/11/1979,40,12.54,2,150,1517,0,Veteran,40 to 49,Proficient,Female
XC0782,Craddock,Jacob,MTBC1,21/12/1979,40,14.59,17,58,1180,0,Veteran,40 to 49,Proficient,Male
XC0783,De La Ronde,Sam,MTBC23,16/02/2003,16,13.47,24,38,1206,-1,Youth,15 to 16,Novice,Male
XC0784,Rushfeldt,Derek,MTBC8,17/02/2003,16,11.81,29,28,1656,0,Youth,15 to 16,Novice,Male
XC0785,Westwell,Arpad,MTBC20,23/02/2003,16,10.11,37,12,1801,0,Youth,15 to 16,Novice,Male
XC0786,Elm,Stefan,MTBC9,16/03/2003,16,12.9,27,32,1245,0,Youth,15 to 16,Novice,Male
XC0787,Bordeau,Chris,MTBC15,08/04/2003,16,13.83,20,49,1077,0,Youth,15 to 16,Novice,Male
XC0788,Osborne,Megan,MTBC12,07/05/2003,16,11.56,5,115,1574,-1,Youth,15 to 16,Novice,Female
XC0789,Gaucher,Mark,MTBC22,27/06/2003,16,13.54,23,40,1290,0,Youth,15 to 16,Novice,Male
XC0790,Adomonis,Lyle,MTBC4,23/07/2003,16,14.34,15,64,1012,0,Youth,15 to 16,Novice,Male
XC0791,Hanks,Cameron,MTBC17,28/07/2003,16,15.28,6,105,1342,0,Youth,15 to 16,Novice,Male
XC0792,Chivers,Dave,MTBC12,15/08/2003,16,13.55,22,43,1154,0,Youth,15 to 16,Novice,Male
XC0793,Balcerzak,Neil,MTBC6,09/09/2003,16,9.01,43,5,1039,0,Youth,15 to 16,Novice,Male
XC0794,Fletcher,Brandon,MTBC2,21/10/2003,16,14.03,18,55,1267,0,Youth,15 to 16,Novice,Male
XC0795,Palamarek,Erin,MTBC13,26/11/2003,16,10.65,9,90,1579,0,Youth,15 to 16,Novice,Female
XC0796,Chambers,Dougal,MTBC8,04/12/2003,16,14.01,19,52,1145,0,Youth,15 to 16,Novice,Male
XC0797,Diehl,Joseph,MTBC6,10/01/2004,15,14.77,9,90,1217,0,Youth,15 to 16,Novice,Male
XC0798,Rockwell,Matt,MTBC15,11/01/2004,15,13.16,26,34,1648,0,Youth,15 to 16,Novice,Male
XC0799,Check,Jason,MTBC12,14/01/2004,15,10.14,36,14,1149,-1,Youth,15 to 16,Novice,Male
XC0800,Belbin,Jeffrey,MTBC22,16/01/2004,15,9.64,39,9,1056,0,Youth,15 to 16,Novice,Male
XC0801,Erdinc,Brian,MTBC3,20/01/2004,15,11.98,28,30,1250,0,Youth,15 to 16,Novice,Male
XC0802,Fogg,Sean,MTBC2,29/01/2004,15,10.4,34,18,1268,0,Youth,15 to 16,Novice,Male
XC0803,Forsyth,Stephen,MTBC15,12/02/2004,15,9.78,38,10,1271,0,Youth,15 to 16,Novice,Male
XC0804,Nutbrown,Andrea,MTBC12,14/02/2004,15,11.01,6,105,1563,0,Youth,15 to 16,Novice,Female
XC0805,Oprecio,Emily,MTBC18,14/02/2004,15,10.98,7,100,1570,0,Youth,15 to 16,Novice,Female
XC0806,Harlton,Tracy,MTBC20,17/02/2004,15,13.4,25,36,1346,0,Youth,15 to 16,Novice,Male
XC0807,Beadle,Jacob,MTBC22,16/03/2004,15,15.18,7,100,1051,0,Youth,15 to 16,Novice,Male
XC0808,Breaux,Nadia,MTBC7,11/04/2004,15,10.14,10,85,1095,-1,Youth,15 to 16,Novice,Female
XC0809,Anderton,Vaughn,MTBC4,16/04/2004,15,14.75,10,85,1020,0,Youth,15 to 16,Novice,Male
XC0810,Glanzing,Trevor,MTBC4,19/04/2004,15,11.55,32,22,1307,0,Youth,15 to 16,Novice,Male
XC0811,Roberts,Andrew,MTBC1,19/04/2004,15,14.63,11,80,1641,0,Youth,15 to 16,Novice,Male
XC0812,Flater,Adam,MTBC19,21/04/2004,15,11.66,31,24,1264,0,Youth,15 to 16,Novice,Male
XC0813,Barnes,Joshua,MTBC15,09/05/2004,15,11.39,33,20,1046,0,Youth,15 to 16,Novice,Male
XC0814,Berry,Glenn,MTBC19,23/06/2004,15,9.62,40,8,1062,0,Youth,15 to 16,Novice,Male
XC0815,Staneland,Robin,MTBC5,06/07/2004,15,15.51,3,135,1716,0,Youth,15 to 16,Novice,Male
XC0816,Kende,Corey,MTBC7,02/08/2004,15,9.15,42,6,1420,0,Youth,15 to 16,Novice,Male
XC0817,Cadman,Laura,MTBC7,05/08/2004,15,11.63,4,125,1126,0,Youth,15 to 16,Novice,Female
XC0818,Bowles,Bridget,MTBC2,16/08/2004,15,13.24,1,175,1087,0,Youth,15 to 16,Novice,Female
XC0819,Davison,Andres,MTBC18,23/08/2004,15,15.29,5,115,1201,0,Youth,15 to 16,Novice,Male
XC0820,Myers,Laura,MTBC4,23/08/2004,15,12.75,2,150,1554,0,Youth,15 to 16,Novice,Female
XC0821,Dawn,Luke,MTBC3,31/08/2004,15,14.35,14,67,1203,0,Youth,15 to 16,Novice,Male
XC0822,Heidebrecht,Alan,MTBC23,31/08/2004,15,14.57,13,70,1360,0,Youth,15 to 16,Novice,Male
XC0823,Edwards,Connor,MTBC22,01/09/2004,15,11.76,30,26,1238,0,Youth,15 to 16,Novice,Male
XC0824,Evans,Philippe,MTBC6,13/09/2004,15,9.54,41,7,1253,0,Youth,15 to 16,Novice,Male
XC0825,Duval,Ethan,MTBC8,18/09/2004,15,15.08,8,95,1234,0,Youth,15 to 16,Novice,Male
XC0826,Formstone,Matthew,MTBC11,20/09/2004,15,14.16,16,61,1269,0,Youth,15 to 16,Novice,Male
XC0827,Grozelle,Erdem,MTBC18,24/09/2004,15,10.18,35,16,1327,0,Youth,15 to 16,Novice,Male
XC0828,Coleman,Chris,MTBC7,25/09/2004,15,13.58,21,46,1167,0,Youth,15 to 16,Novice,Male
XC0829,Curtis,Paul,MTBC19,26/09/2004,15,14.59,12,75,1194,0,Youth,15 to 16,Novice,Male
XC0830,Swift,Jeremy,MTBC6,04/10/2004,15,14.12,17,58,1736,0,Youth,15 to 16,Novice,Male
XC0831,Phillips,Marc,MTBC16,10/10/2004,15,15.88,1,175,1599,0,Youth,15 to 16,Novice,Male
XC0832,Feick,Craig,MTBC18,21/10/2004,15,15.49,4,125,1258,0,Youth,15 to 16,Novice,Male
XC0833,Maki,Jessica,MTBC6,16/11/2004,15,12.14,3,135,1499,0,Youth,15 to 16,Novice,Female
XC0834,Croken,Jared,MTBC15,21/11/2004,15,15.57,2,150,1186,0,Youth,15 to 16,Novice,Male
XC0835,Mitchell,Erin,MTBC4,09/12/2004,15,10.87,8,95,1543,-1,Youth,15 to 16,Novice,Female
