Club_Rank,Club_Name,Club_ID,Location,Contact,Club_Points
1,Ragwheel Racers,MTBC17,North West,Georgia Henry,1669
2,Tubular Belles,MTBC10,East Midlands,Georgina Bradley,1650
3,Chain Breakers,MTBC13,North Scotland,William O'Brien,1500
4,Gorilla Cycling�,MTBC4,North West,Faith Allan,1446
5,Tachyon Flyers,MTBC15,West of Scotland,Nathan Whitehead,1427
6,Cyclops Flyers,MTBC9,South West,Emma Chadwick,1409
7,Alliance Cycles,MTBC6,Wales,Joseph Poole,1374
8,Pedal Blazers,MTBC14,South West,Jasmine Hilton,1330
9,Tawara Falcons,MTBC19,North West,Madison Schofield,1274
10,Cycle Bunnies,MTBC23,Central,Hendrik Vrijdag,1167
11,Easy Riders,MTBC1,Yorkshire,Charlie Leonard,1145
12,Sprocket Rockets,MTBC12,Central and Eastern Scotland,Anthony Flynn,1111
13,GoBike Rollers,MTBC18,South West,Bailey Poole,1107
14,Camel Hybrid Spinners,MTBC21,Central,Diego Garcia,1085
15,Mountain Spinners,MTBC20,Wales,Luke Vincent,1070
16,Imperial Land Cruisers,MTBC5,South East,Samantha Ingram,1064
17,Crankmeister Racers,MTBC2,North East,Jake Fowler,1026
18,Saddle Rollers,MTBC7,West Midlands,Ella Cook,931
19,Trigger Shifters,MTBC11,South West,Cerys Horton,909
20,Mudmuncher Cruisers,MTBC16,South West,Joel Knight,905
21,Bike Ways,MTBC3,Wales,Courtney Sheppard,891
22,Velo Runners,MTBC8,Yorkshire,Georgia Allan,774
23,Mud and Mucksters,MTBC22,Wales,Pradeep Sekaran,750
