EngNo,FirstName,LastName,Gas,Electric,Aircon,GasRegNo
E01,Charlie,Stevens,-1,-1,-1,GRN541623
E02,Zachary,Wilson,-1,-1,-1,GRN541624
E03,Madison,Middleton,-1,-1,0,GRN541625
E04,Finlay,Bruce,-1,-1,0,GRN541626
E05,Ellie,Akhtar,-1,-1,-1,GRN541627
E06,Faith,Stevenson,0,-1,-1,
E07,Lucy,Patterson,0,-1,-1,
E08,Courtney,Martin,0,-1,-1,
E09,Summer,Holt,0,-1,-1,
E10,Harvey,Turner,-1,-1,0,GRN541628
E11,Edward,Ashton,-1,-1,0,GRN541629
E12,Tom,Bates,0,-1,0,
E13,Lydia,Powell,0,-1,0,
E14,Henry,Chan,-1,-1,0,GRN541630
E15,Declan,Pollard,-1,-1,0,GRN541631
E16,Joel,Daniels,-1,-1,0,GRN541632
E17,Ella,McKenzie,-1,-1,0,GRN541633
E18,Andrew,Wilson,-1,-1,0,GRN541634
E19,Kate,Owen,-1,-1,0,GRN541635
E20,Owen,Barry,-1,-1,0,GRN541636
E21,Josh,Glover,-1,-1,-1,GRN541637
E22,Yasmin,Peacock,-1,-1,-1,GRN541638
E23,Joel,Wilkinson,-1,-1,-1,GRN541639
E24,Sofia,O'Donnell,-1,-1,-1,GRN541640
E25,Jonathan,Page,-1,-1,-1,GRN541641
E26,Lauren,Williams,-1,-1,-1,GRN541642
