Title,GivenName,FamilyName,CustomerNumber,StreetAddress,City,PostCode,EmailAddress,TelephoneNumber,Date,Session,Service,Price,EngineerRef
Mrs,Sarah,Byrne,218,59 Duckpit Lane,UPPERMILL,PE3 7UZ,Sarah.H.Byrne@pookmail.com,7870581375,03/03/2020,AM,A,25,E07
Mrs,Isabelle,Perry,224,16 Gloddaeth Street,BILLINGBOROUGH,PE34 3LV,Isabelle.D.Perry@pookmail.com,7858498759,03/03/2020,AM,A,25,E07
Mrs,Maya,Abbott,238,22 Holgate Rd,RADCOT,PE18 0CG,Maya.C.Abbott@pookmail.com,7073933998,03/03/2020,AM,A,25,E07
Mr,Ethan,Cole,264,94 Boughton Rd,WHITSON,PE6 4BT,Ethan.I.Cole@spambob.com,7052181531,03/03/2020,PM,A,25,E07
Ms,Eve,Hooper,217,74 Oxford Rd,WORSTEAD,PE28 5ZU,Eve.T.Hooper@mailinator.com,7923156309,03/03/2020,PM,E,25,E07
Mr,William,Holden,223,20 High St,THORPE ST ANDREW,PE7 2JR,William.L.Holden@pookmail.com,7864415451,03/03/2020,AM,E,25,E07
Mr,Callum,Walters,236,60 Princes Street,ROGIET,PE6 8PK,Callum.A.Walters@dodgit.com,7017495722,03/03/2020,PM,E,25,E07
Mrs,Poppy,Flynn,254,21 Kent Street,CROSS ASH,PE7 4DO,Poppy.A.Flynn@spambob.com,7758623404,03/03/2020,PM,E,25,E07
Mr,Logan,Parsons,266,18 Tonbridge Rd,CONISBY,PE49 0PP,Logan.S.Parsons@dodgit.com,7919421190,03/03/2020,PM,E,25,E07
Mr,Mohammad,Ali,220,6 Essex Rd,TASTON,PE7 4XH,Mohammad.N.Flynn@trashymail.com,7839208178,03/03/2020,AM,EA,40,E07
Miss,Madison,Haynes,235,19 Scotsburn Rd,SYERSTON,PE23 6AX,Madison.G.Haynes@trashymail.com,7909577233,02/03/2020,AM,EA,40,E07
Mrs,Emily,Rowe,243,23 Golf Road,SWAYFIELD,PE33 2SI,Emily.E.Rowe@dodgit.com,7082683508,03/03/2020,AM,EA,40,E07
Mr,Sam,Houghton,265,10 Seafield Street,LLECHRYD,PE2 1PC,Sam.L.Houghton@spambob.com,7988208333,03/03/2020,AM,EA,40,E07
Mrs,Erin,Taylor,101,59 Warren St,WEST FARNDON,NN11 0AU,Erin.C.Taylor@dodgit.com,7872264832,02/03/2020,AM,G,25,E01
Mr ,Hayden,Barrett,117,1 Union Terrace,LOCKERLEY,SO51 7TX,Hayden.L.Barrett@trashymail.com,7065591238,06/03/2020,PM,G,25,E01
Miss,Melissa,Hope,120,55 Fordham Rd,HALLWORTHY,PL32 1TA,Melissa.M.Hope@pookmail.com,7038011183,05/03/2020,AM,G,25,E01
Mr,Reece,Barnes,125,41 Newport Road,CARISBROOKE,PO30 1PX,Reece.C.Barnes@dodgit.com,7745047773,05/03/2020,AM,G,25,E01
Mr,Alfie,Saunders,132,12 Old Edinburgh Road,BEECH HILL,RG7 8KQ,Alfie.L.Saunders@dodgit.com,7047510765,05/03/2020,PM,G,25,E01
Mrs,Elise,Townsend,139,31 Park Avenue,LEAKE COMMON SIDE,PE22 6XC,Elise.J.Townsend@pookmail.com,7781636464,03/03/2020,PM,G,25,E01
Mr,Matthew,Swift,152,38 Well Lane,PARKHILL,PH10 0YG,Matthew.E.Swift@trashymail.com,7019428838,04/03/2020,AM,G,25,E01
Ms,Ruby,Bond,159,69 Overton Circle,LITTLETON DREW,SN14 5QD,Ruby.B.Bond@mailinator.com,7932032244,03/05/2020,AM,G,25,E01
Ms,Kiera,Herbert,168,51 Roker Terrace,LANGRICK,PE22 8DZ,Kiera.B.Herbert@trashymail.com,7851782855,03/03/2020,PM,G,25,E01
Mr,Jonathan,Clayton,175,19 Eastbourne Rd,COLDHARBOUR,RH5 7GJ,Jonathan.C.Clayton@spambob.com,7975567910,05/03/2020,PM,G,25,E01
Ms,Aimee,Sykes,188,86 Temple Way,WITHAM ON THE HILL,PE10 9TQ,Aimee.J.Sykes@trashymail.com,7954722088,03/03/2020,AM,G,25,E01
Ms,Naomi,Murphy,193,32 Neville Street,IFIELD,RH11 8BA,Naomi.M.Murphy@mailinator.com,7069171302,05/03/2020,PM,G,25,E01
Mr,Jacob,O'Brien,197,8 Iffley Road,BROADBRIDGE,PO18 0BQ,Jacob.T.O'Brien@pookmail.com,7733297632,05/03/2020,AM,G,25,E01
Mrs,Ava,Cooke,200,48 Great North Road,ANDERBY,PE24 8QM,Ava.T.Cooke@dodgit.com,7925251993,03/03/2020,PM,G,25,E01
Mr,Finley,Osborne,208,52 Hounslow Rd,SNETTISHAM,PE31 2CL,Finley.C.Osborne@mailinator.com,7750315462,03/03/2020,PM,G,25,E01
Mrs,Jennifer,Richardson,212,3 Newgate Street,KEAL COTES,PE23 7KE,Jennifer.C.Richardson@trashymail.com,7824948495,03/03/2020,PM,G,25,E01
Mrs,Emily,Conlly,221,26 Winchester Rd,MICKLEHAM,RH5 1HR,Emily.J.Conlly@pookmail.com,7979446623,05/03/2020,PM,G,25,E01
Mrs,Eva,Sims,229,56 Cefn Road,FARLEIGH WALLOP,RG25 3NH,Eva.K.Sims@dodgit.com,7015757410,05/03/2020,PM,G,25,E01
Mr,Kai,Read,239,18 Rhosddu Rd,FINEGAND,PH10 7CE,Kai.L.Read@trashymail.com,7925046772,04/03/2020,AM,G,25,E01
Mrs,Harriet,Harris,247,23 Glandovey Terrace,TREMATON,PH12 1YI,Harriet.J.rris@dodgit.com,7065363435,04/03/2020,PM,G,25,E01
Mr,Aidan,Stevens,251,13 Abingdon Road,BRAMSHAW,SO43 6LF,Aidan.S.Stevens@trashymail.com,7835560993,03/05/2020,PM,G,25,E01
Miss,Kiera,Hardy,255,21 Ploughley Rd,TOFT,PE10 9XZ,Kiera.C.Hardy@spambob.com,7884299226,03/03/2020,AM,G,25,E01
Miss,Millie,Whitehead,262,67 High Street,ASHE,RG25 2WH,Millie.A.Whitehead@trashymail.com,7741348752,05/03/2020,PM,G,25,E01
Miss,Kate,Osborne,272,16 South Western Terrace,MILTON,PH8 6CR,Kate.J.Osborne@mailinator.com,7922213220,04/03/2020,PM,G,25,E01
Miss,Brooke,Nelson,275,69 Main St,ACHNAHA,PH36 5RW,Brooke.G.Nelson@mailinator.com,7852485719,04/03/2020,PM,G,25,E01
Mr ,Max,Collier,106,98 Great Western Road,LONGWORTH,OX13 5ZE,Max.R.Collier@dodgit.com,7924686469,02/03/2020,AM,G,25,E02
Mr ,Michael,Kemp,113,19 Roman Rd,LEDAIG,PE37 4OE,Michael.R.Kemp@dodgit.com,7002625667,02/03/2020,PM,G,25,E02
Ms,Georgia,Archer,118,65 Roman Rd,LEIGH,SY5 4ML,Georgia.R.Archer@dodgit.com,7835812580,06/03/2020,PM,G,25,E02
Mr,Harvey,John,133,68 Caradon Hill,TYNRIBBIE,PE38 4OU,Harvey.M.John@pookmail.com,7941128239,02/03/2020,PM,G,25,E02
Mr,Harrison,Leonard,145,73 Front Street,KNOWL WALL,ST4 3LQ,Harrison.L.Leonard@dodgit.com,7938532929,06/03/2020,AM,G,25,E02
Mr,Samuel,Turner,153,43 Cefn Road,FARDEN,SY8 9GY,Samuel.N.Turner@dodgit.com,7913205640,06/03/2020,PM,G,25,E02
Miss,Alisha,Newman,170,79 Greyfriars Road,CAPEL DEWI,SA44 6UO,Alisha.E.Newman@pookmail.com,7041949176,05/03/2020,PM,G,25,E02
Ms,Alexandra,Thornton,181,30 Petworth Rd,DYFFRYN CEIDRYCH,SA19 9KP,Alexandra.B.Thornton@spambob.com,7854361731,05/03/2020,AM,G,25,E02
Mrs,Chloe,Williamson,190,52 Foregate Street,CLYNDERWEN,SA66 0QG,Chloe.J.Williamson@trashymail.com,7889271480,05/03/2020,PM,G,25,E02
Ms,Tilly,Hall,195,35 St Omers Road,HIXON,ST18 0LW,Tilly.E.Hall@mailinator.com,7933293132,06/03/2020,AM,G,25,E02
Mr,Mohammed,Saleem,202,23 Boat Lane,REYNALTON,SA68 9BR,Mohammed.A.Miller@dodgit.com,7731775770,05/03/2020,PM,G,25,E02
Ms,Taylor,O'Conr,206,90 Sutton Wick Lane,BRIDGEND,PE31 7GS,Taylor.E.O'Conr@trashymail.com,7857468870,02/03/2020,PM,G,25,E02
Ms,Aimee,Fitzgerald,213,20 Newgate Street,KEELE,ST5 2KB,Aimee.N.Fitzgerald@pookmail.com,7832429321,06/03/2020,AM,G,25,E02
Mr,Finlay,Miles,241,61 Great Western Road,LYDHAM,SY5 5DV,Finlay.S.Miles@trashymail.com,7065209517,06/03/2020,PM,G,25,E02
Mr,Kyle,Arld,257,64 Mar Way,GREAT SUTTON,SY8 8JU,Kyle.S.Arld@dodgit.com,7724642310,06/03/2020,PM,G,25,E02
Miss,Tilly,Able,269,67 Southend Avenue,BLACK PILL,SA3 1TC,Tilly.A.ble@trashymail.com,7017857307,05/03/2020,AM,G,25,E02
Mr ,Finley,Mills,107,41 Brynglas Road,GLENRISDELL,PA29 6PX,Finley.E.Mills@trashymail.com,7738170693,02/03/2020,AM,G,25,E03
Miss,Molly,Pickering,111,38 Earls Avenue,WHITESTAUNTON,SY20 3LG,Molly.T.Pickering@mailinator.com,7742110322,06/03/2020,PM,G,25,E03
Ms,Lucy,Chan,124,14 Prince Consort Road,KELSAY,PE47 3TC,Lucy.J.Chan@mailinator.com,7876442743,02/03/2020,PM,G,25,E03
Mr,Riley,Leonard,137,18 Lincoln Green Lane,CHRISHALL,SG8 3JM,Riley.S.Leonard@pookmail.com,7806616026,05/03/2020,PM,G,25,E03
Miss,Cerys,White,151,72 Main Road,AUDLEY,ST7 7YD,Cerys.J.White@mailinator.com,7913688831,06/03/2020,AM,G,25,E03
Mrs,Phoebe,Hargreaves,156,73 Simone Weil Avenue,WELL END,SL8 4PZ,Phoebe.D.Hargreaves@dodgit.com,7708234050,05/03/2020,PM,G,25,E03
Mr,Daniel,Barber,162,39 South Crescent,LYDHAM,SY9 8NF,Daniel.Z.Barber@trashymail.com,7850934810,06/03/2020,PM,G,25,E03
Mr,Oscar,Giles,176,51 Gordon Terrace,BAUGH,PE77 8CE,Oscar.A.Giles@trashymail.com,7020855076,02/03/2020,PM,G,25,E03
Mr,Patrick,Walters,187,36 Iffley Road,BRIZE NORTON,OX18 4QM,Patrick.E.Walters@pookmail.com,7757246673,02/03/2020,AM,G,25,E03
Mrs,Katherine,Slater,189,36 Shire Oak Road,SCALASAIG,PE61 9II,Katherine.D.Slater@mailinator.com,7048724521,02/03/2020,PM,G,25,E03
Ms,Niamh,Holland,204,29 Ballifeary Road,BALNAHARD,PE61 7NS,Niamh.A.Holland@trashymail.com,7744056335,02/03/2020,PM,G,25,E03
Mr,Robert,Noble,219,4 Front Street,KNYPERSLEY,ST8 2ZC,Robert.M.ble@spambob.com,7870725844,06/03/2020,AM,G,25,E03
Mr,Tom,Ryan,227,77 Colorado Way,RHOSSILI,SA3 2YI,Tom.S.Ryan@spambob.com,7858287133,05/03/2020,AM,G,25,E03
Ms,Emma,Hughes,231,74 Rhosddu Rd,FFAIR-RHOS,SY25 8HR,Emma.M.Hughes@pookmail.com,7712531185,06/03/2020,AM,G,25,E03
Mr,Evan,O'Sullivan,270,58 Holburn Lane,HEATON MOOR,SK4 2NM,Evan.K.O'Sullivan@mailinator.com,7055670639,05/03/2020,PM,G,25,E03
Ms,Lydia,Sykes,100,59 Exning Road,HARFORD,PH21 7XC,Lydia.M.Sykes@trashymail.com,7951995552,04/03/2020,PM,G,25,E05
Mr ,Connor,Chamberlain,104,43 Traill Street,ROTHERSTHORPE,NN7 8BM,Conr.L.Chamberlain@mailinator.com,7833983220,02/03/2020,AM,G,25,E05
Mr ,Henry,Davison,109,16 Souterhead Road,LOSTWITHIEL,PH22 6HN,Henry.E.Davison@dodgit.com,7871538251,04/03/2020,PM,G,25,E05
Miss,Hannah,Fleming,114,75 Ballifeary Road,BAMBER BRIDGE,PR5 0TU,Hannah.B.Fleming@trashymail.com,7022870252,05/03/2020,AM,G,25,E05
Mr,Aaron,Morris,126,79 Hampton Court Rd,SOUTHORPE,PE9 1QH,Aaron.M.Morris@spambob.com,7767425279,03/03/2020,PM,G,25,E05
Lady,Victoria,Taylor,130,55 St Omers Road,HOCKLEY,SS5 3OB,Victoria.D.Taylor@spambob.com,7708342029,06/03/2020,PM,G,25,E05
Mrs,Amelia,Power,135,13 Prospect Hill,DRAYCOTT IN THE MOORS,ST10 2KL,Amelia.T.Power@dodgit.com,7000374273,06/03/2020,PM,G,25,E05
Mrs,Laura,Kelly,142,91 Davids Lane,STRONE,PH33 6AS,Laura.L.Kelly@spambob.com,7917583320,04/03/2020,AM,G,25,E05
Ms,Eleanor,Edwards,147,68 Preston Rd,MORFA GLAS,SA11 6NU,Elear.N.Edwards@spambob.com,7986126560,05/03/2020,PM,G,25,E05
Ms,Libby,West,149,67 Jesmond Rd,KILMALIEU,PH33 1ML,Libby.A.West@dodgit.com,7906286095,04/03/2020,AM,G,25,E05
Miss,Sarah,Vincent,158,27 Botley Road,MIDDLETON GREEN,ST10 7CZ,Sarah.R.Vincent@trashymail.com,7852805525,06/03/2020,PM,G,25,E05
Mr,Archie,Davey,161,5 Bootham Crescent,RING'S END,PE13 4AN,Archie.S.Davey@pookmail.com,7035770108,03/03/2020,AM,G,25,E05
Mr,Josh,Reeves,165,67 Cambridge Road,NORTH ANSTON,S31 7CG,Josh.J.Reeves@dodgit.com,7035076899,05/03/2020,PM,G,25,E05
Mr,Connor,Dean,169,23 Hendford Hill,MOULTON,NN3 9BC,Connor.K.Dean@dodgit.com,7822483787,02/03/2020,AM,G,25,E05
Mr,Lewis,Marshall,178,52 Felix Lane,SIBSEY,PE22 5AI,Lewis.B.Marshall@mailinator.com,7780936968,03/03/2020,AM,G,25,E05
Miss,Summer,Bryant,180,69 Petworth Rd,DUTHIL,PH23 9FU,Summer.B.Bryant@dodgit.com,7803104726,04/03/2020,AM,G,25,E05
Mrs,Brooke,Allan,184,16 Fordham Rd,HAIGHTON GREEN,PR2 1VQ,Brooke.E.Allan@dodgit.com,7920356485,05/03/2020,AM,G,25,E05
Ms,Summer,Johnston,196,47 Fulford Road,PENTEWAN,PH26 8DG,Summer.H.Johnston@pookmail.com,7936888546,04/03/2020,PM,G,25,E05
Mr,Ellis,Alexander,211,94 Abbey Row,NORWICH,NR2 8MH,Ellis.S.Alexander@mailinator.com,7884388944,02/03/2020,PM,G,25,E05
Mr,Jake,Baker,228,95 Peachfield Road,CHALE,PO38 0QH,Jake.K.Baker@dodgit.com,7011814720,05/03/2020,AM,G,25,E05
Ms,Holly,Johnson,234,54 Redcliffe Way,WOOLLEY,PE18 6HN,Holly.L.Johnson@dodgit.com,7789298855,03/03/2020,AM,G,25,E05
Mr,Finlay,Bolton,240,13 Ivy Lane,WARBOYS,PE17 2QE,Finlay.M.Bolton@mailinator.com,7749289904,03/03/2020,AM,G,25,E05
Mrs,Elizabeth,Ingram,245,5 Earls Avenue,WHITELEY BANK,PO38 1RG,Elizabeth.C.Ingram@pookmail.com,7985916287,05/03/2020,AM,G,25,E05
Ms,Gracie,Crawford,249,98 High St,THRYBERGH,S65 7ZW,Gracie.A.Crawford@trashymail.com,7908149967,05/03/2020,PM,G,25,E05
Mr,Kieran,Johnston,260,50 Cloch Rd,ST MARTINS,PH2 5MR,Kieran.M.Johnston@mailinator.com,7728278866,04/03/2020,AM,G,25,E05
Miss,Mia,Young,261,16 Eastbourne Rd,COLDEN COMMON,SO21 8MH,Mia.J.Young@pookmail.com,7716040826,06/03/2020,AM,G,25,E05
Miss,Ella,Robson,268,97 Preston Rd,MORBORNE,PE7 2KG,Ella.O.Robson@dodgit.com,7058791557,03/03/2020,PM,G,25,E05
Mr ,Hayden,Gibson,116,47 Roman Rd,LECKFORD,SO20 3WW,Hayden.P.Gibson@spambob.com,7857694692,06/03/2020,AM,GE,40,E01
Mr,Aaron,Rhodes,119,11 Glandovey Terrace,TRESINNEY,PL32 9XJ,Aaron.E.Rhodes@dodgit.com,7800650838,05/03/2020,AM,GE,40,E01
Mr,Robert,Lawson,122,41 Berkeley Rd,STRATFORD TONY,SP5 8FG,Robert.E.Lawson@spambob.com,7031796652,06/03/2020,PM,GE,40,E01
Mr,Erin,Kerr,131,10 South Street,MONCREIFFE,PH2 5AV,Erin.T.Kerr@mailinator.com,7029617150,04/03/2020,AM,GE,40,E01
Mr,Luke,Murray,136,6 St Andrews Lane,DALCHRUIN,PH6 3EP,Luke.H.Murray@mailinator.com,7848256668,04/03/2020,PM,GE,40,E01
Mr,Harvey,Hall,141,74 Redcliffe Way,WOOLSTONE,SN7 0CN,Harvey.C.Hall@dodgit.com,7775817951,06/03/2020,AM,GE,40,E01
Mr,William,Hughes,155,81 South Street,MONXTON,SP11 0ST,William.L.Hughes@spambob.com,7903394553,06/03/2020,PM,GE,40,E01
Mr,Cameron,Stokes,163,63 Consett Rd,HILL DYKE,PE22 5VW,Cameron.E.Stokes@trashymail.com,7005869342,03/03/2020,PM,GE,40,E01
Miss,Scarlett,Coles,173,47 Clasper Way,HICKLING GREEN,NR12 6IZ,Scarlett.E.Coles@trashymail.com,7010893878,02/03/2020,PM,GE,40,E01
Ms,Demi,Byrne,186,46 Ross Road,MARTIN,SP6 3XY,Demi.B.Byrne@trashymail.com,7863629104,06/03/2020,PM,GE,40,E01
Mr,Sebastian,Bartlett,192,18 Tadcaster Rd,PILLATON,PH12 8NN,Sebastian.A.Bartlett@pookmail.com,7888609105,04/03/2020,PM,GE,40,E01
Mr,Sean,Pugh,194,45 Foregate Street,COED-Y-PAEN,NP4 5UY,Sean.A.Pugh@spambob.com,7939087067,02/03/2020,PM,GE,40,E01
Ms,Zoe,Howarth,199,52 Farburn Terrace,LITTLE LONDON,PE12 5IV,Zoe.C.Howarth@mailinator.com,7867851797,03/03/2020,AM,GE,40,E01
Mr,Corey,Joyce,205,29 Eastbourne Rd,COLD ASHTON,SN14 3HO,Corey.H.Joyce@spambob.com,7918170220,06/03/2020,AM,GE,40,E01
Mr,Declan,Vaughan,210,87 Ploughley Rd,TINTERN PARVA,NP6 8HW,Declan.I.Vaughan@mailinator.com,7955999534,02/03/2020,PM,GE,40,E01
Mr,William,Naylor,216,49 Guildry Street,GAMSTON,NG2 0KP,William.E.Naylor@trashymail.com,7774495498,02/03/2020,AM,GE,40,E01
Mr,Jonathan,Naylor,222,81 Coast Rd,KIRKBY UNDERWOOD,PE10 8CT,Jonathan.C.Naylor@dodgit.com,7755676839,03/03/2020,AM,GE,40,E01
Ms,Scarlett,Marshall,233,99 Dunmow Road,GRISHIPOLL,PE10 7CT,Scarlett.L.Marshall@pookmail.com,7801988036,03/03/2020,AM,GE,40,E01
Mr,Luca,Browne,242,14 Sea Road,LANDFORD,SP5 3QU,Luca.I.Browne@trashymail.com,7941118238,06/03/2020,PM,GE,40,E01
Mr,Joshua,Jarvis,250,43 Asfordby Rd,AIRNTULLY,PH1 8SG,Joshua.S.Jarvis@pookmail.com,7006180022,04/03/2020,AM,GE,40,E01
Mrs,Laura,Tomlinson,253,81 Sutton Wick Lane,BRINKWORTH,SN15 4IV,Laura.T.Tomlinson@trashymail.com,7080858576,06/03/2020,AM,GE,40,E01
Mr,Sean,Chadwick,256,30 Shore Street,STOKE,PO11 5JA,Sean.L.Chadwick@mailinator.com,7917845782,05/03/2020,AM,GE,40,E01
Ms,Eloise,Lee,267,81 Davids Lane,STRONTIAN,PH36 4ED,Eloise.A.Lee@spambob.com,7776536855,04/03/2020,PM,GE,40,E01
Mr,Mason,Marsh,273,87 Emerson Road,KINROSSIE,PH2 4NJ,Mason.S.Marsh@trashymail.com,7732161852,04/03/2020,AM,GE,40,E01
Miss,Faith,Hammond,110,12 Simone Weil Avenue,WAUN Y CLYN,SA17 7TB,Faith.M.Hammond@dodgit.com,7852376534,05/03/2020,AM,GE,40,E02
Mr ,Toby,Hewitt,115,74 Boat Lane,REPPS,NR29 4RA,Toby.L.Hewitt@pookmail.com,7847012074,02/03/2020,AM,GE,40,E02
Mrs,Chloe,White,127,36 Huntly Street,BARRAHORMID,PE31 8JL,Chloe.J.White@dodgit.com,7878351699,02/03/2020,PM,GE,40,E02
Mr,William,Nicholls,144,45 Nottingham Rd,ABERCRYCHAN,SA20 9RZ,William.H.Nicholls@trashymail.com,7954258613,05/03/2020,AM,GE,40,E02
Mr,Tom,Shaw,146,36 Prestwick Road,INISTRYNICH,PE33 2DI,Tom.G.Shaw@pookmail.com,7748545932,02/03/2020,PM,GE,40,E02
Ms,Phoebe,Kent,167,24 Prospect Hill,DRE-FACH,SA40 0CM,Phoebe.J.Kent@trashymail.com,7041668722,05/03/2020,PM,GE,40,E02
Mr,Tom,Atkins,172,98 Roman Rd,LEIGH,SY5 4LW,Tom.L.Atkins@trashymail.com,7978710349,06/03/2020,PM,GE,40,E02
Mr,Daniel,Baker,183,2 Stamford Road,ARDANSTUR,PE34 6CW,Daniel.A.Baker@trashymail.com,7787219509,02/03/2020,PM,GE,40,E02
Mr,Mohammed,McDonald,191,95 Earls Avenue,WHITECHURCH,SA41 6GO,Mohammed.C.McDonald@dodgit.com,7747284510,05/03/2020,PM,GE,40,E02
Mrs,Elizabeth,Townsend,201,36 Overton Circle,LITTLEBOROUGH,OL15 1LT,Elizabeth.K.Townsend@dodgit.com,7969031411,02/03/2020,AM,GE,40,E02
Mr,Cameron,Tucker,203,30 Scrimshire Lane,ASTON,SY8 3OU,Cameron.L.Tucker@mailinator.com,7051599731,06/03/2020,PM,GE,40,E02
Mrs,Lydia,Johnston,209,4 Dunmow Road,GRINDLEY,ST14 8NP,Lydia.K.Johnston@pookmail.com,7982033727,06/03/2020,AM,GE,40,E02
Mr,Declan,Ingram,225,98 Guild Street,LONDON,SE17 8QX,Declan.H.Ingram@trashymail.com,7773050104,05/03/2020,PM,GE,40,E02
Mr,Deepak,Singh,246,97 Neville Street,HYDE LEA,ST18 6FK,Melissa.O.Singh@trashymail.com,7974040380,06/03/2020,AM,GE,40,E02
Ms,Phoebe,Hardy,259,35 Rhosddu Rd,FFAIRFACH,SA19 0QD,Phoebe.T.Hardy@pookmail.com,7837507087,05/03/2020,AM,GE,40,E02
Mr ,Anthony,Wyatt,102,41 Park Place,CASSINGTON,OX8 4WK,Anthony.M.Wyatt@dodgit.com,7754053369,02/03/2020,AM,GE,40,E03
Mr ,Evan,Kemp,108,78 South Crescent,LYDEARD ST LAWRENCE,SY4 8UW,Evan.F.Kemp@pookmail.com,7076303448,06/03/2020,PM,GE,40,E03
Mr,Lucas,Bates,123,52 Graham Road,CHERITON,SA3 7AM,Lucas.A.Bates@trashymail.com,7852902116,05/03/2020,AM,GE,40,E03
Mr,Riley,Chapman,129,27 Iffley Road,BROADOAK,SA32 4ZW,Riley.C.Chapman@dodgit.com,7756302998,05/03/2020,AM,GE,40,E03
Mrs,Freya,Harris,138,79 Friar Street,CLATTER,SY17 2YE,Freya.E.Harris@mailinator.com,7052335073,06/03/2020,AM,GE,40,E03
Ms,Abbie,Day,154,65 Northgate Street,BETTWS EVAN,SA38 1YW,Abbie.D.Day@mailinator.com,7711606538,05/03/2020,AM,GE,40,E03
Mr,Tyler,Bradshaw,157,9 Long Street,MILE ELM,SN11 6EP,Tyler.A.Bradshaw@mailinator.com,7046582650,05/03/2020,PM,GE,40,E03
Mr,Leo,Fox,171,53 Front St,HENLEY,SY10 9HU,Leo.M.Fox@spambob.com,7820429138,06/03/2020,PM,GE,40,E03
Mrs,Melissa,Daly,177,72 Fore St,TROUSTAN,PA22 3XG,Melissa.S.Daly@dodgit.com,7013713577,02/03/2020,AM,GE,40,E03
Ms,Victoria,Jarvis,198,68 High St,THURLBEAR,SY3 0CN,Victoria.M.Jarvis@dodgit.com,7718763067,06/03/2020,PM,GE,40,E03
Ms,Rebecca,Howells,215,45 Ramsgate Rd,WILLIAN,SG6 3BR,Rebecca.M.Howells@spambob.com,7712864980,05/03/2020,PM,GE,40,E03
Mr,Henry,Lloyd,226,25 Scotsburn Rd,TALYBONT,SY24 2AA,Henry.D.Lloyd@trashymail.com,7074127628,06/03/2020,AM,GE,40,E03
Mrs,Emily,Peacock,230,31 Seafield Street,LLANYBRI,SA33 4EM,Emily.J.Peacock@dodgit.com,7088587824,05/03/2020,AM,GE,40,E03
Mr,Kian,Dyer,252,41 St James Boulevard,HORSE BRIDGE,ST9 8IW,Kian.A.Dyer@mailinator.com,7024058328,06/03/2020,AM,GE,40,E03
Mr,Mohammad,Akhtar,271,25 High St,THREE CROSSES,SA4 4CV,Rebecca.A.Akhtar@trashymail.com,7025577492,05/03/2020,AM,GE,40,E03
Lord,Jack,Naylor,103,11 Seafield Place,FORNCETT ST MARY,NR16 6KQ,Jack.S.Naylor@trashymail.com,7787729363,02/03/2020,PM,GE,40,E05
Mr ,Peter,Williams,105,87 Withers Close,ALDWINCLE,NN14 5UC,Peter.C.Williams@mailinator.com,7046656756,02/03/2020,AM,GE,40,E05
Mrs,Corey,Ball,112,10 Marlborough Crescent,SOUTHGATE,PE31 8MJ,Corey.R.Ball@mailinator.com,7815760068,03/03/2020,PM,GE,40,E05
Mr,Connor,Dean,121,30 Sutton Wick Lane,BRINGTON,PE18 4OJ,Conr.G.Dean@mailinator.com,7877420620,03/03/2020,AM,GE,40,E05
Mrs,Grace,Frost,128,58 Southlands Road,PONTNEWYNYDD,NP4 3QY,Grace.J.Frost@trashymail.com,7822101945,02/03/2020,AM,GE,40,E05
Miss,Madeleine,Sinclair,134,61 Greble Road,BRAY SHOP,PH17 1JE,Madeleine.B.Sinclair@trashymail.com,7850968359,04/03/2020,PM,GE,40,E05
Mrs,Katie,Hart,140,76 Annfield Rd,BEDHAMPTON,PO9 2NK,Katie.E.Hart@spambob.com,7088010157,05/03/2020,AM,GE,40,E05
Mr,William,James,143,27 Baldock Street,NEWTONMORE,PH20 8HN,William.A.James@spambob.com,7040835079,04/03/2020,AM,GE,40,E05
Ms,Naomi,Matthews,148,90 Witney Way,KITWOOD,SO24 8FK,Naomi.M.Matthews@pookmail.com,7921921434,06/03/2020,AM,GE,40,E05
Mr,Peter,Bailey,150,62 Chapel Lane,ARMINGHALL,NR14 8QF,Peter.E.Bailey@mailinator.com,7055573640,02/03/2020,PM,GE,40,E05
Mr,Aidan,Power,160,48 Baldock Street,NEWTON STACEY,SO20 8SB,Aidan.O.Power@dodgit.com,7826902613,06/03/2020,AM,GE,40,E05
Miss,Madeleine,Conr,164,74 Broad Street,LOWER WIELD,SO24 7JD,Madeleine.A.Conr@dodgit.com,7850454256,06/03/2020,AM,GE,40,E05
Ms,Naomi,Bray,166,39 Stroud Rd,OLD BUCKENHAM,NR17 3XF,Naomi.S.Bray@mailinator.com,7772610703,02/03/2020,PM,GE,40,E05
Ms,Ruby,Fuller,174,77 Tadcaster Rd,PIPEWELL,NN14 3RX,Ruby.B.Fuller@pookmail.com,7033070974,02/03/2020,AM,GE,40,E05
Mr,Sebastian,Perkins,179,26 Golf Road,SWAFFHAM,PE37 7OH,Sebastian.R.Perkins@spambob.com,7732847494,03/03/2020,PM,GE,40,E05
Mr,Henry,Barlow,182,95 Seafield Place,FORSBROOK,ST11 2RA,Henry.I.Barlow@dodgit.com,7784388863,06/03/2020,PM,GE,40,E05
Mr,Dominic,Doyle,185,21 Peachfield Road,CEFNEITHIN,SA14 7AC,Dominic.F.Doyle@dodgit.com,7709130328,05/03/2020,PM,GE,40,E05
Ms,Jayden,Martin,207,48 Scarcroft Road,POPHAM,SO21 9PD,Jayden.L.Martin@spambob.com,7976886166,06/03/2020,AM,GE,40,E05
Mr,Erin,James,214,7 Abingdon Road,BRAMDEAN,SO24 1MK,Erin.A.James@spambob.com,7001626279,06/03/2020,AM,GE,40,E05
Mr,Lewis,Hayward,232,15 Scrimshire Lane,ASTON,S30 0HW,Lewis.J.Hayward@mailinator.com,7809175132,05/03/2020,PM,GE,40,E05
Ms,Matilda,Hunt,237,77 Broomfield Place,STOW BARDOLPH,PE34 2SU,Matilda.F.Hunt@dodgit.com,7822934583,03/03/2020,PM,GE,40,E05
Mr,Evan,Hooper,244,19 St Dunstans Street,WATERLOOVILLE,PO7 2PL,Evan.R.Hooper@spambob.com,7923304355,05/03/2020,AM,GE,40,E05
Mrs,Tegan,Turnbull,248,8 Sutton Wick Lane,BRIDGETOWN,PH15 9AY,Tegan.S.Turnbull@pookmail.com,7820332767,04/03/2020,PM,GE,40,E05
Mr,Bailey,Webb,258,90 Cloch Rd,ST IVES,PE17 6WN,Bailey.J.Webb@dodgit.com,7911276164,03/03/2020,AM,GE,40,E05
Mr,Kyle,Fry,263,31 Ings Lane,DAVA,PH26 7GE,Kyle.A.Fry@mailinator.com,7026417141,04/03/2020,AM,GE,40,E05
Mrs,Georgia,Watts,274,69 Cheriton Rd,WEST ORCHARD,SP7 8AF,Georgia.C.Watts@dodgit.com,7924729729,06/03/2020,PM,GE,40,E05
