Payroll number,Forename,Surname,Pay type,Job code,Weekly wage,Monthly salary
GES0001,Javas,Sehgal,,CR,,
GES0002,Krishna,Mukherjee,,TA,,
GES0003,Drishti,Negi,,AD,,
GES0004,Bhavata,Vasa,,SL,,
GES0005,Amish,Khare,,ST,,
GES0006,Ashvin,Rampersad,,AD,,
GES0007,Ben,Sehgal,,LT,,
GES0008,Mithra,Saha,,ST,,
GES0009,Gokul,Dixit,,SL,,
GES0011,Hari,Mehta,,AW,,
GES0012,Brahmaputra,Bhat,,AD,,
GES0015,Hari,Parsa,,AD,,
GES0016,Shesha,Matthai,,AW,,
GES0017,Jatin,Ganjoo,,CR,,
GES0018,Salim,Tandon,,WT,,
GES0019,Bhagwandas,Malik,,TS,,
GES0020,Yash,Dayal,,CR,,
GES0021,Mandar,Verma,,AD,,
GES0024,Achir,Bhattacharya,,AW,,
GES0025,Shiva,Beniwal,,PM,,
GES0026,Drishti,Char,,SL,,
GES0027,Kintan,Char,,AD,,
GES0028,Indravadan,Goswami,,AW,,
GES0029,Zohar,Dewangan,,WT,,
GES0030,Kala,Nair,,IS,,
GES0031,Aaral,Bhattacharya,,HD,,
GES0032,Josha,Parsa,,IC,,
GES0033,Amberley,Rajagopal,,IA,,
GES0034,Chakra,Khare,,AD,,
GES0035,Aashish,Jain,,IS,,
GES0036,Tandu,Dora,,AW,,
GES0037,Viraj,Salvi,,AD,,
GES0039,Kintan,Char,,ST,,
GES0040,Lai,Dixit,,ST,,
GES0041,Kalima,Bail,,MD,,
GES0042,Alagan,Ganaka,,AD,,
GES0043,Nihal,Chopra,,WD,,
GES0044,Padm,Gandhi,,AD,,
GES0045,Imaran,Magar,,TS,,
GES0046,Anoushka,Mishra,,SL,,
GES0047,Ina,Bhat,,VS,,
GES0048,Ashvin,Mukherjee,,AD,,
GES0049,Ishanvi,Banerjee,,SL,,
GES0050,Ekadanta,Goswami,,WD,,
GES0051,Malajit,Arora,,SL,,
GES0052,Sahan,Bhavsar,,PM,,
GES0053,Palash,Jha,,AD,,
GES0054,Yash,Dwivedi,,WD,,
GES0055,Utkarsh,Bail,,AD,,
GES0056,Zohar,Parikh,,PR,,
GES0057,Shudra,Vaidya,,IS,,
GES0058,Jeevan,Agarwal,,ST,,
GES0059,James,Sehgal,,IM,,
GES0060,Gokul,Seth,,TS,,
