Ship_Code,Ship_Name,Pass_Capacity,Tonnage,Inaugural_Trip,Length(ft),Speed(kts),Draft(ft),Beam,Crew,Registry_Country,Decks
TH10,Tawara Hanseatic Star,2500,91000,01/10/2001,965,24,26,105,936,Malta,11
CP02,Cordelia Pearl,3200,122000,10/04/2010,1041,24,27,121,1271,Malta,13
BS03,Ballerina of the Sea,3000,122000,08/08/2009,1041,24,27,121,1250,Malta,11
DP07,Delmara Princess,2500,91000,17/06/2000,965,24,26,105,975,Malta,11
JQ09,Jubliee Queen,3300,122000,23/11/2008,1041,24,27,121,1250,Malta,19
MP04,Marinos Paradise,3570,143700,31/03/2017,1083,22,28,126,1346,London,15
OJ01,Ocean Jupiter,2170,91000,12/05/2002,965,24,26,105,999,Malta,11
OW05,Ocean Warrior,2170,91000,03/03/2001,965,24,26,105,840,Malta,11
SE06,Sea Enchantress,3600,141000,16/06/2013,1083,23,28,155,1346,Bermuda,19
VG08,Varuna Glory,3200,122400,23/07/2011,1047,24,27,121,1500,Malta,15
