Drive_Code,Model_Code,Model,Maker_Code,Suitability,Connection,Form_Factor,Format,Capacity _TB,Read,Write,Price,Stock
DD01,ZA480NM10011,Irongate,SE ,SOHO SMB,SATA 6Gb/s,2.5 inch,SSD,0.48,560,535,121.61,85
DD02,ZA192NM10011,Irongate,SE ,SOHO SMB,SATA 6Gb/s,2.5 inch,SSD,1.92,560,535,364.76,11
DD03,ZA960NM10011,Irongate,SE ,SOHO SMB,SATA 6Gb/s,2.5 inch,SSD,0.96,560,535,214.45,96
DD04,ZA240NM10011,Irongate,SE ,SOHO SMB,SATA 6Gb/s,2.5 inch,SSD,0.24,560,345,61.11,93
DD05,ZA384NM10012,Irongate,SE ,SOHO SMB,SATA 6Gb/s,2.5 inch,SSD,3.84,560,535,686.74,43
DD06,XA240ME30003,Nitra 1551,SE ,Enterprise,SATA 6Gb/s,2.5 inch,SSD,0.24,564,325,97.08,98
DD07,XS960SE70004,Nitra 3311,SE ,Enterprise,SAS 12Gb/s,2.5 inch,SSD,0.96,2150,1000,302.16,15
DD08,XS400ME70004,Nitra 3731,SE ,Enterprise,SAS 12Gb/s,2.5 inch,SSD,0.4,2150,1000,317.54,6
DD09,XS480ME70004,Nitra 3731,SE ,Enterprise,SAS 12Gb/s,2.5 inch,SSD,0.8,2200,1550,536.5,86
DD10,XS160ME70004,Nitra 3731,SE ,Enterprise,SAS 12Gb/s,2.5 inch,SSD,1.6,2200,1550,986.13,76
DD11,XS320ME70004,Nitra 3731,SE ,Gaming,SAS 12Gb/s,2.5 inch,SSD,3.2,2200,1550,1993.5,86
DD12,XS768ME70004,Nitra 3311,SE ,Enterprise,SAS 12Gb/s,2.5 inch,SSD,7.68,2200,1550,1858.35,79
DD13,XS384SE70004,Nitra 3331,SE ,Creative Professional,SAS 12Gb/s,2.5 inch,SSD,3.84,2200,1550,972.67,26
DD14,XS192SE70004,Nitra 3331,SE ,Creative Professional,SAS 12Gb/s,2.5 inch,SSD,1.92,2200,1550,494.75,94
DD15,XA480ME10003,Nitra 1551,SE ,Enterprise,SATA 6Gb/s,2.5 inch,SSD,0.48,564,533,112.9,74
DD16,ZA250CM1003,Swordfish 120,SE ,Home,SATA 6Gb/s,2.5 inch,SSD,0.25,560,540,44.18,58
DD17,ZA500CM1003,Swordfish 120,SE ,Home,SATA 6Gb/s,2.5 inch,SSD,1,560,540,57.32,9
DD18,ZA1000CM1003,Swordfish 120,SE ,Home,SATA 6Gb/s,2.5 inch,SSD,1.5,560,540,100.7,43
DD19,ZA2000CM1003,Swordfish 120,SE ,Home,SATA 6Gb/s,2.5 inch,SSD,2,560,540,130,20
DD20,ST1400NE1008,Irongate Pro,SE ,NAS,SATA 6Gb/s,3.5 inch,HDD 7200,14,560,540,338.55,24
DD21,ST400NE1001,Irongate Pro,SE ,NAS,SATA 6Gb/s,3.5 inch,HDD 7200,4,560,540,121.84,7
DD22,ST16000NE1008,Irongate Pro,SE ,NAS,SATA 6Gb/s,3.5 inch,HDD 7200,16,560,540,424.72,32
DD23,ST12000NE1008,Irongate Pro,SE ,NAS,SATA 6Gb/s,3.5 inch,HDD 7200,12,560,540,292.42,44
DD24,ST60000NE1008,Irongate Pro,SE ,NAS,SATA 6Gb/s,3.5 inch,HDD 7200,6,560,540,165.81,97
DD25,ST10000NE1008,Irongate Pro,SE ,NAS,SATA 6Gb/s,3.5 inch,HDD 7200,10,560,540,254.81,89
DD26,ST8000NE1008,Irongate Pro,SE ,NAS,SATA 6Gb/s,3.5 inch,HDD 7200,8,560,540,201.56,86
DD27,ST2000VX1008,Skyhawk,SE ,DVR,SATA 6Gb/s,3.5 inch,HDD 7200,2,560,540,54.96,19
DD28,ST4000VX1007,Skyhawk,SE ,DVR,SATA 6Gb/s,3.5 inch,HDD 7200,4,560,540,89.26,54
DD29,ST12000NM1008,Excos,SE ,Enterprise,SATA 6Gb/s,3.5 inch,HDD 7200,12,560,540,303.88,34
DD30,ST1600NM1008,Excos,SE ,Enterprise,SATA 6Gb/s,3.5 inch,HDD 7200,16,560,540,437.51,29
DD31,ST1000NM1008,Excos,SE ,Enterprise,SATA 6Gb/s,3.5 inch,HDD 7200,10,560,540,355.48,60
DD32,ST1000DM1010,Swordfish ,SE ,SOHO SMB,SATA 6Gb/s,3.5 inch,HDD 7200,1,560,540,37.01,35
DD33,ST500DM1009,Swordfish ,SE ,SOHO SMB,SATA 6Gb/s,3.5 inch,HDD 7200,0.5,560,540,35.35,48
DD34,MZILS1THEJH,PM1633a,SA ,Enterprise,SAS 12Gb/s,2.5 inch,SSD,1.92,1250,1100,570.51,41
DD35,MZ7LH3T8HMLT,PM883 series 3,SA ,Enterprise,SATA 6Gb/s,2.5 inch,SSD,3.84,550,520,653.97,11
DD36,MZN6E2T0BW,860 Evo,SA ,SOHO SMB,SATA 6Gb/s,M.2,SSD,2,550,520,256.98,65
DD37,WPS1000T1ROB,WP Red SA500,WE ,SOHO SMB,SATA 6Gb/s,M.2,SSD,1,560,530,109.44,24
DD38,WPS2000T1ROA,WP Red SA500,WE ,NAS,SATA 6Gb/s,2.5 inch,SSD,2,560,530,224.16,28
DD39,MZ7LH3T9HMLT,PM883 series 1,SA ,Enterprise,SATA 6Gb/s,2.5 inch,SSD,1.92,550,520,348.53,83
DD40,MZ7LH3T8HMLT,860 Evo series 1,SA ,SOHO SMB,SATA 6Gb/s,M.2,SSD,1.5,550,520,129.77,86
DD41,WPS500G1ROB,WP Red SA500,WE ,SOHO SMB,SATA 6Gb/s,M.2,SSD,0.5,560,530,64.68,15
DD42,MZV7E500BW,870 Evo,SA,SOHO SMB,PCIe NVMe,M.2,SSD,0.5,3400,2300,96.58,45
DD43,MZV7E250BW,870 Evo Plus,SA,SOHO SMB,PCIe NVMe,M.2,SSD,0.25,3500,2300,70.28,17
DD44,VB48070024,Vi500,VE ,SOHO SMB,SATA 6Gb/s,2.5 inch,SSD,0.48,550,520,47.32,19
DD45,MZN6E1T0BW,860 Evo,SA,SOHO SMB,SATA 6Gb/s,M.2,SSD,1,550,520,109.44,66
DD46,ZP1000GM31002,Firacude 520,SE,Creative Professional,PCIe gen4 NVMe,M.2,SSD,1,5000,4400,206.77,45
DD47,ZP250CM31001,Swordfish,SE,SOHO SMB,PCIe NVMe,M.2,SSD,0.25,3100,1200,59.48,94
DD48,ZP500GM31002,Firacude 520,SE,Creative Professional,PCIe gen4 NVMe,M.2,SSD,0.5,5000,2500,113.06,71
DD49,ZP2000GM31002,Firacude 520,SE,Creative Professional,PCIe gen4 NVMe,M.2,SSD,2,5000,4400,357.28,29
DD50,ZP1000GM31011,Firacude 510,SE,Gaming,PCIe gen3 NVMe,M.2,SSD,1,3450,3200,166.44,32
DD51,CSSDF2000MP600,Forza MP600,CO ,Creative Professional,PCIe gen4 NVMe,M.2,SSD,2,4950,4250,389.99,14
DD52,CT500P2D8,Crux P2,CR ,SOHO SMB,PCIe gen3 NVMe,M.2,SSD,0.5,2300,940,65.99,56
DD53,CT250P2D8,Crux P2,CR ,SOHO SMB,PCIe gen3 NVMe,M.2,SSD,0.25,2100,1150,55.91,64
DD54,PEKNW010T8,660p series,IB ,Enterprise,PCIe gen3 NVMe,M.2,SSD,1,1800,1800,124.99,64
DD55,LRD10Z002TG8,Excel Plus,KY ,Gaming,PCIe gen3 NVMe,M.2,SSD,2,3400,3200,400.49,48
DD56,WPS120G2G0B,WP Green,WE,SOHO SMB,SATA 6Gb/s,M.2,SSD,0.12,545,520,22.79,66
DD57,WPS240G2G0B,WP Green,WE,SOHO SMB,SATA 6Gb/s,M.2,SSD,0.24,545,520,33.59,97
DD58,WPS480G2G0B,WP Green,WE,SOHO SMB,SATA 6Gb/s,M.2,SSD,0.48,545,520,59.99,90
DD59,ZP2000GM31011,Firacude 510,SE,Gaming,PCIe gen3 NVMe,M.2,SSD,2,3450,3200,322.99,23
DD60,CSSDF1000MP600,Forza MP600,CO ,Creative Professional,PCIe gen3 NVMe,M.2,SSD,1,4950,4250,202.99,8
DD61,WPS1000T2BOC,WP Blue,WE,SOHO SMB,PCIe gen3 NVMe,M.2,SSD,1,2400,1950,124.99,44
DD62,GPGSM2NE3128GN,Gygabit 128,GY ,SOHO SMB,PCIe gen3 NVMe,M.2,SSD,0.128,1550,550,28.49,47
DD63,PEKNW020T8,660p series,IB,SOHO SMB,PCIe gen3 NVMe,M.2,SSD,1,1800,1800,251.99,75
DD64,PEKKW256G8XT,760p series,IB,Gaming,PCIe gen3 NVMe,M.2,SSD,0.256,3210,1315,63.98,20
DD65,PEKKW512G801,760p series,IB,Gaming,PCIe gen3 NVMe,M.2,SSD,0.512,3230,1625,113.6,9
DD66,M280C3030500,XLR8 CS3030,PL ,Gaming,PCIe gen3 NVMe,M.2,SSD,0.5,3500,2000,76,81
DD67,SEDC500R960G,DC500R,KI ,Data Centre,SATA 6Gb/s,2.5 inch,SSD,0.96,555,520,233.48,18
DD68,GPGSM2NE3250GN,Gygabit 240,GY,SOHO SMB,SATA 6Gb/s,2.5 inch,SSD,0.25,500,420,37.73,15
DD69,SEDC500R960G,A400,KI,SOHO SMB,SATA 6Gb/s,2.5 inch,SSD,0.96,500,350,34.28,55
DD70,WPS1000T2BOA,WP Blue,WE,SOHO SMB,SATA 6Gb/s,2.5 inch,SSD,1,560,530,111.98,23
DD71,CT1000MX500,MX500,CR,SOHO SMB,SATA 6Gb/s,2.5 inch,SSD,1,560,510,109.98,25
DD72,CT500MX500,MX500,CR,SOHO SMB,SATA 6Gb/s,2.5 inch,SSD,0.5,560,510,69.23,73
DD73,MZ76P1T0BW,860 Pro,SA,SOHO SMB,SATA 6Gb/s,2.5 inch,SSD,1,560,530,254.99,90
DD74,CT480BX500,BX500,CR,SOHO SMB,SATA 6Gb/s,2.5 inch,SSD,0.48,540,500,57.59,66
DD75,SC2KB960GB,D3 S4510,IB,Enterprise Data Centre,SATA 6Gb/s,2.5 inch,SSD,0.96,560,510,237.98,27
DD76,MZ7LH960HA,PM883,SA,Enterprise,SATA 6Gb/s,2.5 inch,SSD,0.96,550,520,199.99,4
DD77,MZ76Q2T0BW,860 QVO,SA,SOHO SMB,SATA 6Gb/s,2.5 inch,SSD,2,550,520,206.39,35
DD78,GPGSMTFS3120GNTD,Gygabit 120,GY,SOHO SMB,SATA 6Gb/s,2.5 inch,SSD,0.12,500,380,22.56,41
DD79,SEDC400R960G,A400,KI,SOHO SMB,SATA 6Gb/s,2.5 inch,SSD,0.24,500,350,34.28,95
DD80,MTFDDAK240TDS,5300 Pro,MI ,Enterprise,SATA 6Gb/s,2.5 inch,SSD,0.24,540,310,107.99,37
DD81,MTFDDAK480TDS,5200 ECO,MI ,SOHO SMB,SATA 6Gb/s,2.5 inch,SSD,0.48,540,385,110.99,4
DD82,MTFDDAK240TDN,5200 Max,MI ,Enterprise,SATA 6Gb/s,2.5 inch,SSD,0.24,540,510,112.49,5
DD83,MTFDDAK480TDN,5300 Pro,MI ,Enterprise,SATA 6Gb/s,2.5 inch,SSD,0.48,540,410,117.98,66
DD84,MTFDDAK240TDS,5300 Pro,MI ,Enterprise,SATA 6Gb/s,2.5 inch,SSD,0.24,540,380,138.49,46
DD85,MTFDDAK480TDT,5300 Max,MI ,Enterprise,SATA 6Gb/s,2.5 inch,SSD,0.48,540,460,170.48,66
DD86,MTFDDAK960TDT,5300 Pro,MI ,Enterprise,SATA 6Gb/s,2.5 inch,SSD,0.96,540,420,195.98,96
DD87,TDMX250NV,Attack Pro,TD,SOHO SMB,PCIe gen3 NVMe,M.2,SSD,0.25,1550,550,65.5,20
DD88,TDMX2000NV,Attack Pro,TD,Enterprise Creative,PCIe gen4 NVMe,M.2,SSD,1,4950,4250,250,3
