Acc_Code,Accommodation,Room_Type,Weekly_Cost,Extra_Night
MOL1,Molesworth Lodge,En suite,685.5,114.25
MOL2,Molesworth Lodge,Standard,600.65,100.1
MOL3,Molesworth Lodge,Room only,350.3,58.38
SAC1,St Aubyn College,En suite,550,91.65
SAC2,St Aubyn College,Standard,480.5,80.05
SAC3,St Aubyn College,Room only,290,48.3
PEH1,Pencarrow Halls,En suite,650,108.45
PEH2,Pencarrow Halls,Standard,520.25,86.7
PEH3,Pencarrow Halls,Room only,330,55
CRC1,Crispin Court,En suite,760,126.66
CRC2,Crispin Court,Standard,680.65,113.45
CRC3,Crispin Court,Room only,410,68.33
