Title,First_Name,Last_Name,Street,Area,Post_Code,Country,Email,Telephone,Course,Start_Date,Room_Type,Accomm,Duration,Tutor
Ms,Hui,Shu,12 Jingyuan Street,Beijing,100176,China,hui.s@dodgit.com,079 4688 4990,Victorian Fiction,07/08/2017,En suite,Crispin Court,3,Dr G Agnew
Mr,Steffen,Nguyen,Meterbuen 33,Skovlunde,2740,Denmark,nguyen.stef@pookmail.com,077 3022 8765,Medieval Archaeology,07/08/2017,Room only,Molesworth Lodge,3,Mr P Chapman
Mr,Vasos,Rines,30 Konstantinou Karamanli,Kozani,50100,Greece,vrines@mailinator.com,070 5233 5073,Classical Art,14/08/2017,Standard,Crispin Court,2,Ms R Haynes
Mr,Waleed,Wasem,221 King Street,Alexandria,22314,Egypt,waleed@mailinator.com,078 5912 2852,Medieval Studies,31/07/2017,En suite,Molesworth Lodge,3,Dr G Agnew
Mrs,Lijuan,Yiu,3 Dai Hei Street,Tai Po,,Hong Kong,lijuan.yiu@dodgit.com,077 7261 0703,Shakespeare,07/08/2017,Room only,Pencarrow Halls,3,Mr J Fuller
Mr,Enrique,Cobos,Calle San Romualdo 13,Madrid,28037,Spain,cobos.e@pookmail.com,079 8712 3959,Creative Writing,31/07/2017,En suite,Molesworth Lodge,4,Ms J Gathard
Ms,Bethany,Kennedy,59 Warren Street,Plymouth,PL6 4AB,United Kingdom,bethken@pookmail.com,070 8376 6092,Medieval Studies,07/08/2017,Standard,Pencarrow Halls,3,Ms N Spencer
Mr,Alex,Lord,27 Baldock Street,Coventry,CV6 5NX,United Kingdom,alex.lord@tgmail.com,078 4980 2276,Medieval Studies,10/08/2017,En suite,Crispin Court,3,Mr H Hoggins
Mr,Josh,Dennis,6 Hawkley Drive,Bristol,BS32 0BF,United Kingdom,josh.d@dodgit.com,078 2210 1945,Shakespeare,14/08/2017,En suite,Pencarrow Halls,2,Mr S Ibbotson
Ms,Krijna,Ermers,37 Hortonwood,Telford,TF1 7XT,United Kingdom,ermers.k@mailinator.com,077 0703 2848,Medieval Studies,31/07/2017,Standard,Crispin Court,4,Dr G Agnew
Mr,Harvey,Carr,12 Hareness Road,Aberdeen,AB12 3LE,Scotland,harvey.carr@pookmail.com,077 4470 3953,Medieval Studies,21/08/2017,Room only,Pencarrow Halls,1,Mrs K Bennett
