Course,Course_Ref,Location,Start_date,Weeks,Tutor
Archaeology on-site 1,A1901,Amman ,07/08/2019,7,Ms J Gathard
Archaeology on-site 2,A1902,Amman ,21/08/2019,7,Ms N Spencer
Archaeology on-site 3,A1903,Amman ,28/08/2019,5,Dr G Agnew
Crafts of Asia,C1910,Tawara,07/08/2019,3,Mrs K Bennett
Classical Art,C1911,Tawara,21/08/2019,4,Mrs K Bennett
Classical Literature in Translation,C1912,Tawara,07/08/2019,2,Dr G Agnew
Creative Writing,C1913,Tawara,01/08/2019,3,Dr G Agnew
Decorative Art and Design,D1914,Tawara,07/08/2019,3,Mr J Fuller
English Literature and Art,E1904,Tawara,01/08/2019,5,Mr J Fuller
European Cultures and Histories,E1915,Tawara,21/08/2019,3,Dr G Agnew
Fine Art,F1916,Tawara,21/08/2019,3,Mr J Fuller
Foundations of Western Art,F1917,Tawara,01/08/2019,3,Ms N Proudlove
History of Art,H1918,Tawara,07/08/2019,3,Mr H Hoggins
Introduction to Contemporary Art,I1919,Tawara,21/08/2019,2,Mr H Hoggins
Literature and Culture of Anglo-Saxon Times,L1900,Tawara,01/08/2019,3,Dr G Agnew
Medieval Archaeology,M1920,Tawara,21/08/2019,1,Mrs K Bennett
Medieval Studies,M1921,Tawara,01/08/2019,2,Mrs K Bennett
Military History and Strategic Studies,M1922,Tawara,07/08/2019,3,Dr G Agnew
Philosophy and Art,P1905,Tawara,07/08/2019,1,Mr J Fuller
Politics and Art in Baroque Rome,P1906,Tawara,21/08/2019,1,Ms N Proudlove
Psychology and Art,P1907,Tawara,21/08/2019,1,Mr H Hoggins
Photography and its Markets,P1908,Tawara,01/08/2019,2,Mr H Hoggins
Shakespeare,S1923,Tawara,21/08/2019,4,Ms N Proudlove
The English Romantic Poets,T1924,Tawara,21/08/2019,2,Mr J Fuller
Theatre Arts Education and Deaf Studies,T1925,Tawara,28/08/2019,3,Mr J Fuller
Victorian Fiction,V1926,Tawara,01/08/2019,3,Mr J Fuller
