Type,Code,Min Age,Length (km),Characteristics
Olympic,XCO,19,4 to 6,"Riders released in groups, number of laps depends on ability category"
Endurance,XCM,19,60 to 160,"Riders released in groups, race run over single or multiple laps 
Contested by individuals and/or teams"
Point-to-Point,XCP,17,Min 25,"Mass start endurance race 
Race starts in one location and finishes in another"
Short Circuit,XCC,17,Max 2,"Start and finish in same location, race duration of less than 60 minutes 
A system of heats and final used"
Eliminator,XCE,17,Max 1,"Series of short circuit races contested by elimination heats
Riders released in groups of 4 or 6 , starts in one location and finishes in another Natural and artificial obstacles make a dynamic short race"
Time Trial,XCT,17,Max 15,"A race against the clock
Riders are set off individually or in teams and timed over a set distance"
Team Relay,XCR,19,Max 1,"Team composition must be mixed ability � minimum 1 female, maximum 1 Elite/Expert male 
Relay between teams of 2 or more riders, each completes a single lap of a short circuit or eliminator type course"
Stage Race,XCS,19,60 to 160,"Multi-stage team race of 2 to 6 riders, held over 3 to 9 days with one stage per day
Judged on total time/points resulting from two or more stages
Riders must complete each stage to be eligible for the next stage"
