Liner_Code,Cruise_Line,No_Vessels,Headquarters
CL01,Aida Cruises,12,Germany
CL02,Azamara Club Cruises,2,USA
CL03,Carnival Cruise Line,24,USA
CL04,Celebrity Cruises,11,USA
CL05,Costa Cruise Line,16,Italy
CL06,Crystal Cruises,2,Japan
CL07,Cunard Line,3,UK
CL08,Disney Cruise Line,4,UK
CL09,Fred Olsen Cruise Line,4,UK
CL10,Holland America Line,15,USA
CL11,MSC Italian Line,12,Italy
CL12,Norwegian Cruise Line,13,USA
CL13,Oceania Cruises,5,USA
CL14,Princess Cruises,18,USA
CL15,Regent Seven Seas Cruises,3,USA
CL16,Royal Caribbean International,24,USA
CL17,Seabourn Cruise Line,6,USA
CL18,SeaDream Yacht Club,2,Norway
CL19,Tawara Cruises,7,UK
CL20,Silversea Cruises,6,USA
CL21,Windstar Cruises,2,USA
