Project,Honduras,Indonesia,Maldives,Fiji,Bermuda,Jamaica,Total income
Currency,,,,,,,
Local,,,,,,,
US Dollars,,,,,,,
,,,,,,,
Donations,Project,Amount,,,,,
1,Jamaica,9.91,,,,,
2,Maldives,88.37,,,,,
3,Fiji,34.38,,,,,
4,Fiji,12.14,,,,,
5,Bermuda,42.13,,,,,
6,Jamaica,13.94,,,,,
7,Maldives,74.81,,,,,
8,Bermuda,27.48,,,,,
9,Honduras,3.85,,,,,
10,Maldives,41.87,,,,,
11,Jamaica,99.2,,,,,
12,Jamaica,26.39,,,,,
13,Fiji,22.42,,,,,
14,Fiji,82.62,,,,,
15,Honduras,98.06,,,,,
16,Maldives,42.27,,,,,
17,Maldives,16.59,,,,,
18,Fiji,68.7,,,,,
19,Maldives,25.71,,,,,
20,Honduras,37.21,,,,,
21,Honduras,88.02,,,,,
22,Jamaica,11.81,,,,,
23,Jamaica,8.29,,,,,
24,Maldives,75.25,,,,,
25,Honduras,45.74,,,,,
26,Honduras,90.56,,,,,
27,Jamaica,59.49,,,,,
28,Jamaica,34.23,,,,,
29,Honduras,89.26,,,,,
30,Maldives,4.5,,,,,
31,Fiji,93.12,,,,,
32,Honduras,62.73,,,,,
33,Maldives,43.54,,,,,
34,Bermuda,79.85,,,,,
35,Jamaica,58.2,,,,,
36,Fiji,58.96,,,,,
37,Maldives,15.77,,,,,
38,Bermuda,51.89,,,,,
39,Maldives,9.56,,,,,
40,Honduras,84.26,,,,,
41,Honduras,54.43,,,,,
42,Maldives,22.43,,,,,
43,Indonesia,30.26,,,,,
44,Indonesia,99.34,,,,,
45,Maldives,78.9,,,,,
46,Indonesia,84.84,,,,,
47,Honduras,7.34,,,,,
48,Bermuda,73.32,,,,,
49,Bermuda,92.62,,,,,
50,Fiji,56.75,,,,,
51,Indonesia,61.67,,,,,
52,Jamaica,38.31,,,,,
53,Maldives,87.48,,,,,
54,Honduras,48.79,,,,,
55,Bermuda,95.12,,,,,
56,Indonesia,82.55,,,,,
57,Maldives,4.35,,,,,
58,Bermuda,6.78,,,,,
59,Fiji,35.64,,,,,
60,Honduras,18.87,,,,,
61,Maldives,23.64,,,,,
62,Maldives,91.08,,,,,
63,Bermuda,51.57,,,,,
64,Fiji,69.34,,,,,
65,Bermuda,66.55,,,,,
66,Jamaica,9.52,,,,,
67,Bermuda,94.05,,,,,
68,Maldives,46.66,,,,,
69,Maldives,65.14,,,,,
70,Maldives,39.19,,,,,
71,Jamaica,38.27,,,,,
72,Indonesia,70.35,,,,,
73,Fiji,29.72,,,,,
74,Maldives,35.65,,,,,
75,Fiji,90.55,,,,,
76,Bermuda,74.07,,,,,
77,Fiji,15.39,,,,,
78,Honduras,37.14,,,,,
79,Indonesia,19.21,,,,,
80,Jamaica,14.36,,,,,
81,Honduras,42.77,,,,,
82,Bermuda,73.3,,,,,
83,Bermuda,14.4,,,,,
84,Fiji,76.44,,,,,
85,Honduras,1.61,,,,,
86,Fiji,70.91,,,,,
87,Jamaica,91.43,,,,,
88,Bermuda,63.17,,,,,
89,Maldives,20.75,,,,,
90,Jamaica,74.46,,,,,
91,Honduras,42.05,,,,,
92,Maldives,90.1,,,,,
93,Jamaica,65.3,,,,,
94,Fiji,38.07,,,,,
95,Indonesia,89.56,,,,,
96,Fiji,47.38,,,,,
97,Bermuda,15.19,,,,,
98,Maldives,66.12,,,,,
99,Maldives,52.1,,,,,
100,Maldives,97.38,,,,,
101,Fiji,9.76,,,,,
102,Indonesia,58.23,,,,,
103,Indonesia,72.59,,,,,
104,Indonesia,21.04,,,,,
105,Indonesia,16.32,,,,,
106,Fiji,76.96,,,,,
107,Maldives,99.23,,,,,
108,Maldives,70.87,,,,,
109,Honduras,42.89,,,,,
110,Honduras,84.23,,,,,
111,Bermuda,26.47,,,,,
112,Honduras,85.01,,,,,
113,Bermuda,84.53,,,,,
114,Jamaica,83.6,,,,,
115,Fiji,50.2,,,,,
116,Honduras,12.94,,,,,
117,Jamaica,19.35,,,,,
118,Fiji,22.26,,,,,
119,Fiji,87.43,,,,,
120,Maldives,63.87,,,,,
121,Fiji,7.38,,,,,
122,Fiji,3.53,,,,,
123,Indonesia,8.29,,,,,
124,Jamaica,46.26,,,,,
125,Bermuda,21.12,,,,,
126,Bermuda,29.92,,,,,
127,Bermuda,89.91,,,,,
128,Maldives,45.37,,,,,
129,Bermuda,92.14,,,,,
130,Jamaica,95.06,,,,,
131,Bermuda,86.94,,,,,
132,Honduras,65.9,,,,,
133,Jamaica,83.69,,,,,
134,Indonesia,83.25,,,,,
135,Jamaica,6.97,,,,,
136,Honduras,31.49,,,,,
137,Indonesia,20.15,,,,,
138,Indonesia,28.15,,,,,
139,Honduras,78.62,,,,,
140,Maldives,81.55,,,,,
141,Indonesia,87.01,,,,,
142,Jamaica,8.06,,,,,
143,Maldives,77.81,,,,,
144,Indonesia,47.04,,,,,
145,Fiji,44.93,,,,,
146,Maldives,12.74,,,,,
147,Jamaica,83,,,,,
148,Bermuda,18.41,,,,,
149,Maldives,12.42,,,,,
150,Honduras,57.64,,,,,
151,Honduras,64.01,,,,,
152,Maldives,90,,,,,
153,Bermuda,69.19,,,,,
154,Jamaica,42.2,,,,,
155,Fiji,71.45,,,,,
156,Maldives,38.12,,,,,
157,Maldives,15.78,,,,,
158,Honduras,72.51,,,,,
159,Indonesia,66.02,,,,,
160,Fiji,28.01,,,,,
161,Maldives,40.41,,,,,
162,Fiji,95.55,,,,,
163,Honduras,66.21,,,,,
164,Jamaica,46.3,,,,,
165,Indonesia,19.27,,,,,
166,Indonesia,21.92,,,,,
167,Honduras,75.96,,,,,
168,Bermuda,91.23,,,,,
169,Maldives,80.88,,,,,
170,Maldives,70.65,,,,,
171,Indonesia,77.96,,,,,
172,Fiji,65.08,,,,,
173,Indonesia,71.97,,,,,
174,Jamaica,12.67,,,,,
175,Bermuda,41.76,,,,,
176,Indonesia,29.19,,,,,
177,Indonesia,52.95,,,,,
178,Bermuda,35.46,,,,,
179,Jamaica,48.3,,,,,
180,Bermuda,57.64,,,,,
181,Bermuda,38.42,,,,,
182,Bermuda,39.45,,,,,
183,Jamaica,28.2,,,,,
184,Honduras,43.15,,,,,
185,Bermuda,33.26,,,,,
186,Jamaica,91.42,,,,,
187,Honduras,66.13,,,,,
188,Maldives,19.35,,,,,
189,Indonesia,80.25,,,,,
190,Maldives,92.03,,,,,
