Code,Wreck  name,Depth,Type
,,(metres),
A,Albatross,16,Cargo ship
B,Brinetane,34,Cargo ship
C,Claxon,24,Submarine
D,Dolphin,20,Cargo ship
E,Echo III,18,Cargo ship
Z,Zenobia 9,16,Yacht
F,Flower of the Ocean,22,Cargo ship
G,General Santano,22,Cargo ship
H,Hiaeen Maru,26,Cargo ship
I,Island Queen,28,Cargo ship
J,Jupiter 3,40,Cargo ship
K,King of Aquataine,30,Trawler
L,Limassol Rose,28,Cargo ship
M,Manchu Maru,16,Cargo ship
N,North Star,14,Cargo ship
O,Opel,26,Aircraft
P,Pride of Glasgow,24,Cargo ship
Q,Queen Anne,20,Cargo ship
T,Tempurra,20,Cargo ship
Y,Yolande,16,Cargo ship
X,Z3 FB,14,Aircraft
