Make,Model,Size,Price ,Skill level,Wind condition,Use,Number,Stock item
Flysurfer,Speed 2,12,1179,Intermediate,Medium ,Land Board,1,-1
Flexifoil,Ion III,16.5,1138.95,Intermediate,Low ,Kite Surf,1,-1
Flysurfer,Speed 2,8,979,Intermediate,High ,Land Board,1,-1
Flexifoil,Ion III,14.5,1058.95,Intermediate,Low ,Kite Surf,0,0
Ozone,Instinct Edge,11,927,Experienced,Medium ,Kite Surf,2,-1
Peter Lynn,Synergy,15,914,Intermediate,Low ,Land Board,3,-1
Airush,Flow,15,898.95,Beginner,Low ,Kite Surf,0,-1
Airush,Flow,10,818.95,Beginner,Medium ,Kite Surf,0,0
Ozone,Instinct Sport,15,999,Intermediate,Low ,Kite Surf,0,0
Ozone,Frenzy FX,13,754.95,Experienced,Low ,Snowkite,1,-1
Ozone,Manta II,10,749.95,Intermediate,Medium ,Land Board / Snowkite,2,-1
Peter Lynn,Synergy,8,724,Intermediate,High ,Land Board,3,-1
Ozone,Yakuza,14,719.95,Experienced,Low ,Buggy Racing,3,-1
Ozone,Frenzy FX,11,718.95,Experienced,Medium ,Snowkite,3,-1
Flexifoil,Ion III,12.5,988.95,Intermediate,Medium ,Kite Surf,0,0
Flysurfer,Pulse 2,6,699.99,Intermediate,High ,Land Board,1,-1
Flexifoil,Rage,6,330,Beginner,Low ,Buggy / Land Board,3,-1
Airush,Vapour II,14,968.95,Intermediate,Low ,Kite Surf,0,0
Ozone,Frenzy FX,7,635.95,Experienced,High ,Snowkite,3,-1
Flexifoil,Rage,4.7,280,Beginner,Medium ,Buggy / Land Board,2,-1
Flexifoil,Ion III,10,928.95,Intermediate,Medium ,Kite Surf,0,0
Ozone,Access XC,10,520.95,Intermediate,Low ,Buggy / Land Board / Snowkite,3,-1
Ozone,Access XC,8,498.95,Intermediate,Medium ,Buggy / Land Board / Snowkite,3,-1
Ozone,Yakuza,6,495,Experienced,Medium ,Buggy Racing,3,-1
Flexifoil,Blade IV,8.5,489,Experienced,Low ,Freestyle Buggy / Land Board,3,-1
Flexifoil,Rage,3.5,230,Beginner,Medium ,Buggy / Land Board,3,-1
Ozone,Access XC,6,455.95,Intermediate,Medium ,Buggy / Land Board / Snowkite,3,-1
Ozone,Yakuza,5,424.95,Experienced,Medium ,Buggy Racing,2,-1
Ozone,Access XC,4,412.95,Intermediate,High ,Buggy / Land Board / Snowkite,3,-1
Ozone,Haka,9,409.95,Experienced,Low ,Freestyle Buggy,2,-1
Flexifoil,Blade IV,6.5,409,Experienced,Low ,Freestyle Buggy / Land Board,1,-1
Flexifoil,Blurr,7,399,Intermediate,Low ,Buggy,3,-1
Ozone,Haka,7,366.95,Experienced,Low ,Freestyle Buggy,2,-1
Ozone,Yakuza,4,359.95,Experienced,High ,Buggy Racing,2,-1
Flexifoil,Blade IV,4.9,359,Experienced,Medium ,Freestyle Buggy / Land Board,2,-1
Flexifoil,Blurr,5,349,Intermediate,Medium ,Buggy,3,-1
Flexifoil,Rage,2.5,180,Beginner,High ,Buggy / Land Board,1,-1
Ozone,Haka,5,313.95,Experienced,Medium ,Freestyle Buggy,3,-1
Flexifoil,Rage,1.8,150,Beginner,High ,Buggy / Land Board,2,-1
Flexifoil,Blade IV,4,309,Experienced,Medium ,Freestyle Buggy / Land Board,3,-1
Ozone,Yakuza,3.4,299.95,Experienced,High ,Buggy Racing,3,-1
Flexifoil,Blurr,3.5,299,Intermediate,Medium ,Buggy,1,-1
Ozone,Cult,5.5,289.95,Intermediate,Low ,Buggy / Land Board,2,-1
Ozone,Yakuza,2.7,273.95,Experienced,High ,Buggy Racing,2,-1
Ozone,Haka,3,271.95,Experienced,High ,Freestyle Buggy,2,-1
Peter Lynn,Reactor,8.3,267.95,Intermediate,Low ,Buggy,2,-1
Flexifoil,Blurr,2.5,249,Intermediate,High ,Buggy,2,-1
Peter Lynn,Reactor,6.4,245.95,Intermediate,Low ,Buggy,2,-1
Ozone,Yakuza,2.2,234.95,Experienced,High ,Buggy Racing,1,-1
Ozone,Instinct Light,3,481,Beginner,High ,Kite Surf,1,-1
Ozone,Cult,6.5,309.95,Beginner,Low ,Buggy ,3,-1
Ozone,Cult,4.5,264.95,Beginner,Medium ,Buggy / Land Board,2,-1
Ozone,Cult,3.5,229.95,Beginner,Medium ,Land Board,1,-1
Peter Lynn,Hornet,5,194.95,Intermediate,Medium ,Buggy / Land Board,2,-1
Peter Lynn,Reactor,3.8,192.95,Intermediate,Medium ,Buggy,2,-1
Peter Lynn,Reactor,2.9,184.95,Intermediate,High ,Buggy,2,-1
Ozone,Cult,2.5,204.95,Beginner,High ,Buggy / Land Board,2,-1
Ozone,Cult,2,178.95,Beginner,High ,Buggy / Land Board,2,-1
Peter Lynn,Reactor,2.2,176.95,Intermediate,High ,Buggy,2,-1
Peter Lynn,Hornet,6,224.95,Beginner,Low ,Buggy / Land Board,0,-1
Peter Lynn,Hornet,4,157.95,Beginner,Medium ,Buggy / Land Board,2,-1
Peter Lynn,Hornet,3,142.95,Beginner,High ,Buggy / Land Board,0,-1
Peter Lynn,Hornet,2,114.95,Beginner,High ,Buggy / Land Board,2,-1
Flysurfer,Speed 2,19,1379,Intermediate,Low ,Land Board,0,0
Flysurfer,Psycho 4,15,1299,Intermediate,Low ,Land Board,0,0
Flysurfer,Speed 2,15,1279,Intermediate,Low ,Land Board,0,0
Flysurfer,Psycho 4,12,1199,Intermediate,Low ,Land Board,0,0
Flysurfer,Psycho 4,10,1099,Intermediate,Medium ,Land Board,0,0
Flysurfer,Speed 2,10,1079,Intermediate,Medium ,Land Board,0,0
Best,H.P Nemesis 13,14,1069,Experienced,Low ,Kite Surf,2,-1
Ozone,Instinct Sport,13,907,Intermediate,Low ,Kite Surf,0,0
Flysurfer,Pulse 2,12,999.99,Intermediate,Low ,Land Board,0,0
Flysurfer,Psycho 4,8,999,Intermediate,High ,Land Board,0,0
Slingshot,Rev ,15,899,Intermediate,Low ,Kite Surf,0,0
Slingshot,Fuel 12,17,899,Intermediate,Low ,Kite Surf,0,0
Ozone,Instinct Edge,13,977,Experienced,Low ,Kite Surf,0,0
Best,H.P Nemesis 11,10,929,Experienced,Medium ,Kite Surf,0,0
Best,Waroo 09,13,929,Intermediate,Low ,Kite Surf / Land Board,0,0
Slingshot,Turbo 2,17,899,Intermediate,Low ,Kite Surf,0,0
Airush,Vapour II,12,898.95,Intermediate,Medium ,Kite Surf,0,0
Flysurfer,Pulse 2,10,899.99,Intermediate,Medium ,Land Board,0,0
Flexifoil,Ion III,8.5,878.95,Intermediate,High ,Kite Surf,0,0
Slingshot,Rev ,13,869,Intermediate,Low ,Kite Surf,0,0
Airush,Flow,12,868.95,Intermediate,Low ,Kite Surf,0,0
Flexifoil,Atom 08,12,858.95,Intermediate,Low ,Kite Surf,0,0
Flysurfer,Psycho 4,6,889,Intermediate,High ,Land Board,0,0
Flysurfer,Speed 2,6,879,Intermediate,High ,Land Board,0,0
Best,H.P Nemesis 10,8,879,Experienced,Low ,Kite Surf,0,0
Ozone,Instinct Sport,11,857,Intermediate,Medium ,Kite Surf,0,0
Ozone,Instinct Edge,9,877,Experienced,Medium ,Kite Surf,0,0
Slingshot,Rev ,11,849,Intermediate,Medium ,Kite Surf,2,-1
Slingshot,Fuel 11,15,849,Intermediate,Low ,Kite Surf,0,0
Ozone,Manta II,15,863.95,Experienced,Low ,Land Board / Snowkite,0,0
Slingshot,Turbo 2,14,849,Intermediate,Low ,Kite Surf,0,0
Airush,Vapour II,10,848.95,Intermediate,Medium ,Kite Surf,0,0
Best,Waroo 09,11,849,Intermediate,Medium ,Kite Surf / Land Board,0,0
Flexifoil,Ion III,7,828.95,Intermediate,High ,Kite Surf,0,0
Airush,Vapour II,8.5,818.95,Intermediate,Medium ,Kite Surf,0,0
Ozone,Instinct Sport,9,808,Intermediate,Medium ,Kite Surf,0,0
Slingshot,Rev ,9,799,Intermediate,High ,Kite Surf,0,0
Peter Lynn,Synergy,12,840,Intermediate,Medium ,Land Board,0,0
Best,H.P Nemesis 09,6,829,Experienced,Low ,Kite Surf,0,0
Slingshot,Fuel 10,13,799,Intermediate,Medium ,Kite Surf,0,0
Ozone,Instinct Edge,7,827,Experienced,High ,Kite Surf,0,0
Slingshot,Turbo 2,11,799,Intermediate,Medium ,Kite Surf,0,0
Peter Lynn,Vortex,17,798.99,Intermediate,Low ,Kite Surf,0,0
Flysurfer,Pulse 2,8,799.99,Intermediate,Medium ,Land Board,0,0
Ozone,Manta II,12,799.95,Experienced,Medium ,Land Board / Snowkite,0,0
Slingshot,Turbo 2,9,779,Intermediate,Medium ,Kite Surf,1,-1
Flexifoil,Atom 08,9,778.95,Intermediate,Low ,Kite Surf,0,0
Slingshot,Fuel 09,11,769,Intermediate,Medium ,Kite Surf,0,0
Airush,Vapour II,5,768.95,Intermediate,High ,Kite Surf,0,0
Peter Lynn,Synergy,10,780,Intermediate,Medium ,Land Board,0,0
Best,Waroo 09,9,779,Intermediate,Medium ,Kite Surf / Land Board,0,0
Slingshot,Rev ,7,759,Intermediate,High ,Kite Surf,0,0
Ozone,Instinct Sport,7,757,Intermediate,High ,Kite Surf,0,0
Slingshot,Fuel 08,9,749,Intermediate,High ,Kite Surf,0,0
Slingshot,Turbo 2,7,749,Intermediate,High ,Kite Surf,0,0
Airush,Flow,7,748.95,Intermediate,High ,Kite Surf,0,0
Peter Lynn,Vortex,14,733.99,Intermediate,Low ,Kite Surf,0,0
Flexifoil,Atom 08,7,728.95,Intermediate,Medium ,Kite Surf,0,0
Airush,Vapour II,7,718.95,Intermediate,High ,Kite Surf,0,0
Slingshot,Fuel 07,7,699,Intermediate,High ,Kite Surf,0,0
Slingshot,Turbo 2,5,699,Intermediate,High ,Kite Surf,0,0
Best,Waroo 09,7,699,Intermediate,High ,Kite Surf / Land Board,0,0
Peter Lynn,Vortex,12,683.99,Intermediate,Medium ,Kite Surf,0,0
Flexifoil,Atom 08,5,658.95,Intermediate,High ,Kite Surf,0,0
Ozone,Manta II,8,697.95,Intermediate,High ,Land Board / Snowkite,0,0
Ozone,Frenzy FX,9,684.95,Experienced,Medium ,Snowkite,0,0
Ozone,Instinct Light,9,651,Intermediate,Medium ,Kite Surf,2,-1
Ozone,Yakuza,12,675,Experienced,Low ,Buggy Racing,0,0
Peter Lynn,Vortex,10,596.99,Intermediate,Medium ,Kite Surf,0,0
Ozone,Yakuza,10,639.95,Experienced,Low ,Buggy Racing,0,0
Best,Waroo 09,5,629,Intermediate,High ,Kite Surf / Land Board,0,0
Ozone,Yakuza,8.6,599.95,Experienced,Medium ,Buggy Racing,0,0
Flexifoil,Atom 08,3,588.95,Intermediate,High ,Kite Surf,0,0
Peter Lynn,Vortex,8,561.99,Intermediate,High ,Kite Surf,2,-1
Ozone,Instinct Light,5,561,Intermediate,High ,Kite Surf,2,-1
Ozone,Yakuza,7.3,539.95,Experienced,Medium ,Buggy Racing,0,0
Ozone,Instinct Light,12,695,Beginner,Low ,Kite Surf,0,0
Ozone,Instinct Light,7,611,Beginner,Medium ,Kite Surf,0,0
Peter Lynn,Hornet,8,224.95,Intermediate,Low ,Buggy / Land Board,0,0
Peter Lynn,Reactor,4.9,219.95,Intermediate,Medium ,Buggy,0,0
