Brick code,Brick name,Bricks in a pack,Face area of a brick (cm squared),Cost of a pack
C,Chiltern,390,139.75,420
H,Honey Buff,390,139.75,426
L,Longville,390,139.75,432
S,Sunset,390,139.75,448.8
W,Windsor,390,139.75,458.4
G,Saxon Gold,390,139.75,540
F,Sandfaced,390,139.75,406.8
R,Regency,390,139.75,414
V,Valley Stone,390,139.75,432
M,Milton Buff,390,139.75,420
X,Commons,390,139.75,354
G,Georgian,390,139.75,400.8
B,Brindle,390,139.75,495.6
E,Engineering B,390,156.95,542.2
Z,Engineering C,390,156.95,532.2
