Family_Name,First_Name,Trainee_No,Birth_Date,Gender,Trainee_Job,Training_Provider
Ali,Ioana,CA0027,24/04/2003,Female,IT Software Engineer,Cambridge Micro Digital
Bravo,Roxana,CA0002,05/03/2001,Female,Systems Programmer,Progress Digital Skills Training
Baillie,Marius,CA0003,06/08/2001,Male,IT Software Engineer,Edigital Training Services
Gladstone,Lorena,CA0004,08/03/2002,Female,Healthcare Support Worker,Opie College Training
Hinds,Aaron,CA0005,12/04/2003,Male,Database Administrator,Opie College Training
Jackson,Nikolai,CA0006,19/11/2003,Male,Recruitment Consultant,Kernow Skills Training
Gallagher,Birgitte,CA0007,12/09/2001,Female,Brick Mason,Opie College Training
Levine,Caleb,CA0008,21/11/2001,Male,Receptionist,Tech Training Solutions
Bala,Marius,CA0038,03/11/2003,Male,IT Solution Technician,Oakleaf Training Academy
Reynolds,Bryonie,CA0010,16/07/2002,Female,IT Technical Support Officer,Tawara Digital Academy
Robinson,Oscar,CA0011,14/12/2001,Male,Financial Support Advisor,Capital Vocational Academy
Turner,Leon,CA0012,07/01/2002,Male,Film and Video Editor,Digital Focus Training Ltd
Van Horne,Chloe,CA0013,04/07/2003,Female,Brick Mason,Building Trades Partnership Ltd
Bibi,Georgiana,CA0060,02/11/2003,Female,Game Tester,Cambridge Micro Digital
Aaden,Connor,CA0015,16/09/2002,Male,Commis Chef,Oakleaf Training Academy
Abbas,Christian,CA0016,13/11/2001,Male,Software Engineer,Digitalised Solutions Ltd
Anderson,Isaac,CA0017,15/08/2002,Male,Hairdresser,Aspire Hairdressing Academy
Kaufmann,Ingegerd,CA0018,11/09/2002,Female,Business Administrator,Training Plus Solutions
Abrahamson,Hayden,CA0019,16/05/2002,Male,Transport Clerk,Prospect College of FE
Abdillahi,Rahma,CA0020,30/04/2002,Female,Pharmacy Technician,Kernow Skills Training
Akhtar,Afreen,CA0021,14/12/2001,Male,Software Engineer,Digitalised Solutions Ltd
Akhtar,Abdul-Nasser,CA0022,28/09/2002,Male,Hairdresser,Aspire Hairdressing Academy
Akhtar,Hamza,CA0023,26/01/2003,Male,Healthcare Assistant,Urban Work Skills Ltd
Akhtar,Hiyam,CA0024,29/05/2001,Female,Front of House Manager,Westwood Learning Foundation
Akhtar,Jamaal,CA0025,19/09/2001,Male,Plumber,Prospect College of FE
Chong,Baek Hyeon,CA0026,17/01/2002,Male,Carpenter,Building Trades Partnership Ltd
Cruickshank,Matthew,CA0392,15/06/2003,Male,Data Processing Assistant,Cambridge Micro Digital
Ali,Taavi,CA0028,04/04/2003,Male,Automotive Technician,Ultima Training Ltd
Ali,Nadir,CA0029,06/04/2002,Male,Beauty Therapist,Urban Work Skills Ltd
Ali,Daewon,CA0030,19/02/2002,Male,Sales Administrator,Oakleaf Training Academy
Ali,Layla,CA0031,11/01/2003,Female,Accounts Assistant,Kernow Skills Training
Amin,Musrat,CA0032,01/08/2002,Female,Graphic Designer,Tawara Digital Academy
Mustafa,Bushra,CA0033,01/11/2002,Female,Software Support and Database Analyst,Digital Focus Training Ltd
Murphy,Julie,CA0497,10/08/2003,Female,IT Business Support,Cambridge Micro Digital
Collins,Thomas,CA0035,03/04/2002,Male,Veterinary Assistant,Training Plus Solutions
Contreras,Sebastian,CA0036,17/03/2003,Male,Brick Mason,Building Trades Partnership Ltd
Bal,Dragos,CA0037,17/12/2002,Male,Software Engineer,Progress Digital Skills Training
Coleman,Ryan,CA0001,14/03/2003,Male,Multimedia Designer,Tawara Digital Academy
Singh,Dayita,CA0185,19/02/2003,Female,Applications Programmer,Digital Focus Training Ltd
Baloi,Giani,CA0040,17/09/2003,Male,Early Years Childcare Assistant,Training Plus Solutions
Banba,Marius,CA0041,05/02/2002,Male,Business and Finance Officer,PDJ Training
Banoo,Mira,CA0042,20/05/2002,Female,Legal Assistant,PDJ Training
Goossens,Benjamin,CA0043,15/05/2002,Male,Game Tester,Edigital Training Services
Barbu,Maria,CA0044,22/11/2002,Female,Applications Programmer,Digitalised Solutions Ltd
Zaman,Jasmin,CA0208,10/04/2003,Female,IT and Media Support,Training Plus Solutions
Tamboli,Rashpal,CA0046,26/05/2003,Male,Accounts Administrator,Urban Work Skills Ltd
Mishra,Sarbjit,CA0047,06/07/2003,Male,Automotive Technician,Motor Skills Training Group
Begum,Simerjeet,CA0048,14/05/2003,Female,Web Designer,Alliance Skills and Training
Leyshon,Mya,CA0230,02/08/2003,Female,Data Analyst,Prospect College of FE
Begum,Sachita,CA0050,11/09/2002,Female,Recruitment Consultant,Training Plus Solutions
Begum,Aakar,CA0051,28/08/2001,Male,Administrative Support Worker,Training Plus Solutions
Begum,Narsimha,CA0052,27/01/2001,Male,Insurance Advisor,Oakleaf Training Academy
Williams,Dexter,CA0336,03/12/2003,Male,IT Software Engineer,Digital Focus Training Ltd
Begum,Fatima,CA0054,06/02/2002,Female,Business Administrator,Ultima Training Ltd
Begum,Nazia,CA0055,15/08/2003,Female,Hospitality Assistant,Alpha Work Skills Limited
Cole,Abigail,CA0467,01/01/2003,Female,Game Tester,Digital Focus Training Ltd
Bi,Naresh,CA0057,27/05/2001,Female,Systems Programmer,Elite Digital Training
Bi,Nicola,CA0058,30/01/2001,Female,Hairdresser,Aspire Hairdressing Academy
Bi,Vijay,CA0059,29/11/2001,Male,Business Administrator,Training Plus Solutions
Balint,Charlotte,CA0039,08/12/2003,Female,Hardware Technician,Digitalised Solutions Ltd
Bolboaca,Florin,CA0061,30/09/2002,Male,Multimedia Designer,Digital Focus Training Ltd
Botezat,Nussrat,CA0062,08/08/2002,Male,Graphic Designer,Tawara Digital Academy
Bozgan,Fatima,CA0063,24/07/2001,Female,Digital Applications Technician,Progress Digital Skills Training
Butaru,Kamaljeet,CA0064,07/09/2002,Male,Mechanical Engineer,Motor Skills Training Group
Odermatt,Wolfgang,CA0065,11/09/2002,Male,Animal Husbandry and Care Assistant,Opie College Training
Calapod,Arnaud,CA0066,22/11/2003,Male,Carpenter,Tech Training Solutions
Langhani,Noshaiba,CA0067,10/02/2002,Female,Business Administrator,Opie College Training
Caldararu,Shagufta,CA0068,03/03/2001,Female,Hardware Technician,Elite Digital Training
Carmen,Henry,CA0069,14/11/2003,Male,Electrician,Building Trades Partnership Ltd
Catutoiu,Jarule,CA0070,17/02/2002,Male,Motor Vehicle Technician,Motor Skills Training Group
Chand,Liam,CA0071,04/11/2003,Male,Marketing and Sales Assistant,Prospect College of FE
Chauhan,Gabrielle,CA0072,28/03/2001,Female,Hairdresser,Aspire Hairdressing Academy
Chiva,Chantelle,CA0073,09/04/2002,Female,Business Administrator,Training Plus Solutions
Stewart,Callum,CA0074,03/05/2002,Male,Animal Husbandry and Care Assistant,Urban Work Skills Ltd
Ciobanu,Ross,CA0075,23/03/2001,Male,Web Developer,Progress Digital Skills Training
Ciuca,Niall,CA0076,19/05/2002,Male,Mechanical Engineer,Motor Skills Training Group
Tucker,Brian,CA0077,16/01/2003,Male,Hospitality Assistant,Training Plus Solutions
Timberlake,Susan,CA0078,21/06/2001,Female,Website Support Technician,Cambridge Micro Digital
Washington,Kieran James,CA0079,18/06/2001,Male,Database Administrator,Alliance Skills and Training
Constantine,Austin,CA0080,09/08/2003,Male,Marketing and Sales Assistant,Tech Training Solutions
Blumenthal,Samuel,CA0081,20/06/2003,Male,Transport Clerk,Training Plus Solutions
Brandenberger,Jack,CA0082,22/10/2001,Male,Electrician,Prospect College of FE
Cretu,Bediniska,CA0083,14/06/2003,Female,Chef,Opie College Training
Devi,Ewelina Zofia,CA0084,27/07/2002,Female,Warehouse Assistant,Tech Training Solutions
Castellanos,Valentina,CA0085,21/01/2002,Female,Website Content Administrator,Progress Digital Skills Training
Dinu,Ottilia,CA0086,02/09/2001,Female,Software Engineer,Tawara Digital Academy
Rodriguez,Maria,CA0087,19/09/2002,Female,Web Designer,Westwood Learning Foundation
Dragomir,Georgia,CA0088,03/05/2001,Female,Equine Care Worker,Urban Work Skills Ltd
Gupta,Sukhpreet,CA0049,10/03/2003,Female,ICT Support Technician,Digitalised Solutions Ltd
Spencer,Katie,CA0090,15/03/2001,Female,Vocational Nurse,Ultima Training Ltd
Farah,Kimberley,CA0091,17/07/2002,Female,Motor Vehicle Technician,Motor Skills Training Group
Nuttall,Terri-Ann,CA0092,11/09/2002,Female,Automotive Technician,Oakleaf Training Academy
Begum,Salma,CA0053,28/10/2003,Female,Multimedia Designer,Digitalised Solutions Ltd
Bannister,Adele,CA0094,08/02/2003,Female,Hairdresser,Aspire Hairdressing Academy
McCarthy,Amelia,CA0095,11/10/2002,Female,Receptionist,Aspire Hairdressing Academy
Hanks,Gerald,CA0195,12/05/2003,Male,Digital Applications Technician,Digitalised Solutions Ltd
Gill,Lauren,CA0097,06/01/2003,Female,Adult Care Worker,Urban Work Skills Ltd
Mullner,Alina,CA0098,28/07/2002,Female,Hairdresser,Aspire Hairdressing Academy
Menendez,Jessica,CA0099,30/06/2001,Female,IT Software Engineer,Digitalised Solutions Ltd
Hassan,Jacob,CA0100,10/10/2002,Male,ICT Support Technician,Digital Focus Training Ltd
Murdoch,Nathan,CA0222,26/07/2003,Male,IT Business Support,Ultima Training Ltd
Idris,Jason,CA0102,01/07/2001,Male,Hairdresser,Aspire Hairdressing Academy
Robinson,Andrew,CA0103,06/08/2001,Male,Customer Service Administrator,Training Plus Solutions
Dupont,Clementine,CA0104,14/07/2002,Female,Office Administrator,Training Plus Solutions
Murphy,Nicholas,CA0105,14/02/2003,Male,Front of House Manager,Prospect College of FE
Kaur,Gurman,CA0106,24/10/2003,Male,Accounts Administrator,Prospect College of FE
Kaur,Barminder,CA0107,12/11/2002,Female,Customer Service Administrator,Alpha Work Skills Limited
Marchant,Tarquin,CA0256,17/01/2003,Male,Software Developer,Digitalised Solutions Ltd
Ghannam,Zakaria,CA0109,19/03/2002,Female,Early Years Childcare Assistant,Westwood Learning Foundation
Kaur,Gretel,CA0110,28/08/2001,Female,Business and Finance Officer,Capital Vocational Academy
Singh,Tandeep,CA0111,06/04/2003,Male,Medical Care Administrator,Oakleaf Training Academy
Rossi,Marcello,CA0112,11/11/2003,Male,Nursing Assistant,Prospect College of FE
Singh,Parminder,CA0113,24/08/2001,Male,Game Developer,Digital Focus Training Ltd
Basara,Aisha,CA0114,06/03/2001,Female,Early Years Childcare Assistant,Alpha Work Skills Limited
Shammas,Zainab,CA0115,31/05/2001,Female,Human Resources Administrator,Ultima Training Ltd
Khoury,Zachary,CA0116,12/08/2001,Male,Pharmacy Counter Assistant,Oakleaf Training Academy
Wasem,Raashida,CA0117,10/01/2001,Female,Electrician,Ultima Training Ltd
Khan,Myra,CA0118,28/05/2002,Female,Educational Assistant,Alliance Skills and Training
Simoncelli,Donatella,CA0119,08/11/2003,Female,Hairdresser,Aspire Hairdressing Academy
Koa,Ivar,CA0120,23/08/2001,Male,Sales Administrator,Alpha Work Skills Limited
Kosar,Gisella,CA0121,28/05/2003,Female,Warehouse Assistant,Westwood Learning Foundation
Kousar,Rayan,CA0122,24/04/2003,Male,Digital Content Designer,Alpha Work Skills Limited
Kousar,Hamza,CA0123,26/11/2002,Male,Game Designer,Digital Focus Training Ltd
Kousar,Farzana,CA0124,07/06/2003,Female,ICT Support Technician,Prospect College of FE
Kousar,Alaya,CA0125,18/03/2001,Female,Automotive Technician,Motor Skills Training Group
Kumar,Malesh,CA0126,25/04/2002,Male,Electrical Engineer,Prospect College of FE
Kumar,Fatema,CA0127,05/10/2001,Female,Marketing and Sales Assistant,Optimega Business College
Becker,Stefan,CA0128,19/11/2001,Male,Web Designer,Digitalised Solutions Ltd
Lupu,Darius,CA0129,05/06/2002,Male,Dental Nurse,Training Plus Solutions
Wright,Marshall,CA0130,01/01/2001,Male,Digital Content Designer,Training Plus Solutions
Pascual,Keiman,CA0131,27/11/2003,Male,Website Content Administrator,Capital Vocational Academy
Mouledous,Tomas,CA0292,14/10/2003,Male,ICT Support Technician,Urban Work Skills Ltd
Manzoor,Pardaj,CA0133,22/02/2001,Male,Animator and Game Artist,Tawara Digital Academy
Kovacs,Andras,CA0134,04/09/2003,Male,Teaching and Learning Assistant,Tech Training Solutions
Guerrero,Dario,CA0135,04/08/2002,Male,Game Developer,Digitalised Solutions Ltd
Rasmussen,Lorens,CA0136,25/07/2001,Male,Game Designer,Progress Digital Skills Training
Matei,Dean,CA0137,29/06/2002,Male,Electrical Engineer,Westwood Learning Foundation
Dumont,Jade,CA0138,29/01/2001,Female,Warehouse Assistant,Optimega Business College
Meek,Sabrina,CA0139,14/07/2002,Female,Motor Vehicle Technician,Motor Skills Training Group
Lakatos,Szofia,CA0140,05/06/2001,Female,Cyber Security Technician,Digitalised Solutions Ltd
Micu,Luca,CA0141,19/04/2001,Male,Web Developer,Digital Focus Training Ltd
Micu,Elena,CA0142,09/04/2003,Female,Pharmacy Counter Assistant,Westwood Learning Foundation
Wiesinger,Harrison,CA0143,23/02/2002,Male,Beauty Therapist,Westwood Learning Foundation
Mann,Antony,CA0144,22/01/2003,Male,Dental Hygienist,Optimega Business College
Mohammad,Jabir,CA0145,04/09/2001,Female,Software Support and Database Analyst,Cambridge Micro Digital
Fakhoury,Parwez,CA0146,09/10/2003,Male,Electrician,Building Trades Partnership Ltd
Maxwell,Alicia,CA0147,12/05/2003,Female,Electrician,Tech Training Solutions
Mayer,Blake,CA0148,20/12/2001,Male,Office Administrator,PDJ Training
Newman,Alison,CA0149,17/12/2003,Female,Retail Assistant,PDJ Training
Stewart,Ruby,CA0150,28/05/2001,Female,Accounts Clerk,Ultima Training Ltd
Mortensen,Ellie,CA0151,13/10/2002,Female,Educational Assistant,Oakleaf Training Academy
Romano,Palmina,CA0152,09/06/2002,Female,Brick Mason,Kernow Skills Training
De Villiers,Margaret,CA0153,25/01/2002,Female,Software Engineer,Progress Digital Skills Training
Brandstatter,Terri_Ann,CA0154,05/07/2001,Female,Systems Designer,Elite Digital Training
Omar,Jeremiah,CA0155,25/07/2002,Male,Systems Programmer,Cambridge Micro Digital
Rutherford,Giovanni,CA0156,07/08/2003,Male,Adult Care Worker,Training Plus Solutions
Sutherland,Leanne,CA0157,20/10/2002,Female,Beauty Therapist,Prospect College of FE
Sutherland,Elias,CA0158,08/06/2001,Male,IT and Media Support,Progress Digital Skills Training
Perveen,Sophie,CA0159,08/02/2003,Female,Web Designer,Westwood Learning Foundation
Washington,Mateo,CA0160,20/04/2001,Male,Accounts Administrator,Prospect College of FE
Armstrong,Elijah,CA0161,18/02/2001,Male,Game Developer,Edigital Training Services
Fergusson,Jack,CA0162,23/02/2002,Male,Fork Lift Truck Engineer,Prospect College of FE
Pirvu,Ruth,CA0163,13/08/2002,Female,Dental Nurse,Prospect College of FE
Strickland,Dominic,CA0164,11/09/2003,Male,Brick Mason,Alliance Skills and Training
Willoughby,Annabelle,CA0165,16/11/2002,Female,Web Designer,Progress Digital Skills Training
Poole,Caitlin,CA0166,14/12/2003,Female,Motor Vehicle Technician,Alpha Work Skills Limited
Middleton,Leonardo,CA0167,15/06/2001,Male,Hairdresser,Aspire Hairdressing Academy
Matzinger,Polly,CA0168,14/03/2002,Female,Website Support Technician,Tawara Digital Academy
Cunningham,Theodore,CA0169,30/09/2001,Male,Game Designer,Digital Focus Training Ltd
Burnell,Lewis,CA0170,09/09/2001,Male,Digital Applications Technician,Edigital Training Services
Ramirez��,Marcos,CA0171,10/02/2003,Male,Beauty Therapist,Alpha Work Skills Limited
Hayes,Colin,CA0172,01/10/2001,Male,Animal Husbandry and Care Assistant,Capital Vocational Academy
Campanella,Max,CA0173,02/02/2003,Male,Medical Secretary,Opie College Training
Copeland,Luke,CA0174,29/05/2003,Male,Customer Service Administrator,Training Plus Solutions
Samuel,Katie,CA0175,01/06/2003,Female,Medical Secretary,Kernow Skills Training
Shafiq,Rahmiya,CA0176,15/08/2002,Female,Web Developer,Progress Digital Skills Training
Sharma,Kabir,CA0177,04/01/2001,Male,Childcare Nurse,Prospect College of FE
Sharma,Jesminder,CA0178,10/01/2002,Female,Property Administrator,Training Plus Solutions
Shazad,Faizan,CA0179,15/08/2002,Male,Educational Assistant,Kernow Skills Training
Koch,Heinrich,CA0438,13/07/2003,Male,IT Support Engineer,Digitalised Solutions Ltd
Rosewood,Stephen,CA0181,13/09/2002,Male,Digital Content Designer,Tech Training Solutions
Simta,Gabriel,CA0182,20/08/2002,Male,Equine Care Worker,Tech Training Solutions
Singh,Arjun,CA0183,19/12/2003,Male,Database Administrator,Tech Training Solutions
Singh,Kabir,CA0184,21/06/2003,Male,Nursing Assistant,Alpha Work Skills Limited
Gillespie,Paul,CA0493,29/09/2003,Male,Software Engineer,Digitalised Solutions Ltd
Singh,Jayna,CA0186,19/11/2001,Female,Hardware Technician,Elite Digital Training
Singh,Ramesh,CA0187,07/06/2003,Male,Educational Assistant,Alpha Work Skills Limited
Compton,Molly,CA0188,20/05/2002,Female,Software Engineer,Edigital Training Services
Donnavon,Nathan,CA0189,15/02/2002,Male,Electrical Engineer,Capital Vocational Academy
Howell,Arran,CA0190,03/02/2002,Male,Telesales Assistant,Westwood Learning Foundation
Sanchez,Louis,CA0191,13/01/2002,Male,Healthcare Support Worker,Ultima Training Ltd
Suleman,Kelsey,CA0192,13/02/2001,Female,Mechanical Engineer,Motor Skills Training Group
Suleman,Billy,CA0193,23/01/2001,Male,Web Developer,Progress Digital Skills Training
Munnelly,Bradley,CA0194,25/08/2001,Male,Property Administrator,Westwood Learning Foundation
Hoffmann,Alan,CA0089,12/07/2003,Male,Systems Engineer,Edigital Training Services
Williamson,Carly,CA0196,24/04/2002,Female,Beauty Therapist,Training Plus Solutions
Parsons,Daniel,CA0197,22/12/2001,Male,Legal Assistant,Training Plus Solutions
Reeves,Sian,CA0198,18/08/2001,Female,Digital Content Designer,Progress Digital Skills Training
Joyner,Benjamin,CA0132,27/12/2003,Male,Database Administrator,Edigital Training Services
Gilmour,Tanya,CA0200,08/04/2002,Female,Hospitality Manager,Alliance Skills and Training
Doyle,Daniel,CA0201,15/11/2002,Male,Receptionist,Urban Work Skills Ltd
Green,Reuben,CA0202,03/07/2001,Male,Human Resources Administrator,Ultima Training Ltd
Yassin,Owen,CA0203,15/03/2003,Male,Hairdresser,Aspire Hairdressing Academy
Zaher,Yousef,CA0204,17/08/2001,Male,Web Designer,Digital Focus Training Ltd
Hammond,Joe,CA0205,30/08/2001,Male,Childcare Assistant,Optimega Business College
Tomlinson,Lyla,CA0206,14/10/2002,Female,Vocational Nurse,Opie College Training
Rosenstein,Jack,CA0207,23/11/2003,Male,Equine Care Worker,Training Plus Solutions
Urbeliene,David,CA0199,18/11/2003,Male,Database Administrator,Alliance Skills and Training
Zamfir,Cristina,CA0209,05/01/2003,Female,IT Business Support,PDJ Training
Zamfir,Samuel,CA0210,31/08/2002,Male,Web Designer,Digital Focus Training Ltd
Meyer,Felicia,CA0211,15/01/2001,Female,Digital Content Designer,Digital Focus Training Ltd
Browning,Charles,CA0212,30/11/2002,Male,Nursery Nurse,Urban Work Skills Ltd
Bryning,Mohammad,CA0213,13/04/2001,Male,Medical Care Administrator,Optimega Business College
Castell,Marius,CA0214,19/05/2001,Male,Supply Chain Operator,Urban Work Skills Ltd
Francis,Neil,CA0215,22/03/2003,Male,Childcare Nurse,Opie College Training
Schneider,Otto,CA0216,30/06/2002,Male,Plumber,Prospect College of FE
Jones,Francesca,CA0217,22/02/2001,Female,Early Years Childcare Assistant,Capital Vocational Academy
Kotas,Antoni,CA0218,29/10/2003,Male,Motor Vehicle Technician,Motor Skills Training Group
Martin,Megan,CA0219,07/06/2001,Female,Vocational Nurse,Tech Training Solutions
Thompson,Cameron,CA0220,18/08/2002,Male,Dental Hygienist,Opie College Training
Taylor,Luke,CA0221,03/11/2003,Male,Dental Hygienist,Westwood Learning Foundation
Western,Shannon,CA0384,24/05/2003,Female,Graphic Designer,Edigital Training Services
Murphy,Thomas,CA0223,12/05/2003,Male,Mechanical Engineer,Opie College Training
Peretti,Shaun,CA0224,12/09/2001,Male,Fork Lift Truck Engineer,Westwood Learning Foundation
Meyer,Anastasia,CA0225,01/12/2002,Female,Travel Consultant,Training Plus Solutions
Parry,Maira,CA0226,23/10/2003,Female,Educational Assistant,PDJ Training
Pendleton,Kelly,CA0227,03/05/2001,Female,Educational Assistant,Alliance Skills and Training
Potter,Jasmine,CA0228,01/06/2001,Female,Mortgage Administrator,Optimega Business College
Tidmarsh,Leah,CA0229,29/04/2002,Female,Hairdresser,Aspire Hairdressing Academy
Foster,Jemma,CA0472,24/01/2003,Female,Systems Designer,Edigital Training Services
Vickers,Stephen,CA0231,24/10/2001,Male,Legal Assistant,Capital Vocational Academy
Weston,James,CA0232,22/06/2002,Male,Commis Chef,Urban Work Skills Ltd
Whitehead,Theo,CA0233,19/07/2002,Male,Website Content Administrator,Cambridge Micro Digital
Zellagui,Jack,CA0234,13/11/2002,Male,Customer Service Administrator,Capital Vocational Academy
Astel,Giovanna,CA0235,22/09/2003,Female,Learning Support Assistant,Capital Vocational Academy
Brown,Louis,CA0236,30/09/2003,Male,Carpenter,Building Trades Partnership Ltd
Byard,Rita,CA0237,12/09/2002,Female,Customer Service Administrator,Prospect College of FE
Clarke,Matthew,CA0238,12/06/2002,Male,Dental Receptionist,PDJ Training
Fantom,Holly,CA0239,01/09/2002,Female,IT Support Engineer,Elite Digital Training
Hutchinson,Joanne,CA0240,22/01/2002,Female,Legal Assistant,Optimega Business College
Navarro,Marcelo,CA0241,09/03/2003,Male,Automotive Technician,Motor Skills Training Group
Belinsky,Vladimir,CA0242,11/08/2001,Male,Business and Finance Officer,PDJ Training
Powers,Rachel,CA0243,25/09/2001,Female,Beauty Therapist,Prospect College of FE
Rice,Maverick,CA0244,20/12/2001,Male,Customer Care Agent,Oakleaf Training Academy
Smith,Kellie,CA0245,31/12/2002,Female,Systems Designer,Digital Focus Training Ltd
Woodall,Davina,CA0246,11/03/2002,Female,IT Solution Technician,Digitalised Solutions Ltd
Evans,Reece,CA0247,22/01/2002,Male,Social Care Support Worker,Urban Work Skills Ltd
Hughes,Caroline,CA0248,06/07/2001,Female,Brick Mason,Building Trades Partnership Ltd
Berger,Hans,CA0249,21/04/2001,Male,Healthcare Support Worker,Kernow Skills Training
Western,Samantha,CA0250,11/08/2003,Female,Accounts Assistant,Prospect College of FE
Wright,Rosie,CA0251,19/02/2002,Female,Transport Clerk,Ultima Training Ltd
Schwarz,Katharina,CA0252,25/07/2002,Female,Web Designer,Progress Digital Skills Training
Farrell,Christopher,CA0253,24/07/2003,Male,Electrician,Kernow Skills Training
Hunt,Nora,CA0254,14/12/2001,Female,Office Administrator,Tech Training Solutions
Lockhart,Lily,CA0255,01/11/2003,Female,Care Assistant,Alpha Work Skills Limited
Fossard,Megan,CA0492,26/08/2003,Female,Cyber Security Technician,Edigital Training Services
Priestley,Shannon,CA0257,06/08/2002,Female,Plumber,Building Trades Partnership Ltd
Tomlinson,Chloe,CA0258,17/04/2002,Female,Web Designer,Capital Vocational Academy
Meyer,Rhiannon,CA0259,18/02/2002,Female,Plumber,Building Trades Partnership Ltd
Ahmed,Remas,CA0260,12/12/2003,Male,Plumber,Building Trades Partnership Ltd
Colbert,Kimberly,CA0034,23/10/2003,Female,Applications Programmer,PDJ Training
Shidane,Chantelle,CA0262,28/10/2002,Female,Estate Agent,Prospect College of FE
Clough,Joanne,CA0263,31/01/2001,Female,Website Support Technician,Cambridge Micro Digital
Cookson,George,CA0264,03/03/2001,Male,Dental Receptionist,Oakleaf Training Academy
Dunne,Tom,CA0265,04/12/2002,Male,Medical Care Administrator,Oakleaf Training Academy
Howland,Jack,CA0266,03/07/2001,Male,Vehicle Parts Advisor,Opie College Training
Wheelwright,Jack,CA0267,05/08/2001,Male,Customer Service Advisor,Oakleaf Training Academy
Marshall,Ellis,CA0268,15/05/2001,Male,Customer Care Agent,Capital Vocational Academy
Begum,Rajinder,CA0045,27/12/2003,Male,Hardware Technician,Elite Digital Training
Purdy,Jocelyn,CA0270,05/04/2002,Female,Nursing Assistant,Alpha Work Skills Limited
Ricketts,Howard,CA0271,09/09/2001,Male,Social Care Support Worker,PDJ Training
Sheehan,Tyler,CA0272,10/09/2003,Male,Advanced Childcare Assistant,Kernow Skills Training
Wheeler,Olivia,CA0273,23/05/2002,Female,Electrician,Building Trades Partnership Ltd
Capewell,Theo,CA0274,06/12/2003,Male,Advanced Childcare Assistant,Urban Work Skills Ltd
Collins,Kai,CA0275,17/09/2002,Female,Medical Secretary,Ultima Training Ltd
Davies,Paul,CA0276,02/04/2003,Male,Motor Vehicle Technician,Prospect College of FE
Harris,Megan,CA0277,16/12/2003,Female,Mechanical Engineer,Motor Skills Training Group
Franklyn,Mercedes,CA0278,10/08/2002,Female,Chef,Tech Training Solutions
Motyckova,Gabriela,CA0279,03/05/2001,Female,Mortgage Administrator,Training Plus Solutions
Thomas,Olivia,CA0280,29/12/2003,Female,Hairdresser,Aspire Hairdressing Academy
Coulthard,Thibault,CA0281,31/01/2001,Male,Plumber,Building Trades Partnership Ltd
Banks,Hayden,CA0282,18/02/2003,Male,Nursery Nurse,Training Plus Solutions
Copeland,Ryan,CA0283,27/02/2002,Male,Accounts Assistant,Ultima Training Ltd
Bastin,Manjit,CA0284,03/11/2002,Female,Electrician,PDJ Training
Carey,Robert,CA0285,10/08/2001,Male,Website Content Administrator,Elite Digital Training
Carradice,Salma Noreen,CA0286,26/08/2001,Female,Plumber,Opie College Training
Clarkson,Jaydon Andrew,CA0287,18/02/2002,Male,Marketing and Sales Assistant,Ultima Training Ltd
Cowell,Wesley,CA0288,17/09/2001,Male,Commis Chef,Opie College Training
Dagless,Ben,CA0289,26/06/2003,Male,Hairdresser,Aspire Hairdressing Academy
Dixon,Daniel,CA0290,23/12/2002,Male,Motor Vehicle Technician,Motor Skills Training Group
Downing,Liam,CA0291,31/08/2001,Male,Recruitment Consultant,Alliance Skills and Training
Kaur,Gurpreet,CA0108,17/08/2003,Female,Network Administrator,Elite Digital Training
Gower,William,CA0293,13/01/2003,Male,Travel Consultant,Prospect College of FE
Hargreaves,Peter,CA0294,30/08/2001,Male,Hairdresser,Aspire Hairdressing Academy
Vanderplank,Ruben,CA0295,04/07/2001,Male,Data Processing Assistant,Progress Digital Skills Training
Petroff,Oleg,CA0296,11/04/2003,Male,Social Care Support Worker,Tech Training Solutions
Johnson,Charlotte,CA0297,02/06/2002,Female,Digital Marketer,Digital Focus Training Ltd
Franklyn,Melissa,CA0298,05/07/2002,Female,Childcare Nurse,Urban Work Skills Ltd
Rodriguez,Felita,CA0299,02/04/2001,Female,Social Care Support Worker,Opie College Training
Sorrentino,Francesco,CA0300,28/01/2003,Male,Website Content Administrator,Prospect College of FE
Smith,Tommy,CA0301,22/09/2001,Male,Fork Lift Truck Engineer,Alliance Skills and Training
Stennett,Lee,CA0302,02/04/2003,Male,Medical Care Administrator,Opie College Training
Windle,Seth,CA0303,10/12/2002,Male,Website Content Administrator,Opie College Training
Yoxall,Madeline,CA0304,13/01/2003,Female,Nursing Assistant,Alpha Work Skills Limited
Booth,William,CA0305,22/01/2001,Male,Healthcare Support Worker,Training Plus Solutions
Hamza,Nazam,CA0306,02/06/2002,Male,Game Developer,Progress Digital Skills Training
Hoher,Ben,CA0307,11/12/2002,Male,Personal Assistant,Capital Vocational Academy
Saito,Minato,CA0308,02/03/2002,Male,Social and Digital Media Assistant,Cambridge Micro Digital
Cook,Connor,CA0309,20/04/2002,Male,Network Systems Administrator,Tawara Digital Academy
Hayes,Alan,CA0310,30/09/2002,Male,Mechanical Engineer,Westwood Learning Foundation
Kavanagh,Charles,CA0311,17/04/2001,Male,Fork Lift Truck Engineer,Capital Vocational Academy
Nguyen,Isabella,CA0312,22/08/2001,Female,Software Engineer,Digitalised Solutions Ltd
Raynard,Leanne,CA0313,31/03/2002,Female,IT Technical Support Officer,Digitalised Solutions Ltd
Wood,Olivia,CA0314,03/04/2002,Female,IT Support and Networking,Digitalised Solutions Ltd
Diederich,Luca,CA0315,09/11/2002,Male,IT and Media Support,Progress Digital Skills Training
Cooper,Tyler,CA0316,08/03/2002,Male,Childcare Nurse,Tech Training Solutions
Dunbar,Honour,CA0317,23/03/2003,Female,Mechanical Engineer,Motor Skills Training Group
Ford,Ryan,CA0318,17/02/2001,Male,Website Content Administrator,Progress Digital Skills Training
Frost,Elizabeth,CA0319,11/09/2003,Female,Vehicle Parts Advisor,PDJ Training
Gorna,Annabel,CA0320,30/11/2002,Female,Data Analyst,Tawara Digital Academy
Green,Dylan,CA0321,29/06/2003,Male,Travel Consultant,Ultima Training Ltd
Johnson,Rhys,CA0322,12/10/2003,Male,Business Administrator,Prospect College of FE
Mayers,Alexander,CA0323,13/04/2001,Male,Care Assistant,Kernow Skills Training
Hawthorne,William,CA0324,02/05/2002,Male,Hairdresser,Aspire Hairdressing Academy
Campana,Ricardo,CA0325,17/05/2003,Male,Business and Finance Officer,Prospect College of FE
Baomer,Kayden,CA0261,28/10/2003,Male,IT Business Support,Elite Digital Training
Stephenson,Annelise,CA0327,12/05/2002,Female,ICT Support Technician,Progress Digital Skills Training
Plummer,Lauren,CA0328,16/09/2002,Female,Plumber,Building Trades Partnership Ltd
Purchall,Abigail,CA0329,08/01/2002,Female,Hairdresser,Aspire Hairdressing Academy
Shuttleworth,Olivia,CA0330,30/10/2001,Female,Network Administrator,Tawara Digital Academy
Sullivan,Courtney,CA0331,07/04/2003,Female,Business Administrator,Optimega Business College
Terranova,Josh,CA0332,10/06/2002,Male,Medical Secretary,Training Plus Solutions
Thomas,Logan,CA0333,26/09/2002,Male,Data Research Analyst,Edigital Training Services
Bishop,Beth,CA0334,01/01/2003,Female,Hairdresser,Aspire Hairdressing Academy
Vickers,Toby,CA0335,23/10/2001,Male,Hairdresser,Alliance Skills and Training
Borodushkina,Ludivine,CA0386,06/06/2003,Female,Digital Marketer,Elite Digital Training
Shelby,Vincent,CA0337,29/03/2001,Male,Hairdresser,Aspire Hairdressing Academy
Budnik,Marian-Roberto,CA0338,04/04/2003,Male,Electrical Engineer,Tech Training Solutions
Reichenberger,Finley,CA0339,19/11/2001,Male,Network Systems Administrator,Digitalised Solutions Ltd
Green,James,CA0340,10/05/2002,Male,Medical Care Administrator,Tech Training Solutions
Jackson,Ruby,CA0341,06/07/2002,Female,IT and Media Support,Elite Digital Training
Meakin,Paige,CA0342,14/11/2002,Female,Electrician,Building Trades Partnership Ltd
Robertshaw,Paige,CA0343,14/08/2002,Female,Systems Designer,Edigital Training Services
Scott,Robert,CA0344,22/11/2001,Male,Website Content Administrator,Oakleaf Training Academy
Henderson,Nathaniel,CA0345,28/07/2002,Male,Carpenter,Prospect College of FE
Boatman,Nathan,CA0346,05/02/2002,Male,Dental Hygienist,Alpha Work Skills Limited
Dabin,Michael,CA0347,20/09/2003,Male,Hairdresser,Aspire Hairdressing Academy
Kaplan,Carmela,CA0348,25/12/2001,Female,Game Tester,Progress Digital Skills Training
Agarwal,Sukhdeep,CA0349,05/11/2002,Male,Retail Assistant,Capital Vocational Academy
Rodrigues,Marta,CA0350,11/05/2003,Female,Vehicle Parts Advisor,Ultima Training Ltd
Reed,Spencer,CA0351,06/04/2003,Male,Customer Service Advisor,Training Plus Solutions
Rabbani,Shazia,CA0056,23/02/2003,Female,Web Designer,Alpha Work Skills Limited
Tiebas,Hollie,CA0353,30/03/2001,Female,Healthcare Assistant,PDJ Training
Woollard,Rory,CA0354,08/12/2003,Male,Hairdresser,Aspire Hairdressing Academy
Mohammed,Manpreet,CA0355,11/03/2001,Male,Commis Chef,Training Plus Solutions
Daley,Shaun,CA0356,14/01/2002,Male,Digital Applications Technician,Progress Digital Skills Training
Schmidt,Mary,CA0357,04/02/2001,Female,Data Analyst,Progress Digital Skills Training
Fletcher,Hannah,CA0358,08/02/2001,Female,Childcare Assistant,Training Plus Solutions
Shehab,Sebastien,CA0180,11/06/2003,Male,Software Engineer,Progress Digital Skills Training
Dugdale,Demi,CA0360,27/09/2001,Female,Digital Content Designer,Opie College Training
Highton,Christopher,CA0361,06/10/2003,Male,Business Administrator,Urban Work Skills Ltd
Lafferty,Aaden,CA0362,13/06/2001,Male,Hairdresser,Aspire Hairdressing Academy
Lachman,Justin,CA0363,04/05/2003,Male,Accounts Assistant,Ultima Training Ltd
Josephson,Aaron,CA0364,25/12/2003,Male,Travel Consultant,Optimega Business College
Silva,Carolina,CA0365,22/03/2002,Female,Carpenter,Urban Work Skills Ltd
McDonald,Anna,CA0366,04/09/2001,Female,Web Developer,Tawara Digital Academy
Clayton,Alexis,CA0367,08/10/2002,Female,Receptionist,Aspire Hairdressing Academy
Powell,Claire,CA0368,06/12/2003,Female,Electrical Engineer,Tech Training Solutions
Rooney,George,CA0369,12/12/2003,Male,Motor Vehicle Technician,Motor Skills Training Group
Sweeney,Adam,CA0370,08/02/2001,Male,Adult Care Worker,Kernow Skills Training
Szeto,Feng,CA0371,28/01/2002,Female,Electrician,Kernow Skills Training
Taylor,Matthew,CA0372,10/06/2001,Male,Web Developer,Digitalised Solutions Ltd
Whittle,Bailey,CA0373,10/12/2002,Male,Beauty Therapist,PDJ Training
Barras,Amarjeet,CA0374,05/12/2003,Male,Front of House Manager,Oakleaf Training Academy
Buck,Jayden,CA0375,10/04/2001,Male,IT Business Support,Digitalised Solutions Ltd
Holmes,Faye,CA0376,18/08/2001,Female,Plumber,Building Trades Partnership Ltd
Samuelson,Madison,CA0377,09/09/2001,Female,Database Administrator,Alpha Work Skills Limited
Loveridge,Thomas,CA0378,01/09/2003,Male,ICT Support Technician,Kernow Skills Training
Montebello,Joshua,CA0379,12/02/2001,Male,Digital Content Designer,Edigital Training Services
Paterson,Sophie,CA0380,24/07/2001,Female,Childcare Assistant,Prospect College of FE
Shanahan,Harry,CA0381,26/08/2001,Male,Automotive Technician,Motor Skills Training Group
Sharp,Riley,CA0382,05/04/2001,Male,Human Resources Administrator,Prospect College of FE
Tervit,Paul,CA0383,07/08/2003,Male,Motor Vehicle Technician,Motor Skills Training Group
Montgomery,Joseph,CA0326,08/05/2003,Male,Data Analyst,Progress Digital Skills Training
Amis,Noor,CA0385,01/01/2001,Female,Film and Video Editor,Tawara Digital Academy
Smith,Connor,CA0352,04/03/2003,Male,IT Software Engineer,Progress Digital Skills Training
Bradley,Paul,CA0387,27/06/2002,Male,Customer Care Agent,Urban Work Skills Ltd
Buchanan,Abigail,CA0388,13/12/2003,Female,Digital Content Designer,Prospect College of FE
Clark,Thomas,CA0389,29/07/2002,Male,Web Designer,Cambridge Micro Digital
Codling,Tessa,CA0390,27/06/2002,Female,Beauty Therapist In Massage,Ultima Training Ltd
Connell,Tyler,CA0391,12/11/2001,Male,Medical Care Administrator,Ultima Training Ltd
Aguilar,Nerida,CA0009,17/11/2003,Female,Multimedia Designer,Kernow Skills Training
Birtwhistle,Brandon,CA0393,30/11/2001,Male,Warehouse Assistant,Tech Training Solutions
Gardner,Shirley,CA0394,11/01/2001,Female,Plumber,PDJ Training
Anderson,Tammy,CA0395,26/04/2003,Female,Carpenter,Building Trades Partnership Ltd
Goulbourn,Luke,CA0396,02/12/2002,Male,Warehouse Assistant,Kernow Skills Training
Hadley,Ryan,CA0397,28/06/2003,Male,Motor Vehicle Technician,Motor Skills Training Group
Pelletier,Joshua,CA0398,04/11/2001,Male,Fork Lift Truck Engineer,Ultima Training Ltd
Hammond,Zachary,CA0399,02/05/2001,Male,Electrician,Building Trades Partnership Ltd
Bauer,Mia,CA0400,17/08/2003,Female,Hospitality Manager,Kernow Skills Training
Hewitt,Stephen,CA0401,25/06/2002,Male,Customer Care Agent,Alpha Work Skills Limited
Hughes,Patience,CA0402,22/02/2002,Female,Web Designer,Progress Digital Skills Training
Beranek,Kelly-Ann,CA0403,10/05/2003,Female,Accounts Administrator,Tech Training Solutions
Humberstone,Aurora,CA0404,17/06/2001,Female,Human Resources Administrator,Oakleaf Training Academy
Hunt,Carolina,CA0405,19/07/2002,Female,Insurance Advisor,Ultima Training Ltd
Huntly,Elodie,CA0406,13/05/2001,Female,Beauty Therapist,Alpha Work Skills Limited
Johnson,Connor,CA0407,06/09/2001,Male,Front of House Manager,Oakleaf Training Academy
Jones,Aimee,CA0408,12/10/2003,Female,Hairdresser,Optimega Business College
Jones,Tyrone,CA0409,23/10/2002,Male,Hairdresser,Aspire Hairdressing Academy
Jones,Vanessa,CA0410,02/10/2003,Female,Database Administrator,Optimega Business College
Lee,William,CA0411,09/11/2002,Male,Accounts Administrator,PDJ Training
Moore,Rhiannon,CA0412,18/06/2001,Female,Carpenter,Building Trades Partnership Ltd
Odermatt,Wolfgang,CA0413,23/05/2003,Male,Office Administrator,Training Plus Solutions
Murray,Jacqueline,CA0414,18/09/2002,Female,Electrical Engineer,Oakleaf Training Academy
Matthews,Samuel,CA0415,02/01/2003,Male,Hairdresser,Aspire Hairdressing Academy
Park,Stacey,CA0416,16/05/2002,Female,Pharmacy Technician,Alpha Work Skills Limited
Villeneuve,Johann,CA0417,22/06/2001,Male,Hairdresser,Aspire Hairdressing Academy
Blackburn,Aimee,CA0418,21/08/2002,Female,Personal Assistant,Alpha Work Skills Limited
Ravenscroft,Isaac,CA0419,23/10/2003,Male,Dental Receptionist,Urban Work Skills Ltd
Rimmer,Jimmy,CA0420,15/12/2001,Male,Software Support and Database Analyst,Digitalised Solutions Ltd
Roach,Natalie,CA0421,30/01/2003,Female,Veterinary Assistant,Kernow Skills Training
Roberts,Leyton,CA0422,07/06/2001,Male,Nursery Nurse,Ultima Training Ltd
Rodrigues,Pedro,CA0423,02/12/2003,Male,Beauty Therapist,Training Plus Solutions
Rushton,James,CA0424,29/09/2002,Male,Legal Assistant,Optimega Business College
Shone,Marcel,CA0425,18/01/2002,Male,Adult Care Worker,Kernow Skills Training
Skinner,Shannon,CA0426,31/07/2001,Female,Hairdresser,Aspire Hairdressing Academy
Schofield,Liam,CA0427,11/03/2002,Male,Sales Administrator,Training Plus Solutions
Casilla,Miguel,CA0428,13/08/2001,Male,Carpenter,Building Trades Partnership Ltd
Tomlinson,Jack,CA0429,07/10/2002,Male,Web Developer,Elite Digital Training
Loughty,Chantelle,CA0430,27/05/2002,Female,Motor Vehicle Technician,Prospect College of FE
Tuohey,Jake,CA0431,11/07/2002,Male,Dental Nurse,Oakleaf Training Academy
Kelly,Graham,CA0432,30/07/2001,Male,Teaching and Learning Assistant,Optimega Business College
Wells,Beth,CA0433,13/12/2003,Female,Vocational Nurse,Westwood Learning Foundation
Cooke,Sophie,CA0434,12/04/2001,Female,Learning Support Assistant,Oakleaf Training Academy
Winstanley,Bradley,CA0435,10/03/2001,Male,Chef,Urban Work Skills Ltd
Young,Geraldine,CA0436,13/05/2003,Female,Nursing Assistant,Tech Training Solutions
Carmichael,Nicolae,CA0437,21/10/2003,Male,Legal Assistant,Capital Vocational Academy
Williams,Iona,CA0014,01/12/2003,Female,Systems Programmer,Tawara Digital Academy
Michaelson,Penelope,CA0439,07/11/2001,Female,Graphic Designer,Edigital Training Services
Adderley,Maria Clara,CA0440,01/04/2002,Female,Automotive Technician,Motor Skills Training Group
Agrawal,Gurdeep,CA0441,05/05/2003,Female,Hairdresser,Aspire Hairdressing Academy
Boundy,Magnolia,CA0442,29/07/2002,Female,Motor Vehicle Technician,Opie College Training
Ostberg,Mathias,CA0443,23/11/2003,Male,Learning Support Assistant,Alliance Skills and Training
Clark,Kayleigh,CA0444,24/09/2002,Female,Database Administrator,Capital Vocational Academy
Donaldson,Ariadna,CA0445,24/05/2002,Female,Mortgage Administrator,Alliance Skills and Training
Fatima,Rachael,CA0093,21/06/2003,Female,Film and Video Editor,Opie College Training
Hargreaves,Oliver,CA0447,20/11/2001,Male,Website Content Administrator,Ultima Training Ltd
Kamara,Maaike,CA0448,04/02/2002,Female,Office Administrator,Oakleaf Training Academy
McCormick,Micky,CA0449,23/10/2002,Male,Database Administrator,Alpha Work Skills Limited
Mohamed,Daib,CA0450,07/05/2003,Male,Electrician,Building Trades Partnership Ltd
Partington,Ethan,CA0451,14/03/2001,Male,Pharmacy Counter Assistant,Kernow Skills Training
Speakman,Samuel,CA0452,02/09/2002,Male,Plumber,Building Trades Partnership Ltd
Stott,Kurtis,CA0453,09/05/2003,Male,Hairdresser,Aspire Hairdressing Academy
White,Sebastian,CA0454,08/12/2001,Male,Beauty Therapist In Massage,Opie College Training
Khoury,Waleed,CA0455,26/03/2002,Male,Insurance Advisor,Opie College Training
Mussani,Jay,CA0456,30/12/2003,Male,ICT Support Technician,Optimega Business College
Platt,Imogen,CA0457,11/04/2001,Female,Software Developer,Cambridge Micro Digital
Poyser,Courtney,CA0458,14/04/2001,Female,Digital Applications Technician,Progress Digital Skills Training
Butler,Bethan,CA0459,16/04/2002,Female,Property Administrator,Opie College Training
Clapp,Patrick,CA0460,04/11/2002,Male,Software Engineer,Cambridge Micro Digital
Adams,Sam,CA0461,27/10/2001,Male,Marketing and Sales Assistant,Training Plus Solutions
Ainscough,Noreen,CA0462,09/01/2001,Female,Systems Programmer,Progress Digital Skills Training
Ashton,Alexander,CA0463,07/11/2001,Male,Digital Content Designer,Cambridge Micro Digital
Barrett,Taylor,CA0464,10/09/2002,Male,IT Technical Support Officer,Edigital Training Services
Brady,Gabriela,CA0465,01/08/2001,Female,Medical Secretary,Prospect College of FE
Brophy,Tehmina,CA0466,06/06/2003,Female,Accounts Assistant,Training Plus Solutions
Davies,Jack,CA0468,22/07/2001,Male,Chef,Training Plus Solutions
Davies,Andrea,CA0469,15/03/2003,Male,ICT Support Technician,Opie College Training
Drake,Lucy,CA0470,03/09/2002,Female,Database Administrator,Digital Focus Training Ltd
Fawcett,Donna,CA0471,21/02/2002,Female,Nursery Nurse,PDJ Training
Hussain,Nikita,CA0101,25/12/2003,Female,Multimedia Designer,Tawara Digital Academy
Grant,Samantha,CA0473,31/10/2001,Female,Cyber Security Technician,Elite Digital Training
Guildford,Scott,CA0474,11/10/2001,Male,Network Systems Administrator,Digitalised Solutions Ltd
Hardman,Bobby,CA0475,01/02/2002,Male,Network Administrator,Tawara Digital Academy
Heaton,Tyler,CA0476,08/09/2002,Male,Social and Digital Media Assistant,Prospect College of FE
Heaton,Ryan,CA0477,30/06/2001,Male,Automotive Technician,Motor Skills Training Group
Heyes,Adam,CA0478,30/09/2003,Male,Estate Agent,PDJ Training
Hignett,Andrew,CA0479,27/10/2001,Male,Data Research Analyst,Edigital Training Services
Hind,Carl,CA0480,17/08/2003,Male,Office Administrator,Kernow Skills Training
Howard,Fernanda,CA0481,30/08/2003,Male,Telesales Assistant,Opie College Training
Mendoza,Berenice,CA0482,14/03/2003,Female,Social Care Support Worker,Alpha Work Skills Limited
Jacobson,Ryan,CA0483,04/11/2001,Male,Marketing and Sales Assistant,Tech Training Solutions
Jones,Judith,CA0484,07/06/2002,Female,Learning Support Assistant,Urban Work Skills Ltd
Kitchen,Scott,CA0485,31/12/2002,Male,Data Processing Assistant,Digitalised Solutions Ltd
Oluwusi,Kayode,CA0486,24/04/2002,Male,Website Content Administrator,Edigital Training Services
Langton,Sydney,CA0487,15/10/2002,Female,Business and Finance Officer,Westwood Learning Foundation
Leighton,Nicola,CA0488,25/08/2001,Female,Pharmacy Counter Assistant,Prospect College of FE
Lynch,George,CA0489,16/01/2001,Male,Human Resources Administrator,Ultima Training Ltd
Markham,Joel,CA0490,20/04/2002,Male,Web Designer,Prospect College of FE
McDonald,Jack,CA0491,09/03/2002,Male,Game Developer,Digitalised Solutions Ltd
Murphy,Martin,CA0269,23/06/2003,Male,Medical Secretary,Westwood Learning Foundation
Griffiths,Cameron,CA0359,30/08/2003,Male,ICT Support Technician,Tawara Digital Academy
Littlewood,Joshua,CA0494,12/08/2002,Male,Healthcare Support Worker,Alpha Work Skills Limited
Melton,Tyler,CA0495,06/09/2002,Male,School Administrative Assistant,Training Plus Solutions
Blanchard,Natasha,CA0496,07/07/2001,Female,Mechanical Engineer,Opie College Training
Dunn,Ryan,CA0446,31/12/2003,Male,IT Technical Support Officer,Tawara Digital Academy
Nielson,Daniel,CA0498,29/03/2001,Male,Mechanical Engineer,Motor Skills Training Group
Bishop,Molly,CA0499,18/02/2002,Female,Hospitality Manager,Westwood Learning Foundation
Huddleston,Serenity,CA0500,19/10/2001,Female,Equine Care Worker,Westwood Learning Foundation
