Property table,,,,,,,
Location,Seminyak,Ubud,Lovina,Nusa Lembongan,Nusa Dua,Denpasar,Pulukan
,Impiana Suite Villas,Taman Villas,Shri Ganesh Hotel,Sunset Garden,Mercurial,Rori Homestay,Guluh Pulukan
,Punrana Villas,Samara Villas,Sunrise Beach Resort,Sunset Villas,Sheratone,La Maison Francoise,Surf Beach
,Bije Boutique Resort,Adiwanna Arya Villa,,Sunset View,Hitlon,Haytt,Surf Retreat
,Sleepwell,Alaya Resort,,Sunset Vista,Rivierra Grande,Matahari Terbitt,Wave Lodge
,,Adiwanna Resort,,Ombak Bay,Inaya Putri,Ngurah Rai,
,,,,,Grand Bali,Yogasari,
