Code,Description,GHz,Contents,Location,Price,Reorder,Stock_item,Stock_level
N1337CX,Mini Wireless Colour CCTV Camera,2.4GHz wireless CMOS,Camera,Indoor,49.99,20,Yes,0
N1300GF,10m CCTV Camera Infrared Illuminator,IR LED,Illuminator,Outdoor,49.99,20,Yes,4
N1301GF,30m CCTV Camera Infrared Illuminator,IR LED,Illuminator,Outdoor,129.99,20,Yes,5
N1302GF,DIY AntiTheft pack Dummy CCTV pack,,Dummy kit,Outdoor,49.99,20,Yes,5
N1338CX,Discreet Wireless Colour CCTV Camera,2.4GHz wireless CMOS,Camera,Indoor,49.99,20,Yes,5
N1392GB,2.4GHz Wireless 10m Nightvision CCTV Camera with Audio,2.4GHz wireless CMOS,Camera,Indoor,69.99,20,Yes,5
N1305JJ,250GB H.264 Wireless Network DVR with DVDRW Backup  4 CCD Security Cameras,2.4GHz wireless CMOS,Recorder kit,Indoor,349.99,20,Yes,2
N1330KC,Smart Witness Wireless Indoor Camera,2.4GHz wireless CMOS,Camera,Indoor,79.99,0,No,0
N1332CX,Smart Witness Wireless Outdoor Camera,2.4GHz wireless CMOS,Camera,Outdoor,99.99,20,Yes,10
N1309JU,Swann 500GB 19 inch Wireless AllinOne CCTV pack with 4 x PRO555 Cameras,2.4GHz wireless CCD,Recorder kit,Outdoor,499.99,20,Yes,0
N1334KC,Smart Witness Wireless Outdoor Camera,2.4GHz wireless CMOS,Camera,Outdoor,99.99,20,Yes,0
N1304CX,Digital Wireless Camera with Receiver,2.4GHz wireless CMOS,Camera,Outdoor,100,20,Yes,3
N1312CX,Wireless Colour High Resolution CCTV pack,2.4GHz wireless CCD,Kit,Outdoor,79.99,20,Yes,1
N1385CX,PRO650 Pan Tilt Zoom Dome Camera,PTZ,Camera,Outdoor,200,20,Yes,1
N1340CX,PRO646 Pan and Tilt Dome Camera,,PTZ camera,Outdoor,179.99,20,Yes,2
N1315JZ,Wired Colour CCTV SD DVR Recording pack,Wired CMOS,Kit,Outdoor,99.99,20,Yes,10
N1330CX,Xvision Professional 600 TVL 70m IR Vandal Speed Dome 432x Zoom,PTZ,Camera,Outdoor,2999.99,0,No,0
N1329CX,Xvision 600 TVL 100x Zoom Vandal Speed Dome,PTZ,Camera,Outdoor,419.99,0,No,0
N1328KB,Xvision 600 TVL 27x Zoom Speed Dome,PTZ,Camera,Outdoor,359.99,0,No,0
N1394FQ,DIY SecurityCam CCTV Colour Video Camera with Tripod,Wired CMOS,Camera,Indoor,29.99,20,Yes,6
N1308CX,Miniature Covert Nightvision CCTV Camera with Audio,Wired CMOS,Camera,Indoor,19.99,20,Yes,7
N1330HG,320GB DVR4950  PNP1504  7 inch Wireless LCD  Monitoring & Recording LCD pack,2.4GHz wireless CMOS,Recorder kit,Indoor,399.99,20,Yes,1
N1395CX,Wired Outdoor CCTV Camera with Audio,Wired CMOS,Camera,Outdoor,24.99,20,Yes,8
N1331KC,Smart Witness Wireless Indoor CCTV pack for Windows PCs,2.4GHz wireless CMOS,Kit,Indoor,99.99,0,No,0
N1356GQ,Sentient Nightvision Colour Bullet Camera,Wired CMOS,Camera,Outdoor,49.99,20,Yes,9
N1333KC,Smart Witness Wireless Outdoor CCTV pack for Windows PCs,2.4GHz wireless CMOS,Kit,Outdoor,119.99,0,No,0
N1362JN,Addonics Pro HiRes Long Range VariFocal Bullet Camera with 40m Night Vision,Wired CCD,Camera,Outdoor,89.99,20,Yes,6
N1335KC,Smart Witness Dummy Camera,,Dummy,Outdoor,29.99,20,Yes,6
N1336CX,Smart Witness Digital Recording Wireless CCTV System,2.4GHz wireless CMOS,Kit,Outdoor,199.99,0,No,0
N1361JN,Addonics Pro HiRes Long Range VariFocal Dome Camera with 30m Night Vision,Wired CCD,Camera,Outdoor,70,20,Yes,7
N1360JN,Addonics Wide Angle CCTV Bullet Camera with 25m Night Vision,Wired CCD,Camera,Outdoor,49.99,20,Yes,8
N1359JN,Addonics Wide Angle Dome Camera with 20m Night Vision,Wired CCD,Camera,Outdoor,49.99,20,Yes,9
N1339JC,320GB IVS DVR pack Intelligent Wireless  Video Surveillance with Smart Phone Access,2.4GHz wireless CCD,Recorder kit,Outdoor,399.99,20,Yes,3
N1312JU,PRO680  Ultimate Optical Zoom Security Camera  35m Night Vision,Wired CCD,Camera,Outdoor,149.99,20,Yes,10
N1341KF,1TB 8 Channel H.264 Wireless Network DVR with 4x CCD Cameras and Smart Phone Access,2.4GHz wireless CCD,Recorder kit,Outdoor,399.99,20,Yes,5
N1344CX,1TB H.264 8 CH Wireless Network DVR with 4 x CCD Cameras and 19 inch Monitor,2.4GHz wireless CCD,Recorder kit,Outdoor,499.99,20,Yes,11
N1345KC,Xvision 10 Metre Infra Red LEDlamp,IR LED,Illuminator,Indoor,17.99,20,Yes,0
N1348KF,250GB H.264 Wireless Network CCTV DVR with 4 CCD Cameras and Smart Phone Access,2.4GHz wireless CCD,Recorder kit,Outdoor,249.99,20,Yes,7
N1349JQ,500GB 8CH Wireless Network Security System with Smartphone viewing and 4 x 480TVL Cameras,2.4GHz wireless CCD,Recorder kit,Outdoor,299.99,20,Yes,4
N1350CX,1TB 8CH Wireless Security Recording System with LCD Monitor Cameras & Smartphone View,2.4GHz wireless CCD,Recorder kit,Outdoor,699.99,20,Yes,3
N1351KG,1TB 8CH Wireless Network Security System with Smartphone viewing and 4 x 480TVL Cameras,2.4GHz wireless CCD,Recorder kit,Outdoor,499.99,20,Yes,3
N1311JU,PRO670  Professional All Purpose Security Camera  25m Night Vision,Wired CCD,Camera,Outdoor,129.99,20,Yes,11
N1310JU,PRO660 Super WideAngle Security Camera 540TVL,Wired CCD,Camera,Outdoor,119.99,20,Yes,12
N1355JC,500GB 4 Channel Wireless SECURIt H.264 Network DVR  4x CCD Cameras & smartphone App,2.4GHz wireless CCD,Recorder kit,Outdoor,349.99,20,Yes,2
N1356AR,Authentic External Dummy CCTV Camera,,Dummy,Outdoor,29.99,20,Yes,11
N1305JT,High Resolution Sonic Effio Outdoor Camera,Wired CCD,Camera,Outdoor,89.99,20,Yes,0
N1357JN,500GB  4CH CCTV Recorder with Smart Phone Access,,Recorder,,179.99,20,Yes,4
N1358CX,5.8GHz Wireless CCTV Camera and Receiver,5.8GHz wireless CCD,Kit,Outdoor,99.99,20,Yes,10
N1358JN,1TB 8CH CCTV Recorder with Smart Phone Access,,Recorder,,249.99,20,Yes,4
N1363JU,KGuard Outdoor CCD Night Vision Camera,Wired CCD,Camera,Outdoor,39.99,20,Yes,1
N1313JU,Day and Night 420TVL CCD Outdoor Camera,Wired CCD,Camera,Outdoor,39.99,20,Yes,2
N1393GC,Colour Mini Indoor CCD CCTV Dome Camera,Wired CCD,Camera,Indoor,49.99,20,Yes,0
N1321AZ,Waterproof Colour CCTV Camera pack,Wired CCD,Camera,Outdoor,49.99,20,Yes,3
N1302GN,Sentient Robust Colour CCTV Camera,Wired CCD,Camera,Outdoor,59.99,20,Yes,4
N1367HU,320GB H.264 Wireless Network CCTV DVR with 4 CCD Cameras and Smart Phone Access,2.4GHz wireless CCD,Recorder kit,Outdoor,349.99,20,Yes,6
N1370JX,500GB Pro Security Wireless System with Smartphone Controllable Dome Cameras,2.4GHz wireless CCD,Recorder kit,Outdoor,399.99,20,Yes,2
N1381JB,500GB H.264 Wireless Network CCTV DVR with 4 CCD Cameras and Smart Phone Access,2.4GHz wireless CCD,Recorder kit,Outdoor,399.99,20,Yes,0
N1355HL,40m High Resolution Night Vision Outdoor CCTV Camera,Wired CCD,Camera,Outdoor,89.99,20,Yes,5
N1386JU,500GB SECURIT 8CH Network DVR with 4 x 540TVL CCD Cameras  smartphone App,PTZ,Recorder kit,Outdoor,599.99,20,Yes,5
N1387JU,500GB SECURIT 4CH Network DVR with 4 x 540TVL CCD Cameras  smartphone App,PTZ,Recorder kit,Outdoor,449.99,20,Yes,5
N1354HL,Professional High Resolution 540TVL IR CCTV Camera,Wired CCD,Camera,Outdoor,119.99,20,Yes,6
N1323GZ,Professional High Resolution 540TVL IR CCTV Camera,Wired CCD,Camera,Outdoor,79.99,20,Yes,7
N1338HJ,High Resolution 540TVL IR CCTV Camera,Wired CCD,Camera,Indoor,59.99,20,Yes,8
N1323KF,Pro 530TVL Outdoor Day  Night CCTV Camera,Wired CCD,Camera,Outdoor,79.99,20,Yes,0
