Event_ID,Location,Country,Date,Swim(M),Bike(KM),Run(KM),Water_Temp,Air_Temp,Wetsuit,Race_Director,IOC_Code
AE320983,Khemed,United Arab Emirates,14/03/2020,750,20.6,5.1,22.7,19.4,0,Olivia Taylor,AUS
MX321085,Torrego,Mexico,11/04/2020,1500,40,10,26.8,27.8,0,Haruto Watanabe,JPN
JP321144,Hashiham,Japan,09/05/2020,1500,40.05,10,18.7,22.7,-1,Otto Schmidt,GER
CA321777,Montezuma,Canada,23/05/2020,1500,40,10,23.2,28.9,0,Vicki Buchanan,CAN
CA321782,Waipason,Canada,13/06/2020,750,21,5.1,23.3,28.3,0,Saeed Harib,UAE
GB321350,Hamsbridge,United Kingdom,11/07/2020,1500,38.6,10,18.3,17.4,-1,Miguel Lopez,MEX
DE321770,Brekenhammer,Germany,25/07/2020,750,21,5,20.9,21.3,0,Ava Tremblay,CAN
AU321965,Dukanda,Australia,15/08/2020,1500,38,10,22.2,27.9,0,Jacob Williams,GBR
