Cat_Code,Race_Category,Inter_Category,Age_Band,Gender
AGM-15,Youth,Youth,15 to 16,Male
AGF-15,Youth,Youth,15 to 16,Female
AGM-17,Junior,Junior,17 to 19,Male
AGF-17,Junior,Junior,17 to 19,Female
AGM-20,Senior,Senior-1,20 to 24,Male
AGF-20,Senior,Senior-1,20 to 24,Female
AGM-25,Senior,Senior-2,25 to 29,Male
AGF-25,Senior,Senior-2,25 to 29,Female
AGM-30,Senior,Senior-3,30 to 34,Male
AGF-30,Senior,Senior-3,30 to 34,Female
AGM-35,Senior,Senior-4,35 to 39,Male
AGF-35,Senior,Senior-4,35 to 39,Female
AGM-40,Veteran,Veteran-1,40 to 44,Male
AGF-40,Veteran,Veteran-1,40 to 44,Female
AGM-45,Veteran,Veteran-2,45 to 49,Male
AGF-45,Veteran,Veteran-2,45 to 49,Female
AGM-50,Super-Veteran,Veteran-3,50 to 54,Male
AGF-50,Super-Veteran,Veteran-3,50 to 54,Female
AGM-55,Super-Veteran,Veteran-4,55 to 59,Male
AGF-55,Super-Veteran,Veteran-4,55 to 59,Female
AGM-60,Grand-Veteran,Veteran-5,60 to 64,Male
AGF-60,Grand-Veteran,Veteran-5,60 to 64,Female
AGM-65,Grand-Veteran,Veteran-6,65 to 69,Male
AGF-65,Grand-Veteran,Veteran-6,65 to 69,Female
AGM-70,Grand-Veteran,Veteran-7,70 to 74,Male
AGF-70,Grand-Veteran,Veteran-7,70 to 74,Female
AGM-75,Grand-Veteran,Veteran-8,75 to 79,Male
AGF-75,Grand-Veteran,Veteran-8,75 to 79,Female
AGM-80,Grand-Veteran,Veteran-9,80 to 84,Male
AGF-80,Grand-Veteran,Veteran-9,80 to 84,Female
AGM-85,Grand-Veteran,Veteran-10,85 to 89,Male
AGF-85,Grand-Veteran,Veteran-10,85 to 89,Female
AGM-EL,Elite-Pro,Elite,20 to 45,Male
AGF-EL,Elite-Pro,Elite,20 to 45,Female
