Full_Name,Gender,Country,Race_Category,Race_Number,Club,Discipline,Tech_Officer,Time_Incurred,Violation,Penalty,Duration
Fredrik Dudek,Male,Germany,Super Veteran,1053,Tri-Angels,Transition_2,Nathan Whitehead,11:02,Using communication device (mobile phone),Time penalty,2
Olaf Balcerzak,Male,Norway,Master,1116,Velocity Cyclops,Transition_2,Saeed Harib,10:52,Racing with an exposed torso,Time penalty,2
Emil Tomaszewski,Male,Italy,Master,1131,Rapido el Amigos,Transition_2,Otto Schmidt,11:37,Unclipped helmet whilst in contact with the cycle,Stop and go,1
Safiya Gamal,Female,South Africa,Elite,1240,Flying Runners,Running,Diego Garcia,10:44,Accompanied by non-competing team members,Time penalty,2
Kalina Ruitenberg,Female,France,Senior,1328,Pedal Blazers,Transition_2,Haruto Watanabe,11:13,Abusive language,Disqualification,0
Alina Mullner,Female,Austria,Veteran,1388,Tawara Falcons,Cycling,Otto Schmidt,10:56,Drafting,Time penalty,3
Haruka Okada,Female,Japan,Elite,1465,Spinal Tappers,Cycling,Saeed Harib,10:24,Breaking road traffic regulations,Disqualification,0
Yui Nakamura,Female,Japan,Grand Veteran,1475,Duo Busters,Transition_1,Miguel Lopez,11:04,Not wearing race numbers provided,Stop and go,1
Hamish Whitworth,Male,United Arab Emirates,Elite,1497,Synergy Racing,Transition_2,Miguel Lopez,10:36,Blocking ,Time penalty,3
Alexia Blanchard,Female,France,Senior,1509,Les Pumas,Transition_1,Diego Garcia,10:05,Cycling in the transition area,Time penalty,2
Alejandro Torres,Male,Spain,Super Veteran,1609,Coast Busters,Running,Georgia Henry,10:55,Use of distracting device (head phones),Stop and go,1
Stephen Fraser,Male,New Zealand,Master,1753,Cyclops Flyers,Running,Diego Garcia,11:02,Unsporting impedance,Disqualification,0
